question_id,categoria,pregunta,ground_truth,gold_source_document,gold_page_or_section,gold_supporting_excerpt,automatic_outcome,rank1_status,rank1_recall,rank2_status,rank2_recall,rank3_status,rank3_recall,rank4_status,rank4_recall,rank5_status,rank5_recall,manual_hit,manual_best_rank,manual_notes
sino_002,sino,¿Todo funcionario o funcionaria de la Dirección Nacional de CEN-CINAI puede detectar y referir un caso de malnutrición?,Sí,Procedimiento_Atencin_Interdisciplinaria_Malnutricin_Versin_02_2020.pdf,Página 7 de 140 (Sección 1.3 Responsables),"""Todo funcionario o funcionaria de la Dirección Nacional de CEN-CINAI puede realizar la detección de los casos con malnutrición y referirlo al equipo interdisciplinario de la Oficina Local respectiva.""",REVIEW,REVIEW,0.6,REVIEW,0.65,NO,0.65,NO,0.45,NO,0.4,,,
sino_007,sino,"¿Un resultado ""rojo"" en el EDIN II implica que el niño o niña debe ser referido de forma automática a la CCSS en todos los casos?",No,Procedimiento_Vigilancia_Crecimientoydesarrollo_intrayextramurosUIVCD.pdf; Procedimiento_Atencin_Interdisciplinaria_Malnutricin_Versin_02_2020.pdf,Procedimiento_Vigilancia_Crecimientoydesarrollo_intrayextramurosUIVCD.pdf: Página 28 de 45 (Tarea 2); Procedimiento_Atencin_Interdisciplinaria_Malnutricin_Versin_02_2020.pdf: Páginas 47 y 83 de 140,"""Cuando la niña o niño presenta resultados global rojo en EDIN II... debe ser referido al equipo interdisciplinario para su valoración y plan de atención interdisciplinaria.""",REVIEW,REVIEW,0.5556,NO,0.1111,NO,0.2778,NO,0.3889,REVIEW,0.6667,,,
sino_010,sino,¿La información confidencial de un niño o niña puede compartirse con terceros si el funcionario lo considera conveniente?,No,Procedimiento_Atencin_Interdisciplinaria_Malnutricin_Versin_02_2020.pdf,Página 6 de 140 (Sección 1.2 Alcance),"""...no se revelará, comentará ni divulgará a terceros la información confidencial y privada adquirida en el cumplimiento de funciones en la atención interdisciplinaria... Utilizar la información confidencial y privada adquirida, única y exclusivamente para los fines de cumplimiento de las actividades...""",MISS,NO,0.1,NO,0.2,NO,0.15,NO,0.2,NO,0.25,,,
sino_012,sino,"Si un punto marcado en la gráfica de crecimiento cae exactamente sobre una línea de desviación estándar, ¿se debe clasificar al niño en la categoría de mayor severidad?",Sí,Manual-operativo-Evaluacion-estado-nutricional-2019.pdf,"Página 14 de 48 (Sección H. Ploteo Gráfica talla para edad, punto 9)","""Interprete el resultado, y clasifique el estado nutricional del niño o niña según el área de la gráfica en la que se marcó el ploteo. Si el punto marcado cae exactamente en la línea de desviación estándar, se clasifica en la categoría más severa.""",REVIEW,NO,0.44,REVIEW,0.44,NO,0.32,REVIEW,0.36,NO,0.32,,,
sino_013,sino,"¿Es obligatorio el uso de la ""edad corregida"" para evaluar a niños prematuros hasta que alcancen los 3 años y 4 meses de edad cronológica?",No,Procedimiento_Vigilancia_Crecimientoydesarrollo_intrayextramurosUIVCD.pdf; Manual-operativo-Evaluacion-estado-nutricional-2019.pdf,Procedimiento_Vigilancia_Crecimientoydesarrollo_intrayextramurosUIVCD.pdf: Páginas 41 y 43 de 45; Manual-operativo-Evaluacion-estado-nutricional-2019.pdf: Página 9 de 48,"""Para la aplicación del EDIN II, se usa la edad corregida en las niñas y niños nacidos pretérmino... y que son menores de 2 años de edad cronológica."" / ""Perímetro cefálico para edad: menores de 1 año y 6 meses... Peso para edad: menores de 2 años... Talla para edad: menores de 3 años y 4 meses... Peso para talla: no requiere ningún ajuste en la edad...""",REVIEW,NO,0.5769,REVIEW,0.5769,REVIEW,0.4615,REVIEW,0.6538,NO,0.3077,,,
sino_018,sino,"¿Incluye el modelo SISVENDIS la ""divulgación de hallazgos"" como uno de los elementos fundamentales de su ciclo de operación?",Sí,SISVENDIS-2023.pdf,"Página 27 de 79 (Sección 1. Modelo Operativo, Elemento 9) y Página 46 de 79","""9. Comunicación y divulgación de informes: consiste en transmitir la información recolectada para decidir su uso de manera que los tomadores de decisión tengan acceso a los resultados clave..."" / ""...en concordancia con el modelo operativo del SISVENDIS que establece el elemento de comunicación y divulgación de hallazgos.""",REVIEW,REVIEW,0.6071,REVIEW,0.3571,REVIEW,0.3929,REVIEW,0.3929,REVIEW,0.3571,,,
sino_019,sino,¿La Unidad de Investigación y Vigilancia del Crecimiento y Desarrollo (UIVCD) recolecta los datos de vigilancia directamente de las boletas de papel a nivel nacional?,No,SISVENDIS-2023.pdf,Páginas 44 y 46 de 79 (Sección Procesamiento y Análisis de Datos / Figura 5),"""Cada año completa manualmente el Formulario datos de vigilancia... y lo envía a la Oficina Local. Oficina Local: Recopila y digita en la herramienta Excel los datos de cada formulario de cada CEN-CINAI a su cargo elabora el consolidado local y envía el consolidado al nivel regional.""",REVIEW,NO,0.3182,REVIEW,0.5,NO,0.2273,REVIEW,0.3636,NO,0.2727,,,
sino_026,sino,¿Es el ASSC 2 un ejecutor posible de la Norma de Selección?,Sí,Normas-sustantivas-CEN-CINAI-30-09-2021.pdf,Página 7 de 20 (Norma para Selección SC-N-01),"""Ejecución: ASSC2, ASSC3 , Profesional de establecimiento. Equipo Interdisciplinario, con el apoyo del Comité de CEN-CINAI.""",MISS,NO,0.7692,NO,0.6923,NO,0.6923,NO,0.6154,NO,0.4615,,,
sino_027,sino,¿La Jefatura de la Oficina Local es responsable de la supervisión de la norma PCD-VCD-N-01?,Sí,Normas-sustantivas-CEN-CINAI-30-09-2021.pdf,Página 19 de 20 (Norma PCD-VCD-N-01),"""Supervisión: Jefatura de Oficina Local""",MISS,NO,0.75,NO,0.75,NO,0.75,NO,0.5,NO,0.0,,,
sino_030,sino,¿El equipo de Área Técnica Regional tiene funciones de asesoría técnica para los establecimientos?,Sí,Procedimiento_Vigilancia_Crecimientoydesarrollo_intrayextramurosUIVCD.pdf; Normas-sustantivas-CEN-CINAI-30-09-2021.pdf; SISVENDIS-2023.pdf,Procedimiento_Vigilancia_Crecimientoydesarrollo_intrayextramurosUIVCD.pdf: Páginas 8 y 32-34 de 45; Normas-sustantivas-CEN-CINAI-30-09-2021.pdf: Páginas 7 y 19 de 20; SISVENDIS-2023.pdf: Página 37 de 79,"""Área Técnica supervisa y da asesoría técnica"" / ""Planifica, convoca, ejecuta y reporta acciones de asesoría técnica en la mejora de capacidades...""",REVIEW,REVIEW,0.4545,NO,0.2727,NO,0.2727,NO,0.2727,NO,0.3636,,,
sino_031,sino,¿Incluye el EDIN II láminas ilustradas como parte de sus materiales?,Sí,Manual-EDIN-II-final-2020.pdf,Página 1 de 331 (Ficha bibliográfica) y Páginas 5-6 de 331 (Lista de materiales),"""...92 p., 6 p. de láminas : il. col."" / ""Lámina con casa, niña, perro, gato y carro... Lámina con una persona nadando, una persona viendo tele...""",MISS,NO,0.2857,NO,0.1429,NO,0.0714,NO,0.2857,NO,0.2143,,,
sino_032,sino,"¿La modalidad de ""Comidas Servidas"" está incluida en la norma API-EC-N-01?",No,Normas-sustantivas-CEN-CINAI-30-09-2021.pdf,"Páginas 3, 13 y 15 de 20","""NUT-AC-N-01 Norma para Alimentación Complementaria... Comidas Servidas intramuros y extramuros"" / ""API-EC-N-01 Norma para Atención Integral de niñas y niños Intramuros... Atención y Protección Cotidiana""",REVIEW,REVIEW,0.75,REVIEW,0.75,NO,0.75,NO,0.375,NO,0.375,,,
sino_034,sino,¿Es obligatorio que el lugar de aplicación del EDIN II sea silencioso?,Sí,Manual-EDIN-II-final-2020.pdf,Página 2 de 331 (Condiciones para la aplicación de la prueba),"""Para la aplicación de la prueba es indispensable un lugar con las siguientes características: espacioso, tranquilo, sin distracciones, silencioso y con buena iluminación.""",REVIEW,REVIEW,0.75,NO,0.125,REVIEW,0.4375,NO,0.3125,NO,0.1875,,,
sino_037,sino,¿El Anexo 5 de calidad de la herramienta es para uso exclusivo del personal de cocina?,No,Procedimiento_Atencin_Interdisciplinaria_Malnutricin_Versin_02_2020.pdf,Página 90 de 140 (Anexo 5: Instrucciones),"""La Guía de revisión de calidad para la 'herramienta de seguimiento al niño o niña con malnutrición', es para uso del jefe de la Oficina Local y jefes de ATE...""",REVIEW,NO,0.2941,REVIEW,0.5882,REVIEW,0.4706,NO,0.3529,NO,0.5294,,,
sino_039,sino,¿Se deben registrar las alergias alimentarias en el expediente del niño?,Sí,SISVENDIS-2023.pdf,Página 18 de 79 y Página 33 de 79 (Tabla 3: Tamizajes incluidos en el SISVENDIS),"""Presencia de alergias alimentarias... Fuente de información: Expediente de la niña y niño, específicamente en el instrumento vigente que contiene la información general.""",MISS,NO,0.2143,NO,0.3571,NO,0.4286,NO,0.5,NO,0.3571,,,
sino_045,sino,"¿Se permite dejar espacios en blanco en la columna de ""Servicio asignado"" de la herramienta?",No,Procedimiento_Atencin_Interdisciplinaria_Malnutricin_Versin_02_2020.pdf,Página 94 de 140 (Anexo 5: Guía de revisión de calidad de la herramienta),"""Importante que no quede espacios en blanco sin asignación de servicio.""",REVIEW,REVIEW,0.375,REVIEW,0.375,NO,0.25,NO,0.25,NO,0.125,,,
sino_049,sino,¿El reporte al hogar (Anexo 4) debe llevar el sello del establecimiento?,Sí,Manual-operativo-Evaluacion-estado-nutricional-2019.pdf; Procedimiento_Atencin_Interdisciplinaria_Malnutricin_Versin_02_2020.pdf,Manual-operativo-Evaluacion-estado-nutricional-2019.pdf: Página 34 de 48 (Anexo 4); Procedimiento_Atencin_Interdisciplinaria_Malnutricin_Versin_02_2020.pdf: Página 81 de 140,"""Nombre del Funcionario: __________________________________ Sello establecimiento: _______________"" / ""Sello: Estampe el sello del establecimiento.""",REVIEW,NO,0.25,NO,0.125,NO,0.25,NO,0.25,REVIEW,0.625,,,
sino_054,sino,¿Se debe realizar el destete obligatorio antes de los 12 meses según las normas de salud?,No,SISVENDIS-2023.pdf; Procedimiento_Atencin_Interdisciplinaria_Malnutricin_Versin_02_2020.pdf,SISVENDIS-2023.pdf: Página 52 de 79; Procedimiento_Atencin_Interdisciplinaria_Malnutricin_Versin_02_2020.pdf: Páginas 114 y 116 de 140,"""...priorizando la lactancia materna exclusiva por los primeros seis meses, la continuidad de la lactancia materna hasta los 24 meses o más...""",REVIEW,NO,0.1667,REVIEW,0.5,NO,0.4167,REVIEW,0.5,NO,0.25,,,
sino_056,sino,¿La frecuencia de consumo de alimentos frescos se consulta solo al ingreso del niño?,No,Procedimiento_Vigilancia_Crecimientoydesarrollo_intrayextramurosUIVCD.pdf; SISVENDIS-2023.pdf,Procedimiento_Vigilancia_Crecimientoydesarrollo_intrayextramurosUIVCD.pdf: Página 27 de 45 (Tarea 12); SISVENDIS-2023.pdf: Páginas 35 y 36 de 79,"""En la entrevista inicial... y se repite al final del año o cuando la niña o niño egresa del servicio o se traslada de establecimiento."" / ""Frecuencia de aplicación: Inicio y final del primer año de recibir servicios de CEN-CINAI""",REVIEW,REVIEW,0.381,REVIEW,0.4762,NO,0.1905,NO,0.2857,NO,0.2381,,,
sino_060,sino,¿El EDIN II fue validado por la Escuela de Enfermería de la UCR?,Sí,Manual-EDIN-II-final-2020.pdf; Procedimiento_Atencin_Interdisciplinaria_Malnutricin_Versin_02_2020.pdf; Procedimiento_Vigilancia_Crecimientoydesarrollo_intrayextramurosUIVCD.pdf,Manual-EDIN-II-final-2020.pdf: Página 1 de 331; Procedimiento_Atencin_Interdisciplinaria_Malnutricin_Versin_02_2020.pdf: Página 16 de 140; Procedimiento_Vigilancia_Crecimientoydesarrollo_intrayextramurosUIVCD.pdf: Página 2 de 45,"""Prueba para la evaluación del Desarrollo Integral de la niña y el niño de 0 meses a los 6 años de edad (EDIN II). Escuela de Enfermería, Universidad de Costa Rica.""",REVIEW,REVIEW,0.7222,REVIEW,0.7222,NO,0.7222,REVIEW,0.6111,NO,0.7778,,,
sino_062,sino,¿Se puede usar el perímetro braquial en niños con parálisis cerebral?,Sí,SISVENDIS-2023.pdf; Procedimiento_Vigilancia_Crecimientoydesarrollo_intrayextramurosUIVCD.pdf,SISVENDIS-2023.pdf: Páginas 31 y 50 de 79; Procedimiento_Vigilancia_Crecimientoydesarrollo_intrayextramurosUIVCD.pdf: Páginas 13 y 45 de 45,"""En el manual abarca la evaluación nutricional para niñas y niños con Síndrome de Down, acondroplasia y parálisis cerebral infantil (PCI). Asimismo, las mediciones antropométricas alternativas incluidas en este manual son la altura rodilla, perímetro braquial y circunferencia cefálica.""",REVIEW,REVIEW,0.5517,NO,0.1034,NO,0.2759,NO,0.2069,NO,0.1724,,,
sino_063,sino,"¿La ""Tendencia"" se observa comparando el registro actual con evaluaciones anteriores?",Sí,Procedimiento_Vigilancia_Crecimientoydesarrollo_intrayextramurosUIVCD.pdf; Procedimiento_Atencin_Interdisciplinaria_Malnutricin_Versin_02_2020.pdf,Procedimiento_Vigilancia_Crecimientoydesarrollo_intrayextramurosUIVCD.pdf: Página 26 de 45 (Tarea 7); Procedimiento_Atencin_Interdisciplinaria_Malnutricin_Versin_02_2020.pdf: Páginas 25 y 91 de 140,"""Tendencia: una vez realizado el registro, se observa la condición de la niña o niño según el resultado obtenido y su evolución en evaluación subsecuentes.""",MISS,NO,0.4,NO,0.2,NO,0.1333,NO,0.2,NO,0.1333,,,
sino_067,sino,¿La norma NUT-EN-N-01 utiliza como base las Guías Alimentarias vigentes?,Sí,Normas-sustantivas-CEN-CINAI-30-09-2021.pdf,Páginas 7 y 14 de 20 (Norma NUT-EN-N-01),"""El propósito fundamental es educar en la promoción de hábitos alimentarios y estilos de vida saludables, basados en lineamientos científicos vigentes como por ejemplo las Guías Alimentarias...""",REVIEW,REVIEW,0.4737,NO,0.1579,NO,0.1579,REVIEW,0.5789,NO,0.1579,,,
sino_068,sino,¿El test de lenguaje se aplica de forma masiva a todos los niños de 0 a 6 años?,No,Procedimiento_Vigilancia_Crecimientoydesarrollo_intrayextramurosUIVCD.pdf; SISVENDIS-2023.pdf,Procedimiento_Vigilancia_Crecimientoydesarrollo_intrayextramurosUIVCD.pdf: Páginas 15 y 27 de 45; SISVENDIS-2023.pdf: Página 34 de 79,"""Test de Lenguaje a casos referidos con nivel de rezago en el área de lenguaje y problemas de comunicación.""",REVIEW,REVIEW,0.5,NO,0.1,NO,0.3,NO,0.2,REVIEW,0.4,,,
sino_069,sino,¿La visión institucional de CEN-CINAI incluye el enfoque de derechos de la niñez?,Sí,Normas-sustantivas-CEN-CINAI-30-09-2021.pdf; SISVENDIS-2023.pdf,"Normas-sustantivas-CEN-CINAI-30-09-2021.pdf: Páginas 4, 6 y 15 de 20; SISVENDIS-2023.pdf: Página 42 de 79","""...que aseguren la atención óptima del niño y la niña menor de 13 años y que impulsan el desarrollo de su potencial como sujeto integral de derechos. Los servicios antes mencionados se encuentran entrelazados, debido a que la visión de la Dirección Nacional de CEN-CINAI...""",REVIEW,REVIEW,0.4286,REVIEW,0.5357,REVIEW,0.4286,REVIEW,0.5357,REVIEW,0.4643,,,
sino_072,sino,¿La supervisión técnica se realiza siempre de personal de menor nivel a mayor nivel?,No,Normas-sustantivas-CEN-CINAI-30-09-2021.pdf; Procedimiento_Atencin_Interdisciplinaria_Malnutricin_Versin_02_2020.pdf,Normas-sustantivas-CEN-CINAI-30-09-2021.pdf: Páginas 7-19 de 20; Procedimiento_Atencin_Interdisciplinaria_Malnutricin_Versin_02_2020.pdf: Páginas 7 y 21 de 140,"""Supervisión: Jefatura de la Oficina Local / Director Regional... Acompañamiento técnico al equipo interdisciplinario del nivel local...""",MISS,NO,0.25,NO,0.75,NO,0.5833,NO,0.3333,NO,0.6667,,,
sino_073,sino,¿El modelo SISVENDIS integra la vigilancia de salud oral?,Sí,SISVENDIS-2023.pdf; Procedimiento_Vigilancia_Crecimientoydesarrollo_intrayextramurosUIVCD.pdf,"SISVENDIS-2023.pdf: Páginas 33 y 35 de 79; Procedimiento_Vigilancia_Crecimientoydesarrollo_intrayextramurosUIVCD.pdf: Páginas 16, 24 y 28 de 45","""...tamizajes de vigilancia vigentes... Salud oral / Tamizaje de Salud Oral... HOMA: higiene oral para el control anual de placa bacteriana""",REVIEW,NO,0.2308,REVIEW,0.3846,REVIEW,0.3846,REVIEW,0.3846,NO,0.3077,,,
sino_078,sino,¿El seguimiento nutricional en desnutrición severa debe ser mínimo 4 veces al año?,Sí,Procedimiento_Vigilancia_Crecimientoydesarrollo_intrayextramurosUIVCD.pdf,Página 15 de 45 (Tabla 2: Frecuencia de los tamizajes),"""Niña o niño con desnutrición, desnutrición severa, baja talla o baja talla severa, mínimo cuatro veces al año y cuando el equipo interdisciplinario lo determine.""",MISS,NO,0.4667,NO,0.3333,NO,0.4,NO,0.4667,NO,0.5333,,,
sino_080,sino,¿Es la Dirección de Gestión la encargada de la evaluación de efectos de los servicios?,No,SISVENDIS-2023.pdf; Procedimiento_Atencin_Interdisciplinaria_Malnutricin_Versin_02_2020.pdf,"SISVENDIS-2023.pdf: Páginas 11, 41 y 42 de 79; Procedimiento_Atencin_Interdisciplinaria_Malnutricin_Versin_02_2020.pdf: Página 35 de 140","""DIRECCIÓN TÉCNICA - Unidad de Investigación y Vigilancia Crecimiento y Desarrollo... En la actualidad, la evaluación de efectos en el crecimiento y en el nivel del desarrollo es una investigación operativa que se realiza en la Dirección Nacional de CEN-CINAI [por la UIVCD]...""",REVIEW,REVIEW,0.619,REVIEW,0.6667,NO,0.619,REVIEW,0.4286,NO,0.5238,,,
sino_082,sino,¿Se debe medir de pie a un niño menor de 2 años que ya camina?,No,Manual-operativo-Evaluacion-estado-nutricional-2019.pdf; DVS_norma_nacional_uso_graficas_antropometricas_valoracion_nutriciol_0-19_2017.pdf,Manual-operativo-Evaluacion-estado-nutricional-2019.pdf: Páginas 5 y 13 de 48; DVS_norma_nacional_uso_graficas_antropometricas_valoracion_nutriciol_0-19_2017.pdf: Página 3,"""La longitud es la medición que se aplica a los niños o niñas menores de dos años o menores de 85 cm en posición decúbito dorsal. La talla es la medida de niños o niñas mayores de dos años o mayores de 85 cm y a adultos en posición de pie.""",REVIEW,REVIEW,0.7222,REVIEW,0.4444,REVIEW,0.6667,NO,0.2222,REVIEW,0.6111,,,
sino_083,sino,¿El Anexo 6 incluye una guía para la elaboración del ASISSEN?,No,Procedimiento_Atencin_Interdisciplinaria_Malnutricin_Versin_02_2020.pdf; SISVENDIS-2023.pdf,Procedimiento_Atencin_Interdisciplinaria_Malnutricin_Versin_02_2020.pdf: Páginas 97 y 98 de 140; SISVENDIS-2023.pdf: Páginas 40 y 41 de 79,"""Anexo 6. Guías para elaboración de informe y monitoreo... Formato de informe anual de atención interdisciplinaria..."" / ""Manual metodológico para elaborar el Análisis de situación socioeconómica, salud, educación y nutrición...""",REVIEW,REVIEW,0.5789,NO,0.2632,NO,0.2105,REVIEW,0.4737,NO,0.3158,,,
sino_086,sino,¿El indicador IMC para menores de 5 años es obligatorio en todas las evaluaciones?,No,DVS_norma_nacional_uso_graficas_antropometricas_valoracion_nutriciol_0-19_2017.pdf; Manual-operativo-Evaluacion-estado-nutricional-2019.pdf; Procedimiento_Atencin_Interdisciplinaria_Malnutricin_Versin_02_2020.pdf,DVS_norma_nacional_uso_graficas_antropometricas_valoracion_nutriciol_0-19_2017.pdf: Páginas 2 y 26; Manual-operativo-Evaluacion-estado-nutricional-2019.pdf: Páginas 8 y 11 de 48; Procedimiento_Atencin_Interdisciplinaria_Malnutricin_Versin_02_2020.pdf: Páginas 66-67 de 140,"""En niños y niñas menores de 5 años se debe utilizar los tres indicadores antropométricos peso para edad, peso para talla y talla para edad... Para igual o mayores de 5 años (≥5 años): Se requiere la información de los indicadores IMC... y T/E...""",REVIEW,REVIEW,0.6842,REVIEW,0.6842,REVIEW,0.5263,NO,0.4737,NO,0.3684,,,
sino_087,sino,¿La bitácora del equipo interdisciplinario debe ser foliada igual que el expediente?,No,Procedimiento_Atencin_Interdisciplinaria_Malnutricin_Versin_02_2020.pdf,Páginas 98 y 122 de 140 (Anexo 6 y Anexo 8),"""3. Todo expediente deberá estar foliado."" / ""Bitácora de sesiones de equipo interdisciplinario por Oficina Local.""",REVIEW,REVIEW,0.5,NO,0.25,NO,0.3333,REVIEW,0.5833,REVIEW,0.5,,,
sino_090,sino,¿La norma API-EX-N-07 incluye la entrega de leche para consumo en el hogar?,No,Normas-sustantivas-CEN-CINAI-30-09-2021.pdf,Página 13 de 20 (NUT-AC-N-01) y Página 16 de 20 (API-EX-N-07),"""NUT-AC-N-01... Distribución de Leche para consumo al hogar: Consiste en la entrega mensual de paquetes de leche en polvo fortificada..."" / ""API-EX-N-07 Norma de Educación Extramuros... consiste en acciones educativas que promueven habilidades y competencias sociales...""",REVIEW,REVIEW,0.4348,REVIEW,0.7391,NO,0.1739,NO,0.2609,NO,0.4348,,,
sino_096,sino,¿La herramienta de seguimiento debe ser enviada mensualmente al nivel central?,No,Procedimiento_Atencin_Interdisciplinaria_Malnutricin_Versin_02_2020.pdf,Páginas 34-35 de 140 (Tarea 21),"""...envía las herramientas completas y actualizadas... a la Unidad de Investigación y Vigilancia del Crecimiento y Desarrollo (UIVCD) en el nivel central... Periodicidad: Anual (primera semana diciembre).""",REVIEW,NO,0.1579,NO,0.2632,NO,0.3158,REVIEW,0.7895,NO,0.2105,,,
sino_098,sino,¿Se utiliza el indicador Talla para Edad en mayores de 5 años?,Sí,Manual-operativo-Evaluacion-estado-nutricional-2019.pdf; DVS_norma_nacional_uso_graficas_antropometricas_valoracion_nutriciol_0-19_2017.pdf; Procedimiento_Atencin_Interdisciplinaria_Malnutricin_Versin_02_2020.pdf,Manual-operativo-Evaluacion-estado-nutricional-2019.pdf: Página 8 de 48; DVS_norma_nacional_uso_graficas_antropometricas_valoracion_nutriciol_0-19_2017.pdf: Página 2; Procedimiento_Atencin_Interdisciplinaria_Malnutricin_Versin_02_2020.pdf: Página 66 de 140,"""En niños, niñas y adolescentes de 5 a menores de 19 años de edad deberán analizarse de manera conjunta los indicadores de talla para edad e IMC...""",REVIEW,REVIEW,0.4667,REVIEW,0.6,REVIEW,0.4667,REVIEW,0.6,REVIEW,0.6667,,,
sino_100,sino,¿La fecha de nacimiento es un dato indispensable para el cálculo de la edad corregida?,Sí,Procedimiento_Vigilancia_Crecimientoydesarrollo_intrayextramurosUIVCD.pdf; Manual-operativo-Evaluacion-estado-nutricional-2019.pdf,Procedimiento_Vigilancia_Crecimientoydesarrollo_intrayextramurosUIVCD.pdf: Páginas 41 y 43-44 de 45; Manual-operativo-Evaluacion-estado-nutricional-2019.pdf: Página 31 de 48,"""1. Obtener datos de edad cronológica en semanas... Edad Corregida: se obtiene al restar a la edad cronológica que tiene el niño o niña en el momento de la atención, el número de semanas que le faltaron para cumplir con las 40 semanas de gestación.""",REVIEW,REVIEW,0.6667,REVIEW,0.5238,REVIEW,0.4762,REVIEW,0.4762,REVIEW,0.619,,,
corta_001,corta,¿Cuáles son los criterios antropométricos que activan la referencia de un niño al proceso de atención interdisciplinaria en CEN-CINAI?,"Los criterios incluyen clasificaciones de obesidad, sobrepeso, desnutrición o desnutrición severa (en Peso para Talla o IMC), bajo peso o bajo peso severo (en Peso para Edad), y baja talla o baja talla severa (en Talla para Edad).",Procedimiento_Atencin_Interdisciplinaria_Malnutricin_Versin_02_2020.pdf; Procedimiento_Vigilancia_Crecimientoydesarrollo_intrayextramurosUIVCD.pdf,Procedimiento_Atencin_Interdisciplinaria_Malnutricin_Versin_02_2020.pdf: Páginas 39-45 de 140; Procedimiento_Vigilancia_Crecimientoydesarrollo_intrayextramurosUIVCD.pdf: Página 31 de 45 (Tarea 1),"""a) Malnutrición por defecto o exceso en uno o más de los indicadores antropométricos: obesidad, sobrepeso, peso alto, desnutrición, desnutrición severa, baja talla o baja talla severa, bajo peso y bajo peso severo...""",MISS,NO,0.1579,NO,0.1053,NO,0.2105,NO,0.1579,NO,0.1579,,,
corta_002,corta,¿Qué disciplinas conforman el equipo interdisciplinario de una Oficina Local de CEN-CINAI y cuál es la función de cada una en el proceso de atención?,"El equipo está conformado por profesionales en Nutrición, Psicología, Docencia y Terapia de Lenguaje. Sus funciones incluyen la valoración, detección, atención y seguimiento de los casos, así como la ejecución de estrategias individuales, familiares o grupales según su especialidad.",Procedimiento_Vigilancia_Crecimientoydesarrollo_intrayextramurosUIVCD.pdf; SISVENDIS-2023.pdf; Procedimiento_Atencin_Interdisciplinaria_Malnutricin_Versin_02_2020.pdf,Procedimiento_Vigilancia_Crecimientoydesarrollo_intrayextramurosUIVCD.pdf: Páginas 39-40 de 45; SISVENDIS-2023.pdf: Página 50 de 79; Procedimiento_Atencin_Interdisciplinaria_Malnutricin_Versin_02_2020.pdf: Páginas 67 y 75 de 140,"""Las Oficinas Locales cuentan con un equipo de profesionales en las especialidades de Nutrición, Psicología, Educación Preescolar y Terapia de Lenguaje..."" / ""...Seguimiento a la niña o niño con sobrepeso u obesidad (Nutricionista)... rezago en desarrollo (Psicología)... problemas de lenguaje (Terapeuta de Lenguaje)...""",REVIEW,REVIEW,0.5417,NO,0.2917,NO,0.2917,NO,0.2917,NO,0.1667,,,
corta_003,corta,¿Con qué frecuencia mínima debe revisar el equipo interdisciplinario de la Oficina Local el Instrumento de detección de un niño o niña con malnutrición?,El equipo interdisciplinario debe analizar y priorizar los casos al menos una vez al mes.,Procedimiento_Atencin_Interdisciplinaria_Malnutricin_Versin_02_2020.pdf,Página 19 de 140 (Sección 2.3 Factor f) y Páginas 28 y 33 de 140 (Tarea 15),"""Sesiones de análisis interdisciplinario de casos para el seguimiento oportuno y acorde a la prioridad de cada caso, efectuadas al menos una vez al mes, en cada Oficina Local."" / ""Al menos una vez al mes, en sesión de trabajo del equipo interdisciplinario, conforme progreso de casos con malnutrición.""",REVIEW,NO,0.3846,REVIEW,0.5385,REVIEW,0.5385,NO,0.4231,REVIEW,0.4615,,,
corta_007,corta,"Según el Instrumento de Referencia y Contrarreferencia, ¿cuáles son las tres posibles decisiones que puede tomar el equipo interdisciplinario respecto al seguimiento de un caso?","Según el Anexo 4: Se da de alta (el problema se resolvió), Tratamiento subsecuente (requiere seguimiento terapéutico), o Se refiere a otro nivel de atención.",Procedimiento_Atencin_Interdisciplinaria_Malnutricin_Versin_02_2020.pdf; Manual-operativo-Evaluacion-estado-nutricional-2019.pdf,Procedimiento_Atencin_Interdisciplinaria_Malnutricin_Versin_02_2020.pdf: Páginas 70 y 87 de 140; Manual-operativo-Evaluacion-estado-nutricional-2019.pdf: Página 28 de 48,"""Marque con una equis para identificar si el caso: Se da de alta (el problema detectado se atendió y se resolvió), Tratamiento subsecuente (el niño requiere seguimiento en su abordaje terapéutico) o si Se refiere a otro nivel de atención.""",MISS,NO,0.2609,NO,0.2174,NO,0.3478,NO,0.1739,NO,0.2609,,,
corta_009,corta,¿Cómo se consolida y reporta la información del proceso de atención interdisciplinaria desde el nivel local hacia los niveles regional y nacional?,El nivel local digita los datos en una herramienta Excel y envía el consolidado al nivel regional; la Dirección Regional elabora un informe consolidado que remite a la UIVCD en el nivel central para estudios de efectos de país.,Procedimiento_Atencin_Interdisciplinaria_Malnutricin_Versin_02_2020.pdf; SISVENDIS-2023.pdf,"Procedimiento_Atencin_Interdisciplinaria_Malnutricin_Versin_02_2020.pdf: Páginas 33-35, 81 y 98 de 140; SISVENDIS-2023.pdf: Páginas 44-46 y 54 de 79","""Oficina Local: Recopila y digita en la herramienta Excel los datos de cada formulario de cada CEN-CINAI a su cargo elabora el consolidado local y envía el consolidado al nivel regional. Área Técnica Regional: Elabora el consolidado de dirección regional y envía el consolidado al nivel nacional...""",REVIEW,NO,0.2727,NO,0.3182,REVIEW,0.5455,NO,0.3182,REVIEW,0.4091,,,
corta_010,corta,¿Cuáles son las condiciones bajo las cuales un caso de atención interdisciplinaria puede darse por concluido o cerrado?,El caso se concluye cuando el niño o niña alcanza la recuperación del estado nutricional normal y supera los rezagos en el desarrollo u otras condiciones especiales identificadas en el seguimiento.,Procedimiento_Atencin_Interdisciplinaria_Malnutricin_Versin_02_2020.pdf,"Páginas 25 de 140 (Tarea 15), 31-32 de 140 (Tarea 16), 69 de 140 (Instructivo del Instrumento) y 125 de 140 (Anexo 8)","""Egreso por evolución satisfactoria: Se refiere al egreso que el equipo interdisciplinario le dará al niño o niña porque durante el seguimiento presenta una evolución satisfactoria en su estado nutricional..."" / ""Egreso de CEN-CINAI: Se refiere cuando el niño o niña se fue del establecimiento o de la comunidad con o sin justificación...""",REVIEW,REVIEW,0.6786,NO,0.3214,NO,0.3929,NO,0.3214,NO,0.3214,,,
corta_016,corta,¿Qué significan las siglas EDIN y en qué caso específico de detección se debe completar esta boleta?,EDIN significa Evaluación del Desarrollo Integral de la Niña y el Niño; se completa al detectar un caso con malnutrición.,Manual-EDIN-II-final-2020.pdf; Procedimiento_Atencin_Interdisciplinaria_Malnutricin_Versin_02_2020.pdf; Procedimiento_Vigilancia_Crecimientoydesarrollo_intrayextramurosUIVCD.pdf,Manual-EDIN-II-final-2020.pdf: Página 1 de 331; Procedimiento_Atencin_Interdisciplinaria_Malnutricin_Versin_02_2020.pdf: Páginas 16 y 21 de 140; Procedimiento_Vigilancia_Crecimientoydesarrollo_intrayextramurosUIVCD.pdf: Página 22 de 45,"""Prueba para la evaluación del desarrollo integral de la niña y el niño de 0 meses a 6 años de edad (EDIN II)"" / ""Se realiza la evaluación del desarrollo EDIN o EVADE... toda vez que se detecte un caso con malnutrición...""",REVIEW,REVIEW,0.6667,NO,0.2381,NO,0.6667,REVIEW,0.5714,NO,0.7143,,,
corta_018,corta,¿Cuál es el indicador antropométrico más recomendado para identificar casos de deficiencias nutricionales agudas o emaciación?,Peso para la Talla (P/T) en menores de 5 años; Índice de Masa Corporal (IMC) en mayores de 5 años.,Manual-operativo-Evaluacion-estado-nutricional-2019.pdf; Procedimiento_Vigilancia_Crecimientoydesarrollo_intrayextramurosUIVCD.pdf,Manual-operativo-Evaluacion-estado-nutricional-2019.pdf: Página 8 de 48; Procedimiento_Vigilancia_Crecimientoydesarrollo_intrayextramurosUIVCD.pdf: Página 8 de 45,"""Peso para la talla (P/T)... Este es el índice más recomendado para identificar casos de deficiencias nutricionales agudas.""",REVIEW,NO,1.0,REVIEW,0.5,REVIEW,0.4167,REVIEW,0.4167,REVIEW,0.5,,,
corta_019,corta,Cite las tres fuentes o instrumentos técnicos de donde se toman los datos para elaborar el informe anual de SISVENDIS.,"Las fuentes son el Informe Mensual de Servicios CEN-CINAI, el Sistema SIDINACC (a través de la boleta de Caracterización del Ambiente Hogar - CAH) y la Herramienta Excel de vigilancia institucional.",SISVENDIS-2023.pdf,Página 44 de 79 (Sección B. Estudio datos básicos),"""...el informe contiene los datos registrados por las personas funcionarias de los establecimientos de todo el país y son tomados de tres fuentes o instrumentos técnicos a saber: Informe de ejecución programática del mes de noviembre... SIDINACC... Herramienta Excel de vigilancia...""",REVIEW,NO,0.2857,NO,0.2857,NO,0.25,REVIEW,0.4286,NO,0.25,,,
corta_020,corta,¿Quién es el responsable de brindar acompañamiento técnico y modelaje para asegurar la calidad de la toma de datos en los establecimientos locales?,Las personas profesionales integrantes del equipo interdisciplinario de cada Oficina Local son las responsables directas de brindar este acompañamiento técnico y modelaje al personal de los establecimientos.,Procedimiento_Vigilancia_Crecimientoydesarrollo_intrayextramurosUIVCD.pdf,"Páginas 7, 36 y 39 de 45 (Sección 2.3 Factores de éxito, inciso b y Cuadro 1)","""Personas funcionarias del nivel local con claridad en su rol en el acompañamiento técnico y modelaje que asegure la calidad en la toma de datos del crecimiento y desarrollo..."" / ""Acompañamiento técnico y modelaje: Equipo de profesionales de atención interdisciplinaria de la Oficina Local...""",REVIEW,REVIEW,0.7391,REVIEW,0.6957,REVIEW,0.4783,REVIEW,0.6522,NO,0.3913,,,
corta_024,corta,¿Qué software se menciona en el Anexo 5 para verificar el puntaje Z de los indicadores antropométricos?,"Se menciona el software Anthro de la OMS, el cual cuenta con una calculadora que el profesional en Nutrición debe utilizar para corroborar los datos de detección.",Procedimiento_Atencin_Interdisciplinaria_Malnutricin_Versin_02_2020.pdf,"Páginas 42, 62, 63 y 67 de 140","""b) Software Anthro."" / ""Recordar que el Profesional en Nutrición debe verificar el dato, utilizando la calculadora del software Anthro y completa la casilla de puntaje Z.""",REVIEW,REVIEW,0.7333,REVIEW,0.7333,REVIEW,0.7333,REVIEW,0.7333,NO,0.1333,,,
corta_026,corta,¿Qué siglas deben anotarse en el recuadro de edad cuando se utiliza la edad corregida en prematuros?,Se deben anotar las siglas EC para identificar que el valor registrado corresponde a la edad corregida.,Procedimiento_Vigilancia_Crecimientoydesarrollo_intrayextramurosUIVCD.pdf,Páginas 22 y 24 de 45 (Disposición 3.5),"""...se anota esta edad en el recuadro y se identifica mediante las iniciales EC""",MISS,NO,0.25,NO,0.25,NO,0.25,NO,0.375,NO,0.25,,,
corta_027,corta,"Según la norma PCD-VCD-N-01, ¿con qué periodicidad mínima se deben aplicar tamizajes de salud?","Se deben aplicar al menos una vez al año (anual) como parte de la vigilancia regular, aunque la frecuencia aumenta según el tipo de tamizaje y la edad del niño, como en el caso del odontograma que es trimestral.",Normas-sustantivas-CEN-CINAI-30-09-2021.pdf,Página 11 de 20 (Norma PCD-VCD-N-01),"""...aplicando tamizajes de salud al menos una vez al año, para determinar las estrategias de intervención y orientar la toma de decisiones.""",REVIEW,NO,0.4,NO,0.2667,REVIEW,0.4667,NO,0.3333,NO,0.4,,,
corta_029,corta,¿Cuáles son las dos unidades que integran la Dirección Técnica encargadas de la evaluación de la Norma de Selección?,Las unidades encargadas son la Unidad de Normalización y Asistencia Técnica (UNAT) y la Unidad de Investigación y Vigilancia del Crecimiento y Desarrollo (UIVCD).,Normas-sustantivas-CEN-CINAI-30-09-2021.pdf,"Páginas 2, 3 y 11 de 20","""Las Normas Técnicas han sido realizadas por las Unidades que conforma la Dirección Técnica; Unidad de Normalización y Asistencia Técnica (UNAT) y la Unidad de Investigación de Crecimiento y Desarrollo (UIVCD)..."" / ""Evaluación: Dirección Técnica, con sus dos unidades""",REVIEW,REVIEW,0.625,REVIEW,0.5,REVIEW,0.5833,REVIEW,0.6667,REVIEW,0.4167,,,
corta_030,corta,¿Qué material estandarizado se utiliza en el EDIN II para provocar respuestas en el grupo de edad de 0 a 1 mes si la conducta no es espontánea?,Se utiliza un cubo de color (rojo o verde) para evaluar si el niño fija la mirada y sigue el objeto en movimiento.,Manual-EDIN-II-final-2020.pdf,Páginas 3 y 10 de 331,"""Sonajero (chilindrín) / Dona de 15 cm de diámetro negra con blanco... Si no se presenta háblele, mueva un sonajero (chilindrín) o preséntele un objeto brillante frente a la cara, muévalo lentamente...""",MISS,NO,0.1176,NO,0.0588,NO,0.0,NO,0.0,NO,0.1176,,,
corta_033,corta,¿En qué meses del año se debe aplicar la herramienta de supervisión del cumplimiento según el Anexo 5?,"Se debe aplicar cada cuatrimestre, específicamente en los meses de abril, agosto y diciembre.",Procedimiento_Atencin_Interdisciplinaria_Malnutricin_Versin_02_2020.pdf,Páginas 34 y 35 de 140 (Tarea 19),"""Herramienta cada cuatrimestre (abril, agosto, diciembre).""",MISS,NO,0.1667,NO,0.1667,NO,0.1667,NO,0.1667,NO,0.0,,,
corta_034,corta,Mencione dos materiales de apoyo para el abordaje de la malnutrición que no sean equipos de medición.,"Se mencionan los modelos o réplicas de alimentos y el material impreso de apoyo educativo, como los rotafolios para la alimentación.",Procedimiento_Atencin_Interdisciplinaria_Malnutricin_Versin_02_2020.pdf,Página 107 de 140 (Anexo 7),"""* Modelos o réplicas de alimentos. * Kits para la estimulación infantil. * Material impreso de apoyo educativo como: rotafolio para la alimentación...""",MISS,NO,0.2143,NO,0.1429,NO,0.0714,NO,0.2143,NO,0.2857,,,
corta_037,corta,"¿Qué significa un resultado ""¡Valor!"" o ""REFF!"" en las columnas de seguimiento de la herramienta de Excel?","Significa que la herramienta ha detectado datos extremos o no congruentes en el registro de fechas, edades o resultados, lo cual requiere una revisión y corrección de la calidad del dato.",Procedimiento_Atencin_Interdisciplinaria_Malnutricin_Versin_02_2020.pdf,Páginas 94 y 95 de 140 (Anexo 5: Guía de revisión de calidad),"""Si aparece ¡Valor¡ o REFF¡ debe revisarse faltante de datos, ya que no se ha ingresado lo necesario para el cálculo respectivo, como datos en hoja de detección, fecha de nacimiento etc…""",REVIEW,NO,0.1579,NO,0.2105,NO,0.1579,NO,0.1579,REVIEW,0.7368,,,
corta_038,corta,¿Qué indicador antropométrico se utiliza para clasificar el estado nutricional en niños mayores de 5 años?,Se utilizan los indicadores de Índice de Masa Corporal (IMC) y Talla para Edad (T/E).,Manual-operativo-Evaluacion-estado-nutricional-2019.pdf; DVS_norma_nacional_uso_graficas_antropometricas_valoracion_nutriciol_0-19_2017.pdf; Procedimiento_Atencin_Interdisciplinaria_Malnutricin_Versin_02_2020.pdf,Manual-operativo-Evaluacion-estado-nutricional-2019.pdf: Página 8 de 48; DVS_norma_nacional_uso_graficas_antropometricas_valoracion_nutriciol_0-19_2017.pdf: Página 2; Procedimiento_Atencin_Interdisciplinaria_Malnutricin_Versin_02_2020.pdf: Página 66 de 140,"""Para igual o mayores de 5 años (≥5 años): Se requiere la información de los indicadores IMC (Índice de Masa Corporal) y T/E (Talla para edad).""",REVIEW,REVIEW,0.5,REVIEW,0.7143,REVIEW,0.6429,REVIEW,0.7143,REVIEW,0.7143,,,
corta_039,corta,¿Cuál es la población objetivo de la norma PCD-GF-N-01?,"La población objetivo es el núcleo familiar de las niñas, niños, adolescentes madres y mujeres embarazadas o en periodo de lactancia que reciben servicios en CEN-CINAI.",Normas-sustantivas-CEN-CINAI-30-09-2021.pdf,Página 18 de 20 (Norma PCD-GF-N-01),"""Población Objetivo: Familias de clientes y beneficiarias de los diferentes servicios brindados por la Dirección Nacional de CEN-CINAI.""",REVIEW,REVIEW,0.5714,REVIEW,0.7143,REVIEW,0.5,NO,0.6429,NO,0.1429,,,
corta_042,corta,¿Qué profesional es el responsable de brindar acompañamiento técnico en la ejecución de tamizajes en la Oficina Local?,"Los profesionales integrantes del equipo interdisciplinario (Nutrición, Psicología, Docencia, Terapia de Lenguaje) de cada Oficina Local son los responsables.",Procedimiento_Vigilancia_Crecimientoydesarrollo_intrayextramurosUIVCD.pdf; Normas-sustantivas-CEN-CINAI-30-09-2021.pdf,Procedimiento_Vigilancia_Crecimientoydesarrollo_intrayextramurosUIVCD.pdf: Páginas 7 y 39 de 45; Normas-sustantivas-CEN-CINAI-30-09-2021.pdf: Página 17 de 20,"""Acompañamiento técnico y modelaje: Equipo de profesionales de atención interdisciplinaria de la Oficina Local..."" / ""Acompañamiento técnico: Profesional de equipo interdisciplinario de Oficina Local""",REVIEW,REVIEW,0.7273,REVIEW,0.7273,REVIEW,0.4545,REVIEW,0.6364,REVIEW,0.6364,,,
corta_043,corta,Mencione el código de la norma que regula la Atención Integral de niños Extramuros.,El código de la norma es API-EX-N-07.,Normas-sustantivas-CEN-CINAI-30-09-2021.pdf,"Páginas 3, 10 y 16 de 20","""API-EX-N-07 Norma de Educación Extramuros a niñas y niños menores de 13 años"" / ""Norma para Atención Integral de niñas y niños Extramuros Código: API-EX-N-07""",REVIEW,NO,0.6667,REVIEW,0.75,REVIEW,0.75,NO,0.6667,NO,0.6667,,,
corta_044,corta,¿Qué técnica se utiliza para evaluar ítems que el niño no puede ejecutar en el momento pero que la madre conoce?,Se utiliza la entrevista o reporte de la madre (o cuidadora) para acreditar conductas que no son observadas de forma espontánea durante la evaluación.,Manual-EDIN-II-final-2020.pdf; SISVENDIS-2023.pdf,"Manual-EDIN-II-final-2020.pdf: Páginas 3, 91 de 331; SISVENDIS-2023.pdf: Página 20 de 79","""Pida referencia a la persona encargada sobre la conducta en el hogar..."" / ""Por observación o entrevista a madre o responsable..."" / ""...se solicitará la referencia de la persona encargada.""",REVIEW,REVIEW,0.3846,REVIEW,0.4615,REVIEW,0.5385,REVIEW,0.5385,REVIEW,0.3846,,,
corta_046,corta,¿Qué datos personales del niño se consideran obligatorios en el encabezado de las hojas de respuesta del EDIN II?,"Son obligatorios el nombre completo, número de identificación, sexo y la edad exacta (años y meses) al momento de la evaluación.",Manual-EDIN-II-final-2020.pdf; Procedimiento_Vigilancia_Crecimientoydesarrollo_intrayextramurosUIVCD.pdf,Manual-EDIN-II-final-2020.pdf: Página 91 de 331; Procedimiento_Vigilancia_Crecimientoydesarrollo_intrayextramurosUIVCD.pdf: Página 24 de 45,"""NOMBRE: ___________________ SEXO: MAS FEM PERSONA ENCARGADA: ________________ EDAD: ___ CONTACTO: ______________"" / ""En cada hoja de respuesta debe incluirse los datos solicitados en el encabezado...""",REVIEW,NO,0.1905,REVIEW,0.4762,NO,0.1905,NO,0.1429,NO,0.0952,,,
corta_054,corta,¿Qué material del kit EDIN II se utiliza para evaluar la interacción con objetos en los primeros meses?,Se utilizan materiales estandarizados como el sonajero o el cubo (rojo o verde) para observar la fijación y seguimiento de objetos.,Manual-EDIN-II-final-2020.pdf,"Páginas 10, 19 y 25 de 331","""Dona de 15 cm de diámetro negra con blanco... Sonajero (chilindrín)... 3. Al colocarle un sonajero (chilindrín) en sus manos lo mueve... 2. Interactúa con los objetos que tiene alrededor.""",MISS,NO,0.1765,NO,0.1176,NO,0.2353,NO,0.0588,NO,0.1765,,,
corta_059,corta,Mencione dos indicadores de riesgo familiar que se registran en el instrumento de detección.,Se registran indicadores como el hacinamiento y la inadecuada disposición de desechos sólidos o basura.,Procedimiento_Atencin_Interdisciplinaria_Malnutricin_Versin_02_2020.pdf,"Páginas 10 de 140 (Definiciones), 40-45 de 140 y 93 de 140","""* Hogar con violencia intrafamiliar... * Hogar sin agua apta para consumo humano... * Inadecuada disposición de excretas... * Inadecuada disposición de basuras...""",REVIEW,NO,0.1429,NO,0.2857,REVIEW,0.7857,NO,0.0714,NO,0.1429,,,
corta_062,corta,¿En qué casos específicos se establece el uso del perímetro braquial como medición antropométrica alternativa?,"Se utiliza oficialmente para la valoración nutricional de niñas y niños que presentan necesidades especiales de crecimiento, tales como aquellos con parálisis cerebral infantil (PCI).",SISVENDIS-2023.pdf; Procedimiento_Vigilancia_Crecimientoydesarrollo_intrayextramurosUIVCD.pdf,SISVENDIS-2023.pdf: Páginas 31 y 50 de 79; Procedimiento_Vigilancia_Crecimientoydesarrollo_intrayextramurosUIVCD.pdf: Páginas 13 y 45 de 45,"""En el manual abarca la evaluación nutricional para niñas y niños con Síndrome de Down, acondroplasia y parálisis cerebral infantil (PCI). Asimismo, las mediciones antropométricas alternativas incluidas en este manual son la altura rodilla, perímetro braquial y circunferencia cefálica.""",REVIEW,NO,0.1724,NO,0.4138,REVIEW,0.4138,NO,0.5172,NO,0.3793,,,
corta_063,corta,¿Cómo se identifica visualmente la tendencia de crecimiento de un niño en las gráficas del expediente?,Se identifica trazando una línea recta que conecte los puntos marcados como resultado de dos o más evaluaciones nutricionales sucesivas.,Manual-operativo-Evaluacion-estado-nutricional-2019.pdf; Procedimiento_Vigilancia_Crecimientoydesarrollo_intrayextramurosUIVCD.pdf; DVS_norma_nacional_uso_graficas_antropometricas_valoracion_nutriciol_0-19_2017.pdf,Manual-operativo-Evaluacion-estado-nutricional-2019.pdf: Páginas 14-15 de 48; Procedimiento_Vigilancia_Crecimientoydesarrollo_intrayextramurosUIVCD.pdf: Página 21 de 45; DVS_norma_nacional_uso_graficas_antropometricas_valoracion_nutriciol_0-19_2017.pdf: Página 5,"""Tendencia: una vez realizado el ploteo, se traza una línea que conecte los puntos ploteados para observar la tendencia y evolución del crecimiento de la niña o niño evaluado."" / ""Tendencia: Evolución de dos o más mediciones en el tiempo, se puede visualizar en el tiempo trazando una línea que se realiza al unir dos o más puntos en una gráfica...""",REVIEW,NO,0.2,NO,0.2333,REVIEW,0.4667,REVIEW,0.4667,NO,0.2333,,,
corta_065,corta,¿Qué población integra específicamente el Grupo J (Prioridad 4) en el proceso de atención?,Este grupo está integrado por niños y niñas en servicio DAF que han recuperado su estado nutricional normal en todos los indicadores y se encuentran cumpliendo su año de protección.,Procedimiento_Atencin_Interdisciplinaria_Malnutricin_Versin_02_2020.pdf,Páginas 38 y 45 de 140 (Grupo J),"""Grupo J Prioridad 4: Niños y niñas que reciben DAF y han recuperado su estado nutricional normal en todos los indicadores, por lo tanto, se inicia el año de protección en DAF a partir de la valoración del estado nutricional donde se reporta en estado nutricional normal.""",REVIEW,REVIEW,0.44,REVIEW,0.48,NO,0.32,NO,0.24,REVIEW,0.36,,,
corta_068,corta,¿Bajo qué condición específica se debe aplicar el Test de detección de dificultades de lenguaje a un menor?,Se aplica a niños que presentan rezago o riesgo en el área de comunicación y lenguaje tras haber agotado un plan de estimulación previo sin mostrar mejoría.,Procedimiento_Vigilancia_Crecimientoydesarrollo_intrayextramurosUIVCD.pdf; SISVENDIS-2023.pdf,Procedimiento_Vigilancia_Crecimientoydesarrollo_intrayextramurosUIVCD.pdf: Páginas 15 y 27 de 45; SISVENDIS-2023.pdf: Página 34 de 79,"""Test de Lenguaje a casos referidos con nivel de rezago en el área de lenguaje y problemas de comunicación.""",REVIEW,REVIEW,0.5,REVIEW,0.6,NO,0.1,NO,0.2,NO,0.3,,,
corta_069,corta,¿Cuál es el eje transversal que garantiza el bienestar integral de la niñez en los sistemas de vigilancia de CEN-CINAI?,El enfoque de derechos de la niñez es el eje transversal que rige el diseño de los modelos operativos y los sistemas de vigilancia institucional.,Normas-sustantivas-CEN-CINAI-30-09-2021.pdf; SISVENDIS-2023.pdf,"Normas-sustantivas-CEN-CINAI-30-09-2021.pdf: Páginas 4, 6 y 15 de 20; SISVENDIS-2023.pdf: Página 42 de 79","""...que aseguren la atención óptima del niño y la niña menor de 13 años y que impulsan el desarrollo de su potencial como sujeto integral de derechos.""",REVIEW,REVIEW,0.625,REVIEW,0.375,NO,0.3125,REVIEW,0.375,REVIEW,0.625,,,
corta_071,corta,¿Qué término se debe anotar en el campo de identificación de la herramienta digital cuando el menor no posee documentos de identidad?,"El procedimiento permite registrar la palabra ""indocumentado"" o un código alfanumérico provisional para garantizar el acceso al servicio sin exclusiones.",Procedimiento_Atencin_Interdisciplinaria_Malnutricin_Versin_02_2020.pdf,"Páginas 64, 90 y 91 de 140 (Instructivo del Instrumento y Anexo 5)","""Si la persona no posee ningún tipo de documento, anote la palabra sin documentos en este espacio."" / ""Identificación... Filtro Pueden ser datos numéricos, alfanuméricos, indocumentado.""",REVIEW,REVIEW,0.6842,REVIEW,0.3684,NO,0.3158,NO,0.2632,REVIEW,0.3684,,,
corta_072,corta,¿Quiénes son los responsables de ejercer la función gerencial de supervisión técnica y del cumplimiento en los establecimientos?,"Esta responsabilidad recae en las Jefaturas de Oficina Local, las Jefaturas de Área Técnica Regional (ATE) y la Dirección Regional respectiva.",Procedimiento_Atencin_Interdisciplinaria_Malnutricin_Versin_02_2020.pdf; Procedimiento_Vigilancia_Crecimientoydesarrollo_intrayextramurosUIVCD.pdf,Procedimiento_Atencin_Interdisciplinaria_Malnutricin_Versin_02_2020.pdf: Página 36 de 140 (Formulario FAES); Procedimiento_Vigilancia_Crecimientoydesarrollo_intrayextramurosUIVCD.pdf: Páginas 8 y 36 de 45,"""Jefaturas de Área Técnica y de Oficina Local con claridad de su rol gerencial como garante de la importancia del cumplimiento del procedimiento, para uso en toma de decisiones, mediante el monitoreo del cumplimiento de programación de actividades de sus equipos.""",REVIEW,REVIEW,0.68,REVIEW,0.36,NO,0.32,NO,0.2,REVIEW,0.76,,,
corta_073,corta,"¿Qué componentes de salud, además de nutrición y desarrollo, integra el modelo operativo SISVENDIS 2023?",Integra formalmente la vigilancia de la salud oral mediante la detección de placa bacteriana y la identificación de higiene oral mala.,SISVENDIS-2023.pdf; Procedimiento_Vigilancia_Crecimientoydesarrollo_intrayextramurosUIVCD.pdf,SISVENDIS-2023.pdf: Páginas 31-36 y 79 de 79; Procedimiento_Vigilancia_Crecimientoydesarrollo_intrayextramurosUIVCD.pdf: Página 16 de 45,"""...tales como: estado nutricional, nivel del desarrollo menores de seis años, nivel del desarrollo de niñas y niños en edad escolar, detección de dificultades de lenguaje, agudeza visual, agudeza auditiva, salud oral, diversidad alimentaria mínima, frecuencia de consumo de alimentos, evaluación cualitativa de niñas y niños que reciben API...""",MISS,NO,0.3333,NO,0.2727,NO,0.3333,NO,0.2121,NO,0.303,,,
corta_079,corta,¿Qué dato de ingreso es indispensable registrar en la herramienta digital para controlar el cumplimiento del año de protección?,Es obligatorio registrar la modalidad del servicio (específicamente DAF) y la fecha de ingreso para monitorear el periodo de permanencia tras la recuperación nutricional.,Procedimiento_Atencin_Interdisciplinaria_Malnutricin_Versin_02_2020.pdf,Páginas 31-32 de 140 (Tarea 16) y Página 68 de 140,"""En la herramienta de seguimiento interdisciplinario... se registra que el niño o niña está recuperado y que el periodo de protección inicia y se anota fecha estimada de exclusión del DAF."" / ""Fecha ingreso al DAF: En caso de ser incluido en la modalidad DAF, anote... el día, mes y año...""",REVIEW,REVIEW,0.4444,REVIEW,0.7407,REVIEW,0.4444,REVIEW,0.3704,REVIEW,0.5185,,,
corta_080,corta,¿Qué unidad técnica del nivel central es la responsable de conducir la vigilancia institucional y los estudios de efectos de país?,La responsabilidad técnica recae en la Unidad de Investigación y Vigilancia del Crecimiento y Desarrollo (UIVCD) de la Dirección Técnica.,Procedimiento_Atencin_Interdisciplinaria_Malnutricin_Versin_02_2020.pdf; SISVENDIS-2023.pdf; Procedimiento_Vigilancia_Crecimientoydesarrollo_intrayextramurosUIVCD.pdf,Procedimiento_Atencin_Interdisciplinaria_Malnutricin_Versin_02_2020.pdf: Páginas 7 y 35 de 140; SISVENDIS-2023.pdf: Páginas 11 y 42 de 79; Procedimiento_Vigilancia_Crecimientoydesarrollo_intrayextramurosUIVCD.pdf: Página 7 de 45,"""...la Unidad de Investigación y Vigilancia del Crecimiento y Desarrollo, es la unidad organizativa responsable de conducir la adecuada ejecución de los lineamientos técnicos... para insumo en los estudios de efectos de país.""",REVIEW,REVIEW,0.5263,REVIEW,0.4211,REVIEW,0.3684,REVIEW,0.4737,REVIEW,0.4211,,,
corta_082,corta,¿Cuál es el criterio de edad para determinar si a un niño se le debe medir la longitud (acostado) o la estatura (de pie)?,"En menores de 2 años se mide obligatoriamente la longitud en posición acostada, mientras que la estatura de pie se aplica a partir de los 2 años cumplidos.",Manual-operativo-Evaluacion-estado-nutricional-2019.pdf; DVS_norma_nacional_uso_graficas_antropometricas_valoracion_nutriciol_0-19_2017.pdf,Manual-operativo-Evaluacion-estado-nutricional-2019.pdf: Páginas 5 y 13 de 48; DVS_norma_nacional_uso_graficas_antropometricas_valoracion_nutriciol_0-19_2017.pdf: Página 3,"""La longitud es la medición que se aplica a los niños o niñas menores de dos años o menores de 85 cm en posición decúbito dorsal. La talla es la medida de niños o niñas mayores de dos años o mayores de 85 cm y a adultos en posición de pie.""",REVIEW,REVIEW,0.7222,REVIEW,0.6667,REVIEW,0.6111,NO,0.1667,REVIEW,0.4444,,,
corta_083,corta,¿Cuál es el contenido técnico principal de las guías establecidas en el Anexo 6 del procedimiento?,El Anexo 6 provee las guías estandarizadas para la elaboración del informe anual de atención interdisciplinaria y el monitoreo del cumplimiento regional.,Procedimiento_Atencin_Interdisciplinaria_Malnutricin_Versin_02_2020.pdf,"Páginas 97, 98 y 99 de 140 (Anexo 6)","""Anexo 6. Guías para elaboración de informe y monitoreo. Para la elaboración de informe y monitoreo del cumplimiento del procedimiento se requiere: Hoja de reporte al hogar... Bitácora de sesiones... Formato de informe anual regional...""",MISS,NO,0.1667,NO,0.2222,NO,0.2778,NO,0.1667,NO,0.2222,,,
corta_085,corta,¿En qué modalidades de servicio es obligatorio realizar el control trimestral de placa bacteriana a niños mayores de 3 años?,"Este tamizaje de salud oral es obligatorio únicamente para los niños que asisten a servicios intramuros, como API o Comidas Servidas.",Procedimiento_Vigilancia_Crecimientoydesarrollo_intrayextramurosUIVCD.pdf; SISVENDIS-2023.pdf,Procedimiento_Vigilancia_Crecimientoydesarrollo_intrayextramurosUIVCD.pdf: Páginas 16 y 24 de 45; SISVENDIS-2023.pdf: Páginas 33 y 35 de 79,"""Detección, valoración y control de placa bacteriana... Se aplica a niñas y niños mayores de tres años que asisten a Comidas Servidas y API... Trimestral (intramuros).""",REVIEW,REVIEW,0.7222,REVIEW,0.6111,NO,0.1667,REVIEW,0.4444,REVIEW,0.4444,,,
corta_087,corta,¿Qué requisitos de orden administrativo deben cumplir los instrumentos de registro oficial como expedientes y bitácoras de acuerdos?,"Deben estar debidamente foliados, mantener un orden cronológico estricto y estar bajo custodia física segura en la Oficina Local.",Procedimiento_Atencin_Interdisciplinaria_Malnutricin_Versin_02_2020.pdf,"Páginas 121 y 122 de 140 (Anexo 8, numerales 1-4)","""3. Todo expediente deberá estar foliado."" / ""El expediente completo del niño o niña con malnutrición se archiva en el ampo, folder o archivo que el equipo interdisciplinario ha definido como lugar de custodia..."" / ""Todo funcionario que tenga acceso... deberá acatar lo establecido en la Ley 8968 de Protección de la persona...""",REVIEW,NO,0.2903,REVIEW,0.3548,REVIEW,0.3871,REVIEW,0.3548,NO,0.3226,,,
corta_089,corta,¿Qué acciones preventivas debe realizar el personal respecto al equipo de medición antes de iniciar una sesión de tamizaje?,"El personal debe verificar que las balanzas y tallímetros estén limpios, en condiciones óptimas de funcionamiento y debidamente calibrados.",Manual-operativo-Evaluacion-estado-nutricional-2019.pdf,Páginas 5 y 6 de 48 (Sección C. Pasos previos: 1. Preparación del equipo y 2. Preparación del lugar),"""1. Preparación del equipo: a. Para la balanza colóquele las baterías si es electrónica, si es mecánica verifique que las pesas estén en cero. b. Para el tallímetro, el estadiómetro portátil y/ o el infantómetro verifique su estado higiénico y lo legible de sus números.""",REVIEW,REVIEW,0.7917,NO,0.2083,NO,0.25,NO,0.2083,NO,0.25,,,
corta_093,corta,¿Qué miembro del equipo es el encargado de completar el registro de datos en el instrumento de seguimiento interdisciplinario?,El llenado puede ser ejecutado por cualquier profesional integrante del equipo interdisciplinario o personal asistente bajo supervisión profesional.,Procedimiento_Atencin_Interdisciplinaria_Malnutricin_Versin_02_2020.pdf,Páginas 77 y 81 de 140 (Instructivo del Instrumento de Seguimiento),"""El instrumento es responsabilidad de los miembros del equipo interdisciplinario... la toma de peso, talla y clasificación... puede ser realizada por el ASSC2, profesional de CEN CINAI, ASSC3... la calculadora del software Anthro y completa la casilla de puntaje Z [Profesional en Nutrición].""",REVIEW,REVIEW,0.7778,NO,0.2222,NO,0.2963,NO,0.2963,NO,0.3333,,,
corta_094,corta,¿Bajo qué condiciones relacionadas con el entorno familiar puede el equipo interdisciplinario otorgar el alta de un caso?,Se otorga cuando se verifica que los riesgos familiares están siendo manejados por el grupo familiar y se ha logrado la recuperación integral del niño.,Procedimiento_Atencin_Interdisciplinaria_Malnutricin_Versin_02_2020.pdf,Página 25 de 140 (Tarea 15) y Página 58 de 140,"""...dar de alta cuando se recupera estado nutricional."" / ""Una vez el niño o niña mejora su estado nutricional o los riesgos son manejados por el grupo familiar, se puede asignar otra estrategia, de índole grupal o un seguimiento individual más espaciado.""",REVIEW,NO,0.25,REVIEW,0.3929,NO,0.1429,REVIEW,0.3571,NO,0.2857,,,
corta_098,corta,¿Qué indicadores antropométricos son obligatorios para la valoración nutricional de la población escolar mayor de 5 años?,Se deben aplicar obligatoriamente los indicadores de Talla para Edad (T/E) e Índice de Masa Corporal (IMC).,DVS_norma_nacional_uso_graficas_antropometricas_valoracion_nutriciol_0-19_2017.pdf; Manual-operativo-Evaluacion-estado-nutricional-2019.pdf; Procedimiento_Atencin_Interdisciplinaria_Malnutricin_Versin_02_2020.pdf,DVS_norma_nacional_uso_graficas_antropometricas_valoracion_nutriciol_0-19_2017.pdf: Página 2; Manual-operativo-Evaluacion-estado-nutricional-2019.pdf: Página 8 de 48; Procedimiento_Atencin_Interdisciplinaria_Malnutricin_Versin_02_2020.pdf: Página 66 de 140,"""Para igual o mayores de 5 años (≥5 años): Se requiere la información de los indicadores IMC (Índice de Masa Corporal) y T/E (Talla para edad).""",REVIEW,REVIEW,0.5,REVIEW,0.7143,REVIEW,0.6429,REVIEW,0.7143,REVIEW,0.6429,,,
corta_100,corta,¿Qué datos personales del niño son estrictamente indispensables para determinar la edad corregida en menores prematuros?,"Son indispensables la fecha de nacimiento exacta, para determinar la edad cronológica, y las semanas de edad gestacional registradas al nacer.",Procedimiento_Vigilancia_Crecimientoydesarrollo_intrayextramurosUIVCD.pdf; Manual-operativo-Evaluacion-estado-nutricional-2019.pdf,Procedimiento_Vigilancia_Crecimientoydesarrollo_intrayextramurosUIVCD.pdf: Páginas 41 y 43-44 de 45; Manual-operativo-Evaluacion-estado-nutricional-2019.pdf: Página 31 de 48,"""1. Obtener datos de edad cronológica en semanas... Edad Corregida: se obtiene al restar a la edad cronológica que tiene el niño o niña en el momento de la atención, el número de semanas que le faltaron para cumplir con las 40 semanas de gestación.""",REVIEW,REVIEW,0.5238,REVIEW,0.6667,REVIEW,0.5238,REVIEW,0.619,REVIEW,0.4286,,,
abierta_001,abierta,"Explique cómo el sistema de semáforo (verde/amarillo/rojo) del EDIN/EDIN II determina las acciones que debe tomar el equipo interdisciplinario, comparando qué cambia entre un resultado y otro.","El sistema de semáforo clasifica el nivel de desarrollo para definir la intensidad del abordaje: el verde indica un desarrollo normal donde solo se mantienen actividades de promoción y recomendaciones al hogar. El amarillo (rezago) activa el diseño de un plan de estimulación específico y una revisión de estrategias tras tres meses; si el rezago persiste, se debe actualizar el plan o valorar referencias. El rojo (riesgo de retraso) representa la mayor alerta, obligando a una referencia inmediata al equipo interdisciplinario para una valoración profunda y, de ser necesario, la coordinación con servicios de salud externos como la CCSS.",Manual-EDIN-II-final-2020.pdf; Procedimiento_Atencin_Interdisciplinaria_Malnutricin_Versin_02_2020.pdf; Procedimiento_Vigilancia_Crecimientoydesarrollo_intrayextramurosUIVCD.pdf; SISVENDIS-2023.pdf,"Manual-EDIN-II-final-2020.pdf: Página 7 de 331; Procedimiento_Atencin_Interdisciplinaria_Malnutricin_Versin_02_2020.pdf: Páginas 37, 40, 52 y 95 de 140; Procedimiento_Vigilancia_Crecimientoydesarrollo_intrayextramurosUIVCD.pdf: Páginas 28 y 32 de 45; SISVENDIS-2023.pdf: Páginas 78-79 de 79","""Resultado adecuado (Verde)... Rezago en el desarrollo (Amarillo)... Riesgo de retraso del desarrollo (Rojo)..."" / ""Si los niños o niñas no logran superar el rezago [amarillo a los 3 meses], el equipo interdisciplinario actualiza la estrategia... Cuando presenta resultados global rojo... debe ser referido al equipo interdisciplinario...""",REVIEW,NO,0.1852,REVIEW,0.4815,NO,0.2963,REVIEW,0.4815,REVIEW,0.4444,,,
abierta_003,abierta,"Describa el proceso completo desde la detección de un niño con malnutrición hasta su egreso por evolución satisfactoria, señalando los responsables en cada etapa.","El proceso inicia con la detección por parte del personal ASSC 3/2 o profesional del establecimiento, quienes deben referir el caso en un máximo de 5 días hábiles. Posteriormente, el equipo interdisciplinario de la Oficina Local sesiona mensualmente para analizar, priorizar el caso en grupos de riesgo y diseñar el Plan de Atención. Se ejecutan estrategias de seguimiento (individual, grupal o familiar) y se registran avances en la herramienta Excel. El egreso satisfactorio lo dictamina el equipo interdisciplinario cuando se documenta la recuperación del estado nutricional normal y la superación de los rezagos en el desarrollo.",Procedimiento_Atencin_Interdisciplinaria_Malnutricin_Versin_02_2020.pdf,"Páginas 21-32, 38-46, 62-69, 77-81 y 125 de 140","""Tarea 1 a Tarea 16 del Procedimiento... Detección... Referencia... Priorización... Plan de atención... Seguimientos... Egreso por evolución satisfactoria...""",REVIEW,NO,0.3077,NO,0.2308,REVIEW,0.4615,REVIEW,0.3846,REVIEW,0.6154,,,
abierta_005,abierta,"¿Cómo se relaciona el rol de la UIVCD en el nivel central con el trabajo del equipo interdisciplinario en el nivel local, considerando el flujo de información descrito en el procedimiento?","La relación es de retroalimentación técnica y normativa: el nivel local genera la información primaria mediante la digitación de tamizajes en herramientas Excel y bitácoras de seguimiento. Esta información fluye hacia las Direcciones Regionales y finalmente a la UIVCD, que se encarga de analizar los datos a nivel nacional para generar informes de ""Datos Básicos"" e infografías de gestión. Con estos insumos, la UIVCD actualiza las normas y manuales que orientan el trabajo operativo local, cerrando el ciclo de mejora continua basada en evidencia.",SISVENDIS-2023.pdf; Procedimiento_Atencin_Interdisciplinaria_Malnutricin_Versin_02_2020.pdf; Procedimiento_Vigilancia_Crecimientoydesarrollo_intrayextramurosUIVCD.pdf,"SISVENDIS-2023.pdf: Páginas 11, 37, 41-46 y 54 de 79; Procedimiento_Atencin_Interdisciplinaria_Malnutricin_Versin_02_2020.pdf: Páginas 7, 33-35 y 98 de 140; Procedimiento_Vigilancia_Crecimientoydesarrollo_intrayextramurosUIVCD.pdf: Página 7 de 45","""Oficina Local: Recopila y digita en la herramienta Excel... Área Técnica Regional: Elabora el consolidado regional y envía a la UIVCD... UIVCD-DT: Elabora el informe nacional y realiza la evaluación de efectos...""",REVIEW,REVIEW,0.4444,NO,0.3333,NO,0.1667,NO,0.1667,NO,0.1111,,,
abierta_006,abierta,"Explique el papel del enfoque de salud pública y atención primaria en el diseño de este procedimiento, y qué implicaciones tiene para el trabajo del equipo interdisciplinario.","El diseño se basa en reconocer los Determinantes Sociales de la Salud (DSS), entendiendo que la malnutrición no es solo un problema biológico sino el resultado de factores socioeconómicos y culturales. Para el equipo interdisciplinario, esto implica que su labor trasciende la consulta clínica, obligándolos a trabajar de forma colaborativa en la detección temprana de riesgos y la promoción de la salud en el entorno familiar. Las estrategias deben ser preventivas y adaptadas a la realidad de la comunidad, buscando el empoderamiento de las familias y no solo la corrección de cifras antropométricas.",Procedimiento_Atencin_Interdisciplinaria_Malnutricin_Versin_02_2020.pdf; Normas-sustantivas-CEN-CINAI-30-09-2021.pdf; SISVENDIS-2023.pdf,Procedimiento_Atencin_Interdisciplinaria_Malnutricin_Versin_02_2020.pdf: Páginas 3 y 8 de 140; Normas-sustantivas-CEN-CINAI-30-09-2021.pdf: Páginas 18 y 19 de 20; SISVENDIS-2023.pdf: Páginas 37 y 50 de 79,"""Esta atención interdisciplinaria se realiza con un enfoque Integral en Salud Pública considerando los factores determinantes sociales de la salud... siguiendo los principios de atención primaria en salud..."" / ""...reconoce los determinantes sociales de la salud... por lo que la atención al niño o niña con malnutrición debe ser planificada y abordada en respuesta a los múltiples factores...""",REVIEW,REVIEW,0.5862,REVIEW,0.4483,REVIEW,0.3793,NO,0.2414,REVIEW,0.5862,,,
abierta_007,abierta,"¿Qué diferencias existen entre una referencia hacia otra institución (CCSS, MEP, PANI, IMAS) y el manejo interno de un caso dentro de CEN-CINAI, en términos de responsabilidades y seguimiento?","El manejo interno implica que CEN-CINAI mantiene la custodia del caso, aplicando planes de estimulación, educación alimentaria y seguimiento nutricional directo por su equipo interdisciplinario. Por el contrario, la referencia externa traslada la responsabilidad de la atención especializada (clínica en CCSS, protección legal en PANI o educativa en MEP) a la institución competente. No obstante, CEN-CINAI no abandona el caso, sino que debe mantener una coordinación intersectorial y seguimiento con el grupo familiar para asegurar que el niño reciba las atenciones referidas.",Procedimiento_Atencin_Interdisciplinaria_Malnutricin_Versin_02_2020.pdf; SISVENDIS-2023.pdf,"Procedimiento_Atencin_Interdisciplinaria_Malnutricin_Versin_02_2020.pdf: Páginas 22, 28, 60, 68 y 84-88 de 140; SISVENDIS-2023.pdf: Páginas 37 y 50 de 79","""...cuando se considere necesario se activa el Sistema de Referencia y Contrareferencia..."" / ""Cualquier miembro del equipo interdisciplinario realiza las referencias a otras instituciones... y da seguimiento a la misma...""",REVIEW,REVIEW,0.3684,NO,0.2632,REVIEW,0.4737,NO,0.2632,NO,0.1579,,,
abierta_008,abierta,Analice cómo el procedimiento garantiza tanto la calidad de la información registrada como la confidencialidad de los datos de los niños y niñas atendidos.,"La calidad se asegura mediante guías de revisión obligatorias para las jefaturas, quienes aplican filtros en la herramienta Excel para detectar datos extremos, no congruentes o errores de cálculo como ""#¡VALOR!"". La confidencialidad se garantiza a través del resguardo físico de los expedientes debidamente foliados en las Oficinas Locales y el manejo restringido de las bases de datos digitales. Además, el procedimiento permite el registro de menores bajo la etiqueta de ""indocumentado"" para asegurar su atención sin vulnerar su seguridad jurídica o social.",Procedimiento_Atencin_Interdisciplinaria_Malnutricin_Versin_02_2020.pdf,"Páginas 6, 33-34, 89-94 y 121-125 de 140 (Anexo 5 y Anexo 8)","""Todo funcionario... deberá cumplir con las reglas de ética profesional y de confidencialidad... Ley 8968..."" / ""Para la revisión de la calidad de los datos de la herramienta... se utiliza la Guía de revisión de calidad..."" / ""anotaciones más detalladas y propias de la especialidad... estará bajo la custodia del profesional respectivo y no se archivan como parte del expediente.""",REVIEW,NO,0.2941,NO,0.2647,NO,0.2353,REVIEW,0.5,NO,0.1765,,,
abierta_010,abierta,"Explique cómo el procedimiento maneja los casos en los que un niño o niña recupera su estado nutricional pero mantiene rezago en el desarrollo, incluyendo el concepto de ""período de protección"".","Cuando un niño alcanza la normalidad nutricional pero persiste un rezago (amarillo) o riesgo (rojo) en el desarrollo, el equipo interdisciplinario debe mantener las estrategias de seguimiento en sesiones de apoyo hasta que se logre el progreso esperado. En el caso específico de los beneficiarios del servicio DAF, al recuperar su estado normal inician un ""año de protección"" (clasificados en Grupo J, Prioridad 4), donde se les continúa brindando el beneficio alimentario mientras el equipo asegura la consolidación de su estado nutricional y de desarrollo integral.",Procedimiento_Atencin_Interdisciplinaria_Malnutricin_Versin_02_2020.pdf; Normas-sustantivas-CEN-CINAI-30-09-2021.pdf,"Procedimiento_Atencin_Interdisciplinaria_Malnutricin_Versin_02_2020.pdf: Páginas 25, 31-32, 38, 45, 52 y 67-68 de 140; Normas-sustantivas-CEN-CINAI-30-09-2021.pdf: Página 13 de 20","""Grupo J Prioridad 4: Niños y niñas que reciben DAF y han recuperado su estado nutricional normal... se inicia el año de protección en DAF... para que controle el peso y talla a los 10 meses de estar en periodo de protección y verifique su ENU normal...""",MISS,NO,0.36,NO,0.4,NO,0.32,NO,0.32,NO,0.24,,,
abierta_011,abierta,"Explique las diferencias entre las modalidades ""intramuros"" y ""extramuros"" en cuanto a la frecuencia de vigilancia nutricional para un niño con estado nutricional normal.","En la modalidad intramuros (como API o Comidas Servidas), la vigilancia es más constante debido a la asistencia diaria del niño al establecimiento, permitiendo tamizajes según la programación de los servicios. Para la modalidad extramuros (como Distribución de Leche o DAF), un niño con estado nutricional normal en todos sus indicadores debe ser evaluado antropométricamente una vez al año. Sin embargo, si el niño presenta bajo peso en el indicador de Peso/Edad aun siendo normal en los demás, la frecuencia de evaluación en extramuros aumenta a dos veces por año.",Procedimiento_Vigilancia_Crecimientoydesarrollo_intrayextramurosUIVCD.pdf,Página 17 de 45 (Tabla 2: Frecuencia de los tamizajes),"""Niña o niño con estado nutricional normal en todos los indicadores: Intramuros: dos veces al año. Extramuros: una vez al año.""",REVIEW,NO,0.5,REVIEW,0.4375,REVIEW,0.4375,NO,0.4375,REVIEW,0.6875,,,
abierta_014,abierta,Explique el flujo de información de vigilancia desde que se registra un tamizaje en el expediente clínico hasta que los datos se consolidan a nivel regional.,"El flujo inicia con el registro manual del tamizaje (peso, talla, EDIN) en el expediente físico del menor por parte del personal operativo. Estos datos son trasladados luego a la herramienta digital Excel de la Oficina Local, marcando la casilla de ""digitado"" en el instrumento físico para control. Mensualmente, las Oficinas Locales consolidan su información y la remiten a la Dirección Regional, donde el equipo ATE supervisa la calidad y genera un informe regional anual que resume el estado nutricional y de desarrollo de su población.",SISVENDIS-2023.pdf; Procedimiento_Atencin_Interdisciplinaria_Malnutricin_Versin_02_2020.pdf,"SISVENDIS-2023.pdf: Páginas 37, 44-46 y 54-56 de 79; Procedimiento_Atencin_Interdisciplinaria_Malnutricin_Versin_02_2020.pdf: Páginas 33-35 de 140","""Establecimiento: Mantiene actualizados los registros de tamizajes en los expedientes... completa manualmente el Formulario datos de vigilancia... Oficina Local: Recopila y digita en la herramienta Excel... elabora el consolidado local y envía al nivel regional... Área Técnica Regional: Elabora el consolidado de dirección regional y envía al nivel nacional...""",MISS,NO,0.4815,NO,0.4444,NO,0.1111,NO,0.2222,NO,0.2963,,,
abierta_015,abierta,"Analice cómo el ""enfoque de salud pública"" obliga al personal a considerar factores no antropométricos al interpretar un estado nutricional inadecuado.","Este enfoque impone una visión de integralidad, donde el personal no puede limitarse a reportar un peso bajo, sino que debe investigar las causas raíz en el entorno del niño. Factores como el hacinamiento, la falta de agua potable, el destete temprano o el nivel educativo de la madre son determinantes críticos que deben anotarse en el expediente y considerarse en la sesión interdisciplinaria. La interpretación del estado nutricional se convierte así en un diagnóstico social que guía intervenciones orientadas a modificar las condiciones de vida y no solo la ingesta calórica.",SISVENDIS-2023.pdf; Procedimiento_Atencin_Interdisciplinaria_Malnutricin_Versin_02_2020.pdf,"SISVENDIS-2023.pdf: Páginas 15, 36-37 y 50-52 de 79; Procedimiento_Atencin_Interdisciplinaria_Malnutricin_Versin_02_2020.pdf: Páginas 3, 8, 23 y 39-45 de 140","""Enfoque de salud pública en la atención de la malnutrición: Reconoce los determinantes sociales de la salud... la atención al niño o niña con malnutrición debe ser planificada y abordada en respuesta a los múltiples factores..."" / ""...el equipo de profesionales define de manera conjunta y colaborativa, el nivel de prioridad de cada caso, considerando aspectos de salud, estado nutricional, nivel del desarrollo, datos del grupo familiar, riesgo social...""",MISS,NO,0.3,NO,0.325,NO,0.425,NO,0.25,NO,0.275,,,
abierta_017,abierta,Explique cuáles son las responsabilidades específicas de la persona profesional en Nutrición de la Oficina Local cuando se detecta un niño con necesidades especiales de crecimiento.,"El nutricionista es el responsable técnico de realizar la clasificación definitiva del estado nutricional utilizando patrones de crecimiento específicos (como los de Síndrome de Down o Acondroplasia) en lugar del estándar OMS 2006. Debe verificar la precisión de los datos de detección mediante el uso del software Anthro de la OMS y anotar el patrón utilizado en el expediente. Además, lidera el acompañamiento técnico del personal ASSC para asegurar que las mediciones en estos casos complejos mantengan los más altos estándares de calidad.",SISVENDIS-2023.pdf; Procedimiento_Vigilancia_Crecimientoydesarrollo_intrayextramurosUIVCD.pdf; Procedimiento_Atencin_Interdisciplinaria_Malnutricin_Versin_02_2020.pdf,"SISVENDIS-2023.pdf: Páginas 31 y 50 de 79; Procedimiento_Vigilancia_Crecimientoydesarrollo_intrayextramurosUIVCD.pdf: Páginas 13, 22 y 45 de 45; Procedimiento_Atencin_Interdisciplinaria_Malnutricin_Versin_02_2020.pdf: Página 12 de 140","""La clasificación del estado nutricional lo realiza la persona profesional en nutrición... Manual para la evaluación del estado nutricional de niñas y niños con necesidades especiales... En casos donde no se dispone de patrón de crecimiento específico, se refiere el caso a la Unidad de Investigación y Vigilancia del Crecimiento y Desarrollo, para emitir criterio...""",REVIEW,REVIEW,0.5667,REVIEW,0.4333,NO,0.2667,REVIEW,0.4667,REVIEW,0.7667,,,
abierta_018,abierta,Compare los requerimientos de tamizaje y los indicadores utilizados para la valoración nutricional integral en niños menores de 5 años frente a los mayores de 5 años.,"Para los menores de 5 años, los requerimientos incluyen tamizajes de Peso/Edad, Peso/Talla, Talla/Edad y la evaluación del desarrollo mediante EDIN II, sumado al control trimestral de placa bacteriana para mayores de 3 años en API. En contraste, para los mayores de 5 años, el indicador Peso/Talla se elimina y se utiliza obligatoriamente el IMC, se mantiene Talla/Edad y la evaluación del desarrollo migra a la prueba EVADE. Esta diferenciación asegura que los instrumentos de vigilancia sean sensibles a los cambios biológicos y demandas cognitivas de cada grupo etario.",DVS_norma_nacional_uso_graficas_antropometricas_valoracion_nutriciol_0-19_2017.pdf; Manual-operativo-Evaluacion-estado-nutricional-2019.pdf; Procedimiento_Vigilancia_Crecimientoydesarrollo_intrayextramurosUIVCD.pdf; SISVENDIS-2023.pdf,"DVS_norma_nacional_uso_graficas_antropometricas_valoracion_nutriciol_0-19_2017.pdf: Página 2; Manual-operativo-Evaluacion-estado-nutricional-2019.pdf: Páginas 8 y 11 de 48; Procedimiento_Vigilancia_Crecimientoydesarrollo_intrayextramurosUIVCD.pdf: Páginas 10, 15-16 y 22 de 45; SISVENDIS-2023.pdf: Páginas 31-35 de 79","""En niños y niñas menores de 5 años se debe utilizar los tres indicadores antropométricos peso para edad, peso para talla y talla para edad... Para igual o mayores de 5 años (≥5 años): Se requiere la información de los indicadores IMC y T/E...""",REVIEW,NO,0.3158,REVIEW,0.7895,NO,0.6842,REVIEW,0.5263,NO,0.3158,,,
abierta_019,abierta,"Explique la importancia de las ""líneas de tendencia"" en las gráficas de crecimiento y cómo deben representarse visualmente en el expediente según los manuales.","Las líneas de tendencia son fundamentales para el seguimiento clínico porque permiten observar la velocidad y dirección del crecimiento en el tiempo, lo cual es más informativo que un dato aislado. Visualmente, se representan uniendo con una línea recta los puntos resultantes de al menos dos mediciones sucesivas ploteadas en las gráficas de crecimiento del expediente. Una línea plana o descendente es un signo de alerta que requiere atención inmediata del equipo interdisciplinario, incluso si el niño aún se encuentra dentro de los rangos considerados normales.",Manual-operativo-Evaluacion-estado-nutricional-2019.pdf; DVS_norma_nacional_uso_graficas_antropometricas_valoracion_nutriciol_0-19_2017.pdf; Procedimiento_Vigilancia_Crecimientoydesarrollo_intrayextramurosUIVCD.pdf,Manual-operativo-Evaluacion-estado-nutricional-2019.pdf: Páginas 14-15 y 28-30 de 48; DVS_norma_nacional_uso_graficas_antropometricas_valoracion_nutriciol_0-19_2017.pdf: Páginas 2-5; Procedimiento_Vigilancia_Crecimientoydesarrollo_intrayextramurosUIVCD.pdf: Página 21 de 45,"""Cuando hay puntos marcados de dos o más visitas, una los puntos con una línea recta para conocer la tendencia."" / ""Tendencia: Evolución de dos o más mediciones en el tiempo, se puede visualizar en el tiempo trazando una línea que se realiza al unir dos o más puntos en una gráfica...""",REVIEW,REVIEW,0.4,REVIEW,0.4,REVIEW,0.44,REVIEW,0.4,NO,0.2,,,
abierta_020,abierta,Describa cómo la actualización de SISVENDIS 2023 integra la vigilancia de la salud oral y la diversidad alimentaria como complementos a la vigilancia nutricional tradicional.,"El SISVENDIS 2023 trasciende la antropometría básica al incluir la ""Consulta sobre diversidad alimentaria mínima"", que evalúa la calidad de la dieta del niño, y la vigilancia de la salud oral mediante el odontograma trimestral para detectar placa bacteriana. Estos complementos permiten identificar riesgos de salud antes de que se manifiesten como alteraciones de peso o talla. Al integrar estos factores en la herramienta de vigilancia institucional, CEN-CINAI fortalece su capacidad de respuesta temprana ante carencias de micronutrientes y malos hábitos de higiene.",SISVENDIS-2023.pdf; Procedimiento_Vigilancia_Crecimientoydesarrollo_intrayextramurosUIVCD.pdf,"SISVENDIS-2023.pdf: Páginas 29, 33, 35 y 75-79 de 79; Procedimiento_Vigilancia_Crecimientoydesarrollo_intrayextramurosUIVCD.pdf: Páginas 16 y 24-28 de 45","""Se actualizan los tamizajes de: Consulta sobre diversidad alimentaria mínima y frecuencia de consumo... odontograma para el control anual de placa bacteriana HOMA..."" / ""HOMA: higiene oral para el control anual de placa bacteriana... Trimestral (intramuros).""",MISS,NO,0.0952,NO,0.1905,NO,0.2857,NO,0.2381,NO,0.1905,,,
abierta_022,abierta,Compare las responsabilidades del ASSC 2 frente al ASSC 3 en la aplicación de la prueba EDIN II y la vigilancia nutricional.,"El personal ASSC 3 tiene la responsabilidad primordial de ejecutar la evaluación del estado nutricional, encargándose de la toma de medidas de peso y talla. Por su parte, el ASSC 2 es el responsable principal de aplicar la prueba EDIN II para determinar el nivel de desarrollo integral y realizar tamizajes auditivos. Ambos roles deben colaborar en los establecimientos bajo el modelaje y acompañamiento técnico del equipo interdisciplinario de la Oficina Local. Es deber de ambos asegurar la calidad del registro manual en los expedientes físicos antes de su digitación regional.",Procedimiento_Vigilancia_Crecimientoydesarrollo_intrayextramurosUIVCD.pdf; Normas-sustantivas-CEN-CINAI-30-09-2021.pdf,Procedimiento_Vigilancia_Crecimientoydesarrollo_intrayextramurosUIVCD.pdf: Páginas 32 y 39-40 de 45; Normas-sustantivas-CEN-CINAI-30-09-2021.pdf: Página 11 de 20,"""Evaluación del Estado Nutricional con medidas antropométricas: ASSC 3, Profesional de establecimiento... Prueba de Evaluación del Desarrollo Integral (EDIN II): ASSC 2, Profesional de establecimiento...""",MISS,NO,0.4286,NO,0.5714,NO,0.5,NO,0.4286,NO,0.1429,,,
abierta_027,abierta,"Explique la importancia de las ""Líneas de Tendencia"" en la herramienta de seguimiento y qué acciones debe tomar el equipo ante una tendencia negativa.","Las líneas de tendencia permiten visualizar la velocidad y dirección del crecimiento del niño al unir puntos de mediciones sucesivas en las gráficas. Una tendencia negativa, representada por una línea plana o descendente, es una señal de alerta temprana que indica un estancamiento en el desarrollo. Ante este hallazgo, el equipo interdisciplinario debe sesionar de forma inmediata para revisar y ajustar las estrategias de estimulación y el plan alimentario. Esta herramienta es crucial para tomar decisiones preventivas antes de que el niño caiga en rangos de malnutrición severa.",Procedimiento_Atencin_Interdisciplinaria_Malnutricin_Versin_02_2020.pdf; Manual-operativo-Evaluacion-estado-nutricional-2019.pdf; DVS_norma_nacional_uso_graficas_antropometricas_valoracion_nutriciol_0-19_2017.pdf,"Procedimiento_Atencin_Interdisciplinaria_Malnutricin_Versin_02_2020.pdf: Páginas 25, 60 y 94 de 140; Manual-operativo-Evaluacion-estado-nutricional-2019.pdf: Páginas 14-15 de 48; DVS_norma_nacional_uso_graficas_antropometricas_valoracion_nutriciol_0-19_2017.pdf: Página 5","""Se debe garantizar que no existan seguimientos vacíos... Para facilitar esta revisión puede visualizarse en la hoja de Tendencia ENU."" / ""...línea descendente: indica que el peso ha disminuido... lo que da una señal de alerta... el equipo interdisciplinario actualiza la estrategia de abordaje...""",REVIEW,REVIEW,0.4286,REVIEW,0.4643,REVIEW,0.4643,NO,0.2857,NO,0.2857,,,
abierta_028,abierta,"Compare los objetivos de la modalidad ""Intramuros"" (API-EC-N-01) y ""Extramuros"" (API-EX-N-07) respecto a la promoción del crecimiento y desarrollo.","La modalidad intramuros ofrece una atención diaria y sistemática que permite tamizajes frecuentes, incluyendo odontogramas trimestrales y evaluaciones cualitativas constantes. En contraste, la modalidad extramuros se enfoca en niños que no asisten diariamente, priorizando la vigilancia del crecimiento anual y la distribución de suplementos como la leche. Ambas modalidades comparten el objetivo de detectar riesgos tempranos mediante técnicas antropométricas y la prueba EDIN II. No obstante, intramuros permite una intervención interdisciplinaria más directa y un monitoreo más estrecho de los hitos del desarrollo.",Normas-sustantivas-CEN-CINAI-30-09-2021.pdf,"Páginas 10, 15 y 16 de 20","""API-EC-N-01... Es la Atención y Protección Cotidiana a los niños y las niñas, en espacios sanos, seguros y estimulantes... API-EX-N-07... consiste en acciones educativas que promueven habilidades y competencias sociales para la promoción del crecimiento y desarrollo...""",REVIEW,NO,0.4,NO,0.64,REVIEW,0.56,NO,0.44,NO,0.48,,,
abierta_031,abierta,Explique las diferencias en la selección de gráficas de crecimiento para un niño con Síndrome de Down versus un niño nacido prematuro con menos de 50 semanas.,"Para un niño con Síndrome de Down se deben utilizar patrones de referencia específicos para esa condición, en lugar de las curvas estándar de la OMS. En el caso del niño prematuro menor de 50 semanas gestacionales, el estándar institucional exige el uso exclusivo de las gráficas de Fenton (2013). Una vez que el niño prematuro supera las 50 semanas gestacionales, se realiza la transición al patrón de crecimiento OMS 2006 utilizando la edad corregida. Estas distinciones son vitales para evitar clasificaciones erróneas del estado nutricional en poblaciones con necesidades especiales.",DVS_norma_nacional_uso_graficas_antropometricas_valoracion_nutriciol_0-19_2017.pdf; Procedimiento_Vigilancia_Crecimientoydesarrollo_intrayextramurosUIVCD.pdf; SISVENDIS-2023.pdf,"DVS_norma_nacional_uso_graficas_antropometricas_valoracion_nutriciol_0-19_2017.pdf: Páginas 2 y 7; Procedimiento_Vigilancia_Crecimientoydesarrollo_intrayextramurosUIVCD.pdf: Páginas 41-42, 45 de 45; SISVENDIS-2023.pdf: Páginas 31 y 50 de 79","""Gráficas de Fenton, 2013: se utiliza en niñas y niños pretérmino... con edad de hasta 50 semanas gestacionales..."" / ""Manual para la evaluación del estado nutricional de niñas y niños con necesidades especiales... abarca Síndrome de Down... usando patrones somáticos específicos.""",REVIEW,NO,0.4444,REVIEW,0.4815,REVIEW,0.6296,NO,0.3333,REVIEW,0.5556,,,
abierta_033,abierta,"Analice el rol del ""Equipo de Área Técnica Regional"" en la consolidación del informe anual de malnutrición y la toma de decisiones basada en datos.",Este equipo actúa como el garante técnico de la supervisión y asesoría para las Oficinas Locales y los establecimientos de su región. Tienen la tarea de consolidar los datos de las herramientas Excel locales para elaborar un informe anual que resuma los hallazgos en nutrición y desarrollo. Realizan reflexiones analíticas sobre los resultados por oficina para identificar necesidades de capacitación o recursos adicionales. Su análisis permite que la Dirección Regional oriente sus metas y estrategias basándose en la situación epidemiológica real de su población atendida.,Procedimiento_Atencin_Interdisciplinaria_Malnutricin_Versin_02_2020.pdf; SISVENDIS-2023.pdf,"Procedimiento_Atencin_Interdisciplinaria_Malnutricin_Versin_02_2020.pdf: Páginas 33-35, 98-99 de 140; SISVENDIS-2023.pdf: Páginas 37 y 51 de 79","""Jefatura de Área Técnica Regional... analiza los principales hallazgos obtenidos a partir de la información generada por los cuadros de salida de las herramientas... como insumo para la toma de decisiones y las acciones de acompañamiento técnico y seguimiento.""",REVIEW,REVIEW,0.5769,REVIEW,0.6154,NO,0.1923,NO,0.3077,REVIEW,0.7692,,,
abierta_034,abierta,"Explique cómo se determina la Prioridad 4 (Grupo J) y qué implica el concepto de ""año de protección"" para niños que reciben DAF.","La Prioridad 4 se asigna a niños beneficiarios del servicio DAF que han logrado recuperar un estado nutricional normal en todos sus indicadores. El ""año de protección"" es un periodo de 12 meses durante el cual el niño continúa recibiendo el beneficio alimentario para asegurar la estabilidad de su recuperación. Durante este tiempo, se clasifica en el Grupo J y el equipo interdisciplinario realiza seguimientos menos frecuentes, generalmente cada 10 meses. Este mecanismo busca prevenir recaídas nutricionales inmediatas y consolidar los avances logrados en el desarrollo integral.",Procedimiento_Atencin_Interdisciplinaria_Malnutricin_Versin_02_2020.pdf; Normas-sustantivas-CEN-CINAI-30-09-2021.pdf,"Procedimiento_Atencin_Interdisciplinaria_Malnutricin_Versin_02_2020.pdf: Páginas 31-32, 38 y 45 de 140; Normas-sustantivas-CEN-CINAI-30-09-2021.pdf: Páginas 13 y 20 de 20","""Grupo J Prioridad 4: Niños y niñas que reciben DAF y han recuperado su estado nutricional normal en todos los indicadores, por lo tanto, se inicia el año de protección en DAF... para que controle el peso y talla a los 10 meses de estar en periodo de protección y verifique su ENU normal...""",REVIEW,REVIEW,0.7931,REVIEW,0.5517,NO,0.3103,REVIEW,0.7241,NO,0.2069,,,
abierta_035,abierta,Describa la relación entre el tamizaje de agudeza visual y auditiva y el desarrollo integral del niño según los fundamentos del SISVENDIS.,"Estos tamizajes son pilares de la vigilancia integral, ya que cualquier déficit sensorial no detectado puede obstaculizar gravemente el aprendizaje y la comunicación. El SISVENDIS integra estas pruebas para identificar barreras físicas al desarrollo cognitivo y social de manera temprana. Al detectar problemas visuales o auditivos, el equipo puede realizar referencias oportunas a especialistas externos para mitigar el impacto en el desempeño escolar. Este enfoque refuerza la visión del niño como un ser integral donde la salud física es el cimiento para la adquisición de habilidades complejas.",SISVENDIS-2023.pdf; Procedimiento_Vigilancia_Crecimientoydesarrollo_intrayextramurosUIVCD.pdf,"SISVENDIS-2023.pdf: Páginas 33, 34 y 75 de 79; Procedimiento_Vigilancia_Crecimientoydesarrollo_intrayextramurosUIVCD.pdf: Páginas 16, 24 y 28 de 45","""...Para conocer la agudeza auditiva que tiene las niñas y los niños para percibir y discriminar los sonidos... Para conocer la nitidez de la visión o agudeza visual... se refieren y verifica el control en el EBAIS más cercano.""",REVIEW,REVIEW,0.4091,REVIEW,0.7273,NO,0.4091,NO,0.2727,NO,0.3182,,,
abierta_036,abierta,"Explique el sistema de calificación por colores de la prueba EDIN II y qué acciones específicas se derivan de un resultado ""Amarillo"" tras tres meses de intervención.","El color amarillo indica un ""rezago"", lo que significa que el niño no ha logrado los hitos esperados para su grupo de edad actual. Si este resultado persiste tras tres meses de aplicar el plan de estimulación inicial, el equipo debe actualizar obligatoriamente la estrategia de abordaje. Esto incluye diseñar nuevas actividades de estimulación específicas y reforzar las recomendaciones educativas para el hogar. Si no hay mejoría posterior, el equipo debe valorar la referencia del caso a servicios de salud especializados de la CCSS.",Manual-EDIN-II-final-2020.pdf; Procedimiento_Atencin_Interdisciplinaria_Malnutricin_Versin_02_2020.pdf; Procedimiento_Vigilancia_Crecimientoydesarrollo_intrayextramurosUIVCD.pdf,Manual-EDIN-II-final-2020.pdf: Página 7 de 331; Procedimiento_Atencin_Interdisciplinaria_Malnutricin_Versin_02_2020.pdf: Páginas 52 y 60 de 140; Procedimiento_Vigilancia_Crecimientoydesarrollo_intrayextramurosUIVCD.pdf: Página 28 de 45,"""Luego de tres meses de aplicación de las estrategias se verifica si fue superado el rezago... Si los niños o niñas no logran superar el rezago, el equipo interdisciplinario actualiza la estrategia de abordaje y el plan de estimulación.""",REVIEW,NO,0.2727,NO,0.0455,NO,0.2727,NO,0.2727,REVIEW,0.4091,,,
abierta_037,abierta,"Analice cómo la norma de ""Selección de Usuarios"" (SC-N-01) garantiza la equidad en el acceso a los servicios de CEN-CINAI.","La norma exige la aplicación de un estudio de selección a todas las personas interesadas que se encuentren en condición de pobreza o riesgo social. Al estandarizar los criterios antropométricos y socioeconómicos de ingreso, se asegura que los recursos institucionales se asignen a quienes tienen mayor vulnerabilidad. CEN-CINAI evita la exclusión arbitraria mediante el uso de herramientas objetivas como la boleta CAH y el CAF para medir la necesidad real. Este marco normativo garantiza que el acceso a la salud pública sea un derecho ejercido con equidad y basado en evidencia técnica.",Normas-sustantivas-CEN-CINAI-30-09-2021.pdf,Páginas 10-11 y 24-27 de 20 (Norma SC-N-01),"""La selección de usuarios se realiza desde un enfoque de equidad, focalizando sus acciones en la población materno-infantil que cumple con los siguientes criterios: situación de pobreza y riesgo social... por lo que se hacen todos los esfuerzos por atender a la totalidad de las niñas y niños en condición de pobreza extrema.""",REVIEW,REVIEW,0.6364,NO,0.3636,REVIEW,0.6667,REVIEW,0.7576,NO,0.2727,,,
abierta_041,abierta,Describa el flujo de información desde que se detecta un caso con boleta VE01 hasta que se registra en el Sistema Nacional de Vigilancia de la Salud.,"Una vez detectado el caso de malnutrición, el funcionario tiene un plazo máximo de 5 días hábiles para completar la boleta de notificación individual VE01. Esta boleta se remite inmediatamente al Área Rectora de Salud del Ministerio de Salud más cercana al establecimiento. Este paso integra la detección local de CEN-CINAI en el Sistema Nacional de Vigilancia de la Salud para el seguimiento epidemiológico estatal. Simultáneamente, la información se digita en la herramienta Excel institucional para el control administrativo regional y nacional.",Procedimiento_Atencin_Interdisciplinaria_Malnutricin_Versin_02_2020.pdf; DVS_norma_nacional_uso_graficas_antropometricas_valoracion_nutriciol_0-19_2017.pdf,"Procedimiento_Atencin_Interdisciplinaria_Malnutricin_Versin_02_2020.pdf: Páginas 25, 52, 72 y 103; DVS_norma_nacional_uso_graficas_antropometricas_valoracion_nutriciol_0-19_2017.pdf: Páginas 27-28","""Registro de la notificación obligatoria, en la plataforma SINAVISA de vigilancia de la salud o con base al mecanismo acordado con el Área Rectora de Salud respectiva. Decreto de Notificación obligatoria # 40556-S. Ministerio de Salud.""",MISS,NO,0.2353,NO,0.1176,NO,0.1765,NO,0.2353,NO,0.2941,,,
abierta_042,abierta,Explique cómo se utiliza el nomograma del Anexo 3 para el cálculo del IMC y en qué casos es preferible usar la calculadora del software Anthro.,"El nomograma es una herramienta gráfica que permite una estimación rápida del IMC en niños mayores de 5 años cruzando los valores de peso y talla. No obstante, el software Anthro de la OMS es preferible para clasificaciones definitivas debido a su capacidad para calcular puntajes Z exactos. Los profesionales en Nutrición deben utilizar Anthro para verificar los datos de detección y asegurar la confiabilidad del diagnóstico nutricional institucional. Su uso es obligatorio en casos complejos o de niños con necesidades especiales que requieren patrones de referencia específicos.",Manual-operativo-Evaluacion-estado-nutricional-2019.pdf; Procedimiento_Atencin_Interdisciplinaria_Malnutricin_Versin_02_2020.pdf,"Manual-operativo-Evaluacion-estado-nutricional-2019.pdf: Páginas 18 y 24; Procedimiento_Atencin_Interdisciplinaria_Malnutricin_Versin_02_2020.pdf: Páginas 62, 66 y 81","""Determinar o calcular el IMC a partir del peso y la talla... mediante el uso de una tabla... o un nomograma... En la fila Puntaje Z, el profesional en nutrición de la Oficina Local deberá obtener el dato utilizando la calculadora del software Anthro... Se debe anotar el resultado con dos decimales y signo...""",REVIEW,REVIEW,0.375,REVIEW,0.75,REVIEW,0.4062,NO,0.3125,REVIEW,0.375,,,
abierta_043,abierta,Compare la frecuencia de las sesiones de análisis interdisciplinario de casos con la periodicidad de los informes regionales.,"Las sesiones de análisis interdisciplinario de casos activos se realizan con una frecuencia mínima mensual en cada Oficina Local. Por el contrario, los informes regionales que consolidan los hallazgos de todas las oficinas tienen una periodicidad anual. Mientras que las sesiones mensuales buscan agilizar las decisiones clínicas y el seguimiento directo del niño, los informes anuales evalúan metas estratégicas regionales. Esta estructura asegura que la atención individual sea dinámica mientras que la vigilancia gerencial mantiene una visión de largo plazo.",Procedimiento_Atencin_Interdisciplinaria_Malnutricin_Versin_02_2020.pdf,"Páginas 19 (Factor f), 28 (Tarea 15), 34 (Tarea 20) y 98 (Anexo 6)","""Sesiones de análisis interdisciplinario de casos... efectuadas al menos una vez al mes, en cada Oficina Local."" / ""Elaborar informe regional de la atención interdisciplinaria... Periodicidad: Anual, Mes de febrero del año siguiente.""",REVIEW,REVIEW,0.4348,REVIEW,0.5217,NO,0.2174,REVIEW,0.7826,NO,0.3478,,,
abierta_045,abierta,Explique cómo se integra la educación al grupo familiar en el plan de atención de un niño con malnutrición severa.,"La educación se integra mediante ""Sesiones de Apoyo"" y encuentros individuales donde se analizan conjuntamente las causas de la malnutrición en el hogar. El equipo diseña planes de aprendizaje para que la familia adquiera prácticas alimentarias saludables y mejore sus competencias de cuido. Se identifican factores de riesgo específicos en el expediente, como el destete temprano, para orientar los temas de las sesiones educativas. Esta intervención busca que el grupo familiar se convierta en el principal agente de recuperación y sostenibilidad del estado nutricional del menor.",Procedimiento_Atencin_Interdisciplinaria_Malnutricin_Versin_02_2020.pdf; Normas-sustantivas-CEN-CINAI-30-09-2021.pdf,"Procedimiento_Atencin_Interdisciplinaria_Malnutricin_Versin_02_2020.pdf: Páginas 23, 39, 54-59 y 74; Normas-sustantivas-CEN-CINAI-30-09-2021.pdf: Páginas 7 y 18 de 20","""Sesiones educativas a grupos de padres, madres y encargados... orientadas a fortalecer competencias parentales... Educación al grupo familiar Código: PCD-GF-N-01... acompañados en el desarrollo de competencias parentales y estilos de vida saludable.""",REVIEW,NO,0.1,REVIEW,0.7,NO,0.25,NO,0.15,NO,0.2,,,
abierta_046,abierta,"Analice la importancia de registrar el dato ""Indocumentado"" en la herramienta y qué implicaciones tiene para el seguimiento del niño.","El registro de la palabra ""indocumentado"" en la herramienta digital es una medida administrativa crucial para garantizar el acceso universal a los servicios de salud y nutrición de CEN-CINAI. Esta acción permite que niños y niñas en condición migratoria irregular o sin documentos de identidad vigentes sean ingresados formalmente al sistema de vigilancia sin ser excluidos por trámites burocráticos. Para el seguimiento, esto implica que el equipo interdisciplinario puede monitorear el estado nutricional y del desarrollo del menor de la misma manera que a cualquier otro beneficiario, asegurando la continuidad del Plan de Atención Interdisciplinario. Asimismo, el uso de este identificador alfanumérico en el software permite generar reportes estadísticos que visibilizan a esta población vulnerable para la toma de decisiones gerenciales. Es una práctica fundamentada en el enfoque de derechos de la niñez que protege la integridad y seguridad jurídica de las familias atendidas.",Procedimiento_Atencin_Interdisciplinaria_Malnutricin_Versin_02_2020.pdf,"Páginas 64, 90 y 91 de 140 (Anexo 5)","""Si la persona no posee ningún tipo de documento, anote la palabra sin documentos en este espacio."" / ""Identificación... Filtro Pueden ser datos numéricos, alfanuméricos, indocumentado.""",REVIEW,REVIEW,0.3684,NO,0.3158,NO,0.3158,NO,0.3158,REVIEW,0.3684,,,
abierta_047,abierta,Describa los materiales impresos de apoyo educativo disponibles y cómo se distribuyen según el Anexo 7.,"Los materiales impresos incluyen rotafolios específicos para la educación alimentaria y nutricional, así como fichas técnicas para la evolución del crecimiento y desarrollo infantil. También se dispone de guías impresas de planes de estimulación diseñadas para orientar a las familias en la promoción del desarrollo desde el hogar. Estos recursos se distribuyen a través de las Oficinas Locales hacia los establecimientos CEN-CINAI para ser utilizados por el personal operativo y profesional durante las sesiones grupales o individuales. La entrega de estos materiales se prioriza según las necesidades identificadas en el Plan de Atención Interdisciplinario de cada niño o niña. El objetivo institucional es que estos insumos faciliten la transferencia de conocimientos técnicos de forma visual y comprensible para padres, madres y personas cuidadoras.",Procedimiento_Atencin_Interdisciplinaria_Malnutricin_Versin_02_2020.pdf,"Páginas 107, 114, 124 y 125 de 140 (Anexo 7)","""Material impreso de apoyo educativo como: rotafolio para la alimentación de menores de dos años, rotafolio para la preparación de la leche... Cada bolso de estimulación contiene la guía impresa... Para uso de funcionarios en sesiones educativas... Lámina para orientar a usuarios...""",REVIEW,REVIEW,0.5769,NO,0.1154,REVIEW,0.6538,NO,0.1538,NO,0.2692,,,
abierta_048,abierta,"Explique los tres posibles resultados del indicador Peso para Talla en menores de 5 años y su interpretación nutricional (desnutrición, normal, sobrepeso).","El indicador Peso para Talla (P/T) clasifica el estado nutricional actual comparando el peso del menor con su propia estatura. Un resultado de desnutrición (severa o moderada) se interpreta como una pérdida de peso reciente o emaciación, causada generalmente por enfermedades agudas o carencia inmediata de alimentos. El resultado normal indica una relación armónica entre el peso y la talla, reflejando un estado de equilibrio nutricional satisfactorio para el momento de la evaluación. Por último, un resultado de sobrepeso u obesidad se interpreta como un exceso de peso para la estatura alcanzada, frecuentemente asociado a la sobrealimentación en el tiempo. Esta interpretación es vital porque el P/T es el índice más sensible para detectar cambios nutricionales rápidos e independientes de la edad del niño.",DVS_norma_nacional_uso_graficas_antropometricas_valoracion_nutriciol_0-19_2017.pdf; Manual-operativo-Evaluacion-estado-nutricional-2019.pdf,"DVS_norma_nacional_uso_graficas_antropometricas_valoracion_nutriciol_0-19_2017.pdf: Página 15; Manual-operativo-Evaluacion-estado-nutricional-2019.pdf: Páginas 8, 17 y 18","""Peso para la talla... Este es el índice más recomendado para identificar casos de deficiencias nutricionales agudas... Sobrepeso: Peso mayor al esperado para la talla... Normal: Inferior de +2 y superior a -2 DE... Desnutrición: En la línea o inferior de -2 DE...""",REVIEW,REVIEW,0.4,REVIEW,0.6,REVIEW,0.5,REVIEW,0.5,REVIEW,0.5,,,
abierta_049,abierta,Analice la función de la UIVCD como unidad técnica rectora en la actualización de los manuales operativos de vigilancia.,"La Unidad de Investigación y Vigilancia del Crecimiento y Desarrollo (UIVCD) tiene la responsabilidad de diseñar, normar y actualizar los instrumentos técnicos que rigen el SISVENDIS. Su función rectora asegura que los manuales operativos, como los de antropometría o EDIN II, se fundamenten en la evidencia científica más reciente y en estándares internacionales como los de la OMS. Además, la UIVCD analiza los datos consolidados a nivel nacional para identificar vacíos normativos o necesidades de ajuste en los procedimientos de vigilancia locales. Esta unidad también coordina con la UNAT para asegurar que la normativa sea coherente con la capacidad instalada y los objetivos estratégicos de la institución. Finalmente, su labor garantiza que el personal operativo cuente con herramientas estandarizadas para la detección oportuna de riesgos en la población infantil.",SISVENDIS-2023.pdf; Normas-sustantivas-CEN-CINAI-30-09-2021.pdf; Procedimiento_Vigilancia_Crecimientoydesarrollo_intrayextramurosUIVCD.pdf,"SISVENDIS-2023.pdf: Páginas 11, 37 y 50 de 79; Normas-sustantivas-CEN-CINAI-30-09-2021.pdf: Páginas 2 y 3; Procedimiento_Vigilancia_Crecimientoydesarrollo_intrayextramurosUIVCD.pdf: Página 7","""...la Unidad de Investigación y Vigilancia del Crecimiento y Desarrollo, es la unidad organizativa que conduce, diseña, ajusta, actualiza e implementa el proceso de vigilancia... Mantener coordinación con la Unidad de Normalización y Asistencia Técnica (UNAT)...""",REVIEW,REVIEW,0.7143,REVIEW,0.7619,REVIEW,0.4762,REVIEW,0.4286,REVIEW,0.381,,,
abierta_050,abierta,Describa el proceso de evaluación del nivel de desarrollo para un escolar (EVADE) y cómo se diferencia el puntaje de 1 punto con y sin logro de la edad anterior.,"El proceso inicia con la aplicación de la prueba EVADE a niños y niñas mayores de 6 años, evaluando áreas como motora fina, motora gruesa, lenguaje, cognitiva y socioafectiva. Un puntaje de 1 punto se obtiene cuando el niño logra realizar solo algunas de las conductas esperadas para su rango de edad actual. La diferencia técnica fundamental es que, si el niño obtiene 1 punto pero ha logrado satisfactoriamente todos los hitos de la edad cronológica anterior, se considera un ""rezago"" que requiere un plan de estimulación local. Sin embargo, si el niño obtiene 1 punto (o 0) y además no ha cumplido con los hitos de la edad anterior, se clasifica como Prioridad 1 debido al alto riesgo de retraso en el desarrollo. Esta distinción es crítica para que el equipo interdisciplinario determine si el caso debe ser referido de inmediato a especialistas externos o manejado internamente.",Procedimiento_Atencin_Interdisciplinaria_Malnutricin_Versin_02_2020.pdf; Procedimiento_Vigilancia_Crecimientoydesarrollo_intrayextramurosUIVCD.pdf; SISVENDIS-2023.pdf,"Procedimiento_Atencin_Interdisciplinaria_Malnutricin_Versin_02_2020.pdf: Páginas 67, 81 y 97; Procedimiento_Vigilancia_Crecimientoydesarrollo_intrayextramurosUIVCD.pdf: Páginas 22 y 28; SISVENDIS-2023.pdf: Páginas 78-79","""EVADE: Se anota 1 si al aplicar la edad anterior obtuvo 2 o 3 puntos. Se anota 2 si al aplicar la edad anterior obtuvo 0 o 1 punto... sin logro de la edad anterior exige referencia al equipo interdisciplinario...""",REVIEW,REVIEW,0.5714,REVIEW,0.5714,NO,0.2143,NO,0.2143,REVIEW,0.4286,,,
abierta_051,abierta,Explique cómo la norma PCD-VCD-N-01 define la vigilancia del crecimiento y desarrollo infantil y qué técnicas emplea.,"La norma PCD-VCD-N-01 define la vigilancia como un proceso continuo y sistemático de recolección y análisis de datos sobre el estado de salud y nutrición de los niños. Emplea técnicas antropométricas estandarizadas para la medición periódica del peso y la talla/longitud con el fin de clasificar el estado nutricional. También utiliza técnicas de tamizaje del desarrollo infantil mediante la aplicación de las escalas EDIN II y EVADE según el grupo de edad. Complementariamente, integra tamizajes de salud visual, auditiva y oral para detectar alteraciones sensoriales o de higiene que impacten el bienestar integral. Todas estas técnicas se aplican al menos una vez al año para orientar la toma de decisiones clínicas y gerenciales basadas en evidencia.",Normas-sustantivas-CEN-CINAI-30-09-2021.pdf; Procedimiento_Vigilancia_Crecimientoydesarrollo_intrayextramurosUIVCD.pdf; SISVENDIS-2023.pdf,"Normas-sustantivas-CEN-CINAI-30-09-2021.pdf: Página 18 de 20 (Norma PCD-VCD-N-01); Procedimiento_Vigilancia_Crecimientoydesarrollo_intrayextramurosUIVCD.pdf: Páginas 1, 15-16 de 45; SISVENDIS-2023.pdf: Páginas 31-35 de 79","""...monitoreo y seguimiento continuo de las niñas y los niños en su crecimiento, desarrollo y salud, empleando técnicas antropométricas, de medición del desarrollo infantil y aplicando tamizajes de salud al menos una vez al año...""",REVIEW,REVIEW,0.4091,REVIEW,0.4545,REVIEW,0.5,REVIEW,0.5,REVIEW,0.5455,,,
abierta_053,abierta,Describa los elementos que deben ser revisados periódicamente por la Jefatura de Oficina Local en la herramienta de Excel para garantizar su veracidad.,"La jefatura debe verificar que los datos personales como nombre, sexo y número de expediente estén correctamente ingresados y coincidan con el formato alfanumérico permitido. Es indispensable revisar que las fechas de evaluación nutricional y de desarrollo sigan el formato dd/mm/aaaa y no presenten valores extremos o incongruentes. También debe supervisar que las clasificaciones nutricionales y del desarrollo (como NL, DES, Verde, Rojo) correspondan fielmente a los resultados obtenidos en los tamizajes físicos. Un elemento crítico es la identificación y corrección de errores de fórmulas como ""#¡VALOR!"" o ""#REF!"", que invalidan el procesamiento regional de los datos. Finalmente, la revisión debe incluir el control del ""año de protección"" para los beneficiarios del servicio DAF que ya han recuperado su estado nutricional normal.",Procedimiento_Atencin_Interdisciplinaria_Malnutricin_Versin_02_2020.pdf,"Páginas 33-34, 89-94 de 140 (Anexo 5)","""Para la revisión de la calidad de los datos de la herramienta... se utiliza la Guía de revisión de calidad... Filtro... Revisar datos extremos, no congruentes...""",MISS,NO,0.3333,NO,0.3333,NO,0.25,NO,0.4167,NO,0.25,,,
abierta_054,abierta,"Explique el manejo técnico de un niño con ""Baja Talla"" y qué profesional es el encargado de su clasificación final.","El manejo inicia con la detección de un estancamiento en el crecimiento lineal mediante el indicador Talla para Edad (T/E), registrando el dato en el expediente físico. El caso debe ser referido obligatoriamente al equipo interdisciplinario de la Oficina Local para una valoración profunda de sus determinantes sociales y biológicos. La persona profesional en Nutrición es la encargada de realizar la clasificación técnica definitiva, verificando los datos mediante el software Anthro de la OMS. En el caso de niños con necesidades especiales, el nutricionista debe seleccionar el patrón de crecimiento específico correspondiente, como el de Síndrome de Down o Acondroplasia. Posteriormente, se diseña un plan de atención que incluya el seguimiento nutricional y la posible referencia a servicios de pediatría de la CCSS.",Procedimiento_Atencin_Interdisciplinaria_Malnutricin_Versin_02_2020.pdf; DVS_norma_nacional_uso_graficas_antropometricas_valoracion_nutriciol_0-19_2017.pdf; Procedimiento_Vigilancia_Crecimientoydesarrollo_intrayextramurosUIVCD.pdf,"Procedimiento_Atencin_Interdisciplinaria_Malnutricin_Versin_02_2020.pdf: Páginas 12, 62, 66 y 81 de 140; DVS_norma_nacional_uso_graficas_antropometricas_valoracion_nutriciol_0-19_2017.pdf: Páginas 26-28; Procedimiento_Vigilancia_Crecimientoydesarrollo_intrayextramurosUIVCD.pdf: Página 22 de 45","""La clasificación del estado nutricional lo realiza la persona profesional en nutrición..."" / ""Baja Talla En o inferior a la línea -2 DE... Baja Talla Severa En o inferior de la línea de -3 puntaje Z... debe ser reportado utilizando el reglamento de vigilancia de la salud [VE01/SINAVISA].""",REVIEW,NO,0.1304,NO,0.2609,NO,0.1304,REVIEW,0.4783,NO,0.1739,,,
abierta_055,abierta,"Analice la importancia de la ""escucha activa y respeto"" como ejes transversales en la atención integral infantil.","La escucha activa y el respeto son pilares fundamentales para establecer un vínculo de confianza entre el personal de CEN-CINAI y el grupo familiar. Estos ejes transversales permiten que los profesionales comprendan mejor la realidad socioeconómica y cultural que rodea al niño con malnutrición. Al aplicar un enfoque de ""cuidado cariñoso y sensible"", se garantiza que la intervención respete la dignidad y los derechos de la niñez y sus familias. Esta actitud empática facilita la adherencia de los padres a los planes de estimulación en el hogar y a las recomendaciones educativas. En última instancia, una atención humanizada potencia la efectividad del tratamiento interdisciplinario y contribuye al bienestar psicosocial del menor atendido.",Normas-sustantivas-CEN-CINAI-30-09-2021.pdf; Procedimiento_Atencin_Interdisciplinaria_Malnutricin_Versin_02_2020.pdf,"Normas-sustantivas-CEN-CINAI-30-09-2021.pdf: Páginas 4, 18 y 19 de 20; Procedimiento_Atencin_Interdisciplinaria_Malnutricin_Versin_02_2020.pdf: Página 8 de 140","""Mantener una escucha activa y de respeto, como medios para el reconocimiento de las necesidades, recursos, potencialidades y afectos, con el fin de permitir la adquisición de autonomía progresiva."" / ""Escucha activa: En la Atención Interdisciplinaria se requiere de una escucha activa hacia las personas atendidas como hacia los demás miembros del Equipo Interdisciplinario.""",REVIEW,NO,0.2812,NO,0.2812,REVIEW,0.4375,NO,0.3438,NO,0.25,,,
abierta_058,abierta,Describa los materiales específicos del Kit EDIN II utilizados para evaluar el área motora gruesa en niños de 7 a 8 meses.,"Para evaluar el área motora gruesa en este rango de edad, el manual indica el uso de materiales que estimulen el desplazamiento y la estabilidad postural. Se utiliza la ""Dona"" bicolor o el sonajero para motivar al niño a realizar movimientos de rotación sobre su propio eje y el inicio del gateo. También se emplean cubos de colores estandarizados para observar si el niño logra mantenerse sentado sin apoyo mientras manipula objetos. La colchoneta firme es un recurso esencial del kit para proporcionar una superficie segura donde el niño pueda ejecutar estas conductas motrices. Estos materiales estandarizados garantizan que el estímulo sensorial sea el mismo para todos los menores, asegurando la validez del tamizaje del desarrollo.",Manual-EDIN-II-final-2020.pdf,"Páginas 2, 10 y 33-36 de 331 (Instructivo 7 a 8 meses)","""El lugar debe contar con una colchoneta para evaluar las conductas en las niñas y los niños más pequeños... Sonajero (chilindrín)... Bola... Se sienta sobre una superficie plana...""",REVIEW,REVIEW,0.4091,NO,0.2727,NO,0.1364,NO,0.2727,REVIEW,0.7273,,,
abierta_059,abierta,"Analice el rol de las ""Sesiones de apoyo"" como estrategia de abordaje interdisciplinario y quiénes participan en ellas.","Las sesiones de apoyo funcionan como espacios de intervención intensiva para casos de malnutrición severa o persistente donde se requiere un acompañamiento más estrecho con la familia. En estas sesiones participa el equipo interdisciplinario completo de la Oficina Local junto con la madre, padre o persona cuidadora del niño. El objetivo es analizar conjuntamente las barreras que impiden la recuperación del menor y diseñar estrategias educativas y afectivas personalizadas. Estas sesiones permiten mantener el seguimiento clínico incluso cuando un niño ya ha recuperado su estado nutricional pero aún presenta rezagos en su desarrollo integral. Representan una modalidad de atención que trasciende la vigilancia individual para fomentar un cambio sostenible en el entorno familiar del niño.",Procedimiento_Atencin_Interdisciplinaria_Malnutricin_Versin_02_2020.pdf; SISVENDIS-2023.pdf,"Procedimiento_Atencin_Interdisciplinaria_Malnutricin_Versin_02_2020.pdf: Páginas 21, 54-58 y 92 de 140; SISVENDIS-2023.pdf: Página 50 de 79","""Estrategias de abordaje interdisciplinario... Sesiones de apoyo... acompañamiento y modelaje a la familia... participan profesionales del equipo interdisciplinario, personal del establecimiento y la madre, padre o encargado...""",REVIEW,REVIEW,0.4706,NO,0.2941,NO,0.2353,NO,0.2941,REVIEW,0.4118,,,
abierta_062,abierta,"Analice cómo los determinantes sociales de la salud (agua, vivienda, violencia) afectan la priorización de un caso en la sesión interdisciplinaria.","Los determinantes sociales actúan como factores multiplicadores del riesgo que obligan al equipo a elevar la prioridad de atención de un caso, incluso si la malnutrición biológica es leve. La falta de agua potable o una vivienda con inadecuada disposición de excretas aumentan la probabilidad de enfermedades infecciosas que impiden la ganancia de peso del niño. Asimismo, la presencia de violencia intrafamiliar o consumo de drogas en el hogar se consideran riesgos psicosociales críticos que colocan al menor en Grupos de Riesgo Prioridad 1. Durante la sesión, el equipo interdisciplinario analiza estos factores para decidir la frecuencia de los seguimientos y la necesidad de referencias intersectoriales a instituciones como el PANI o el IMAS. La priorización basada en determinantes asegura que la intervención institucional ataque las causas raíz de la malnutrición y no solo sus síntomas.",Procedimiento_Atencin_Interdisciplinaria_Malnutricin_Versin_02_2020.pdf; SISVENDIS-2023.pdf,"Procedimiento_Atencin_Interdisciplinaria_Malnutricin_Versin_02_2020.pdf: Páginas 10-11, 23, 39-45, 93 de 140; SISVENDIS-2023.pdf: Páginas 37 y 50 de 79","""...el equipo de profesionales define de manera conjunta y colaborativa, el nivel de prioridad de cada caso, considerando aspectos de salud, estado nutricional, nivel del desarrollo, datos del grupo familiar, riesgo social, entre otros determinantes sociales de la salud..."" / ""Presencia significativa de indicadores de riesgo... asigna Prioridad 1...""",REVIEW,REVIEW,0.4,NO,0.2333,NO,0.3667,REVIEW,0.7,REVIEW,0.5,,,
abierta_064,abierta,"Describa el procedimiento de ""Auto evaluación y supervisión del cumplimiento"" que deben realizar las oficinas locales.","El procedimiento se basa en el uso del Formulario para la Auto Evaluación y Supervisión (FAES), el cual permite monitorear el apego a las normas técnicas de vigilancia. Las Oficinas Locales deben aplicar esta herramienta de forma cuatrimestral (abril, agosto y diciembre) para evaluar la calidad del llenado de expedientes y la toma de medidas antropométricas. El personal profesional revisa una muestra representativa de casos para verificar que los tamizajes se realicen oportunamente y que las referencias al equipo interdisciplinario se completen en el plazo normado. Si se detectan brechas o incumplimientos, la jefatura debe anotar las observaciones y diseñar planes de mejora inmediata con el personal operativo. Este proceso de supervisión capacitante garantiza la estandarización y calidad del servicio brindado en todos los establecimientos del país.",Procedimiento_Atencin_Interdisciplinaria_Malnutricin_Versin_02_2020.pdf; Procedimiento_Vigilancia_Crecimientoydesarrollo_intrayextramurosUIVCD.pdf,Procedimiento_Atencin_Interdisciplinaria_Malnutricin_Versin_02_2020.pdf: Páginas 34-35 de 140; Procedimiento_Vigilancia_Crecimientoydesarrollo_intrayextramurosUIVCD.pdf: Página 38 de 45,"""FAES Formulario para la auto evaluación y supervisión del cumplimiento del procedimiento... Herramienta cada cuatrimestre (abril, agosto, diciembre)... Autoevaluación semestral... Supervisión al menos una vez por año. Jefatura de Área Técnica.""",REVIEW,REVIEW,0.48,REVIEW,0.56,NO,0.32,REVIEW,0.36,NO,0.4,,,
abierta_065,abierta,"Analice la importancia del ""Test de detección de dificultades de lenguaje"" y en qué casos de rezago en EDIN II debe ser aplicado.","Este test es una herramienta de segundo nivel que permite profundizar en la valoración de las habilidades fonéticas y comunicativas cuando se sospechan alteraciones específicas. Es fundamental para diferenciar un retraso madurativo general de un trastorno del lenguaje que requiera terapia especializada. Su aplicación es obligatoria en casos donde la prueba EDIN II arroje un resultado de rezago (amarillo) o riesgo (rojo) específicamente en el área de Lenguaje, tras haber agotado un plan de estimulación previo de tres meses sin mejoría. El resultado de este test permite que el Terapeuta de Lenguaje del equipo interdisciplinario defina estrategias de abordaje clínico o coordine la referencia a servicios de salud externos. Así, este instrumento asegura que las dificultades de comunicación sean atendidas de forma oportuna para evitar impactos en la escolaridad futura.",Procedimiento_Vigilancia_Crecimientoydesarrollo_intrayextramurosUIVCD.pdf; SISVENDIS-2023.pdf,Procedimiento_Vigilancia_Crecimientoydesarrollo_intrayextramurosUIVCD.pdf: Páginas 15 y 27 de 45; SISVENDIS-2023.pdf: Página 34 de 79,"""Test de Lenguaje a casos referidos con nivel de rezago en el área de lenguaje y problemas de comunicación... para niños y niñas de 2 años a 6 años 11 meses de edad.""",REVIEW,REVIEW,0.5,NO,0.5625,REVIEW,0.625,NO,0.1875,NO,0.5,,,
abierta_067,abierta,"Describa los objetivos del servicio de ""Atención y Protección Infantil"" (API) según las normas sustantivas.","El servicio de API tiene como objetivo primordial brindar atención integral y protección cotidiana a niñas y niños mientras sus padres trabajan o estudian. Busca promover el crecimiento y desarrollo óptimo mediante actividades educativas estructuradas y el suministro de alimentación complementaria de alta calidad. Entre sus fines específicos destaca la vigilancia sistemática de la salud, incluyendo tamizajes antropométricos, auditivos, visuales y bucales de forma frecuente. Además, este servicio intramuros permite la detección temprana de riesgos psicosociales o rezagos en el desarrollo para su abordaje inmediato por el equipo interdisciplinario. En síntesis, la modalidad API integra nutrición, educación y salud en un entorno seguro que garantiza el ejercicio de los derechos de la niñez atendida.",Normas-sustantivas-CEN-CINAI-30-09-2021.pdf,Páginas 7-8 y 15-16 de 20 (Normas API-EC-N-01 y API-EX-N-07),"""Su objetivo se orienta a maximizar el potencial del desarrollo infantil desde el nacimiento hasta los 13 años; la adecuada nutrición, cuidados de salud y socialización, haciendo énfasis en los primeros mil días de vida... en espacios sanos, seguros y estimulantes...""",REVIEW,NO,0.2593,REVIEW,0.3704,NO,0.1852,NO,0.1852,NO,0.1481,,,
abierta_068,abierta,Analice cómo se seleccionan los materiales de apoyo según la prioridad del caso de malnutrición.,"La selección de materiales está condicionada por el Plan de Atención Interdisciplinario y el nivel de prioridad asignado al caso. Para los casos de Prioridad 1 y 2 (Grupos A, B, D y G), que presentan malnutrición severa o riesgo de retraso, se asignan kits completos de estimulación infantil y modelos de réplicas de alimentos para educación intensiva en el hogar. Estos beneficiarios reciben rotafolios educativos específicos y guías de planes de estimulación personalizados que el profesional utiliza durante las visitas domiciliarias o sesiones de apoyo. En contraste, para casos de menor riesgo o con desarrollo normal (Verde), se utilizan principalmente materiales impresos informativos y recomendaciones generales de promoción de la salud. Esta distribución diferenciada asegura que los recursos más especializados se focalicen en revertir las condiciones de mayor vulnerabilidad biológica y social.",Procedimiento_Atencin_Interdisciplinaria_Malnutricin_Versin_02_2020.pdf; SISVENDIS-2023.pdf,"Procedimiento_Atencin_Interdisciplinaria_Malnutricin_Versin_02_2020.pdf: Páginas 23, 39-45, 107 y 114 de 140; SISVENDIS-2023.pdf: Página 50 de 79","""Estrategias de abordaje y materiales de apoyo... según nivel de prioridad... DAF, kits de estimulación infantil, réplicas de alimentos, rotafolios...""",REVIEW,NO,0.2143,NO,0.1429,REVIEW,0.4286,NO,0.2857,NO,0.2857,,,
abierta_070,abierta,Describa los criterios para el ingreso de un niño al servicio de Distribución de Alimentos a Familias (DAF).,"El ingreso al servicio DAF se basa primordialmente en la detección de una condición de malnutrición severa o moderada (desnutrición o baja talla) mediante tamizaje antropométrico. Además de los criterios biológicos, se evalúa que el núcleo familiar se encuentre en condición de pobreza o pobreza extrema, validado a través de estudios socioeconómicos institucionales. También pueden ingresar menores que presenten un riesgo social significativo, como negligencia o inseguridad alimentaria crítica en el hogar, previo análisis del equipo interdisciplinario. Un criterio adicional es la permanencia del menor en programas de vigilancia activa, comprometiéndose la familia a asistir a los controles de crecimiento y desarrollo normados. El cumplimiento de estos criterios permite que la Oficina Local autorice la entrega periódica de paquetes de alimentos fortificados para mejorar la ingesta nutricional del grupo familiar.",Normas-sustantivas-CEN-CINAI-30-09-2021.pdf; Procedimiento_Atencin_Interdisciplinaria_Malnutricin_Versin_02_2020.pdf,"Normas-sustantivas-CEN-CINAI-30-09-2021.pdf: Páginas 6, 10-11 y 13 de 20; Procedimiento_Atencin_Interdisciplinaria_Malnutricin_Versin_02_2020.pdf: Páginas 12, 38 y 44 de 140","""Distribución de Alimentos a Familias (DAF)... Son entregados para fortalecer la calidad de la dieta de niñas y niños que se detectan con desnutrición, baja talla o baja talla severa..."" / ""Norma para Selección SC-N-01...""",REVIEW,NO,0.3333,REVIEW,0.5714,NO,0.2857,NO,0.2857,NO,0.1905,,,
abierta_072,abierta,Explique cómo se clasifican los resultados de la Lista de Cotejo de Patrones de Hábitos de Salud (Cumple / No Cumple).,"La clasificación se realiza mediante la observación directa o la entrevista a la persona cuidadora, evaluando conductas cotidianas relacionadas con la alimentación, higiene y descanso. Se clasifica como ""Cumple"" cuando el niño o niña ejecuta de forma sistemática el comportamiento saludable esperado para su etapa de desarrollo, como el lavado de manos o el consumo de agua. Por el contrario, se marca como ""No Cumple"" cuando la conducta está ausente o se realiza de forma incorrecta, lo que se interpreta como un factor de riesgo para la salud integral. Los resultados de esta lista de cotejo se registran obligatoriamente cada vez que se aplica la prueba EDIN II en menores de 6 años. Esta información cualitativa complementa la valoración biológica y permite que el equipo interdisciplinario diseñe estrategias educativas específicas para corregir hábitos inadecuados en el hogar.",SISVENDIS-2023.pdf; Procedimiento_Vigilancia_Crecimientoydesarrollo_intrayextramurosUIVCD.pdf; Manual-EDIN-II-final-2020.pdf,SISVENDIS-2023.pdf: Páginas 33 y 72 de 79; Procedimiento_Vigilancia_Crecimientoydesarrollo_intrayextramurosUIVCD.pdf: Página 15 de 45; Manual-EDIN-II-final-2020.pdf: Página 91 de 331,"""Lista de cotejo patrones de hábitos de salud... Cumple / No cumple... Expediente de la niña y niño... Cada vez que se aplica el EDIN II.""",REVIEW,NO,0.2143,REVIEW,0.6429,REVIEW,0.5,NO,0.1429,NO,0.2857,,,
abierta_073,abierta,Describa las tareas del profesional en Nutrición de la Oficina Local en el acompañamiento técnico del personal ASSC.,"El nutricionista de la Oficina Local tiene la tarea primordial de brindar modelaje y asesoría en sitio al personal ASSC para asegurar la técnica correcta en la toma de peso y talla. Supervisa periódicamente que los equipos antropométricos estén debidamente calibrados y en condiciones óptimas para el uso diario. Asimismo, acompaña en la interpretación de las gráficas de crecimiento para evitar errores en el ploteo de puntos y en la identificación de tendencias negativas. El profesional también capacita al personal asistente en el manejo del software Anthro para la verificación de casos complejos y en el llenado correcto de los instrumentos de detección inicial. Estas tareas de acompañamiento técnico garantizan que la vigilancia nutricional en los establecimientos mantenga los estándares de calidad exigidos por la Dirección Nacional.",Procedimiento_Vigilancia_Crecimientoydesarrollo_intrayextramurosUIVCD.pdf; Procedimiento_Atencin_Interdisciplinaria_Malnutricin_Versin_02_2020.pdf,"Procedimiento_Vigilancia_Crecimientoydesarrollo_intrayextramurosUIVCD.pdf: Páginas 22, 35 y 39 de 45; Procedimiento_Atencin_Interdisciplinaria_Malnutricin_Versin_02_2020.pdf: Páginas 66 y 81 de 140","""Oficina Local acompañamiento técnico: Nutrición... Identificación del caso: ASSC3, ASSC2, Profesional de establecimiento. Clasificación nutricional: Profesional de Oficina Local [Nutrición]...""",REVIEW,REVIEW,0.4286,NO,0.6429,REVIEW,0.5714,REVIEW,0.5,REVIEW,0.4286,,,
abierta_075,abierta,"Explique cómo se reportan los avances de la intervención interdisciplinaria en el apartado de ""Observaciones"" de la herramienta digital.","Los avances se reportan de forma cualitativa, describiendo los cambios significativos observados en el niño o en su entorno tras la aplicación de las estrategias del plan. En este apartado se anota la evolución del estado nutricional, destacando si hay una mejora en la tendencia de peso o si persisten barreras biológicas. También se registra el progreso en el desarrollo integral, detallando si el menor ha superado rezagos específicos o si se mantiene su condición de riesgo. Es fundamental incluir información sobre el compromiso de la familia, anotando si han asistido a las sesiones de apoyo o si han implementado las recomendaciones de estimulación en el hogar. Finalmente, las observaciones sirven para justificar cambios en el Plan de Atención o para documentar los motivos técnicos de un egreso satisfactorio del sistema de seguimiento.",Procedimiento_Atencin_Interdisciplinaria_Malnutricin_Versin_02_2020.pdf,"Páginas 50, 70, 77, 81 y 92 de 140","""Se anota en observaciones aspectos claves que se identifiquen en el seguimiento y que sean importantes de considerar por parte del equipo... En el espacio de observaciones del último seguimiento se anota que el niño o niña se trasladó... Los datos que contienen un asterisco... se pueden incluir en el espacio de observaciones.""",REVIEW,REVIEW,0.4,REVIEW,0.68,REVIEW,0.4,REVIEW,0.44,NO,0.32,,,
abierta_078,abierta,Explique la importancia de la actualización constante de la normativa institucional ante cambios en las pruebas de desarrollo (como el paso de EDIN a EDIN II).,"La actualización normativa, liderada por la UIVCD, garantiza que la vigilancia institucional se base en la evidencia científica más reciente y en instrumentos validados por la academia, como el paso a la escala EDIN II validada por la UCR. Mantener los manuales operativos al día permite unificar las técnicas de medición a nivel nacional, reduciendo los sesgos en la detección de rezagos. Esto es crítico para el SISVENDIS 2023, ya que herramientas más sensibles permiten capturar hitos del desarrollo de forma precisa, orientando mejor la asignación de recursos y estrategias de estimulación. Una normativa desactualizada comprometería la calidad del dato y, por ende, la efectividad de las políticas públicas dirigidas a la primera infancia.",SISVENDIS-2023.pdf; Procedimiento_Vigilancia_Crecimientoydesarrollo_intrayextramurosUIVCD.pdf; Manual-EDIN-II-final-2020.pdf,"SISVENDIS-2023.pdf: Páginas 11, 45, 50 y 52 de 79; Procedimiento_Vigilancia_Crecimientoydesarrollo_intrayextramurosUIVCD.pdf: Páginas 1, 7 y 22 de 45; Manual-EDIN-II-final-2020.pdf: Página 1 de 331","""Mantener actualizada la documentación normativa que regula la implementación del SISVENDIS... La Dirección Nacional de CEN-CINAI adopta el tamizaje actualizado EDIN II... lo que requiere modificar los criterios de efectos de mejora...""",REVIEW,NO,0.2609,NO,0.5217,REVIEW,0.4348,NO,0.1739,NO,0.0435,,,
abierta_082,abierta,"Analice la importancia estratégica de los ""primeros mil días de vida"" dentro de la ventana de oportunidad de CEN-CINAI y cómo este enfoque condiciona la periodicidad de los tamizajes nutricionales.","Este enfoque reconoce que el periodo desde la gestación hasta los dos años es crítico para el desarrollo cerebral y el crecimiento lineal irreversible. CEN-CINAI prioriza estratégicamente esta ventana mediante una vigilancia más frecuente de las mujeres embarazadas y los lactantes, utilizando tamizajes de peso y talla para detectar estancamientos de forma inmediata. Para este grupo etario, la periodicidad de los controles es mayor que en niños escolares, debido a la plasticidad biológica y la alta demanda de nutrientes. Esta intervención oportuna busca prevenir el retardo en talla y las deficiencias cognitivas que impactarían la calidad de vida futura del individuo y su productividad nacional.",SISVENDIS-2023.pdf; Normas-sustantivas-CEN-CINAI-30-09-2021.pdf; Procedimiento_Vigilancia_Crecimientoydesarrollo_intrayextramurosUIVCD.pdf,SISVENDIS-2023.pdf: Páginas 16 y 26 de 79; Normas-sustantivas-CEN-CINAI-30-09-2021.pdf: Página 4 de 20; Procedimiento_Vigilancia_Crecimientoydesarrollo_intrayextramurosUIVCD.pdf: Páginas 15 y 17 de 45,"""...dentro de la ventana de oportunidad de los primeros mil días... 270 días (gestación), más 365 días (1er año), más 365 días (2do año)..."" / ""EDIN II menores de tres años: dos veces al año (x x)... de tres a menos de seis años: una vez al año (x)...""",REVIEW,NO,0.3333,REVIEW,0.6667,NO,0.125,NO,0.2917,NO,0.0833,,,
abierta_083,abierta,"Describa el protocolo ético y legal que debe seguir el personal institucional para garantizar la confidencialidad de los expedientes, citando la legislación nacional específica que rige el tratamiento de datos personales en salud.","El personal debe resguardar físicamente los expedientes en archivos bajo llave en las Oficinas Locales, asegurando que el foliado se mantenga íntegro para evitar la pérdida de documentos. Legalmente, este manejo se rige por la Ley No. 8968 (Protección de la Persona frente al Tratamiento de sus Datos Personales) y el Reglamento de Vigilancia de la Salud. El protocolo prohíbe compartir información sensible con terceros sin autorización legal, permitiendo el acceso únicamente al equipo interdisciplinario para fines de atención integral. Incluso en herramientas digitales, se utilizan filtros de seguridad y el registro de casos como ""indocumentado"" para proteger la identidad del menor sin privarle del derecho a la salud.",Procedimiento_Atencin_Interdisciplinaria_Malnutricin_Versin_02_2020.pdf,"Páginas 6 de 140, 121-124 de 140 (Anexo 8)","""...Ley 8968 de Protección de la persona frente al tratamiento de sus datos personales, vigente en Costa Rica... adoptar medidas necesarias para garantizar la seguridad de los datos personales y evitar su alteración, destrucción accidental o ilícita, pérdida, tratamiento o acceso no autorizado...""",REVIEW,NO,0.037,NO,0.2222,NO,0.1481,NO,0.1111,REVIEW,0.5556,,,
abierta_086,abierta,"Analice el rol del ""Comité de CEN-CINAI"" en la selección de usuarios y cómo este órgano actúa como un mecanismo de participación social para validar las necesidades de la comunidad.","El Comité de CEN-CINAI actúa como el enlace vital entre la institución y la comunidad, participando activamente en la validación de las familias candidatas para los servicios. Su rol es actitudinal y de apoyo en el proceso de selección, aportando conocimientos sobre la realidad local que las herramientas técnicas podrían omitir, como riesgos sociales específicos del entorno. Este órgano garantiza la transparencia en la asignación de cupos al actuar como un observador social que certifica que los servicios lleguen a quienes realmente se encuentran en pobreza o vulnerabilidad. Su participación fortalece la gobernanza democrática y el empoderamiento comunitario en la gestión de la salud pública local.",Normas-sustantivas-CEN-CINAI-30-09-2021.pdf; SISVENDIS-2023.pdf,"Normas-sustantivas-CEN-CINAI-30-09-2021.pdf: Páginas 10-11 y 13 de 20; SISVENDIS-2023.pdf: Páginas 36, 43 y 50 de 79","""Ejecución: ASSC2, ASSC3, Profesional de establecimiento. Equipo Interdisciplinario, con el apoyo del Comité de CEN-CINAI."" / ""...incorporando la participación social, los actores sociales como parte fundamental de las fuentes de información...""",REVIEW,NO,0.4,REVIEW,0.48,REVIEW,0.44,REVIEW,0.6,REVIEW,0.36,,,
abierta_087,abierta,"Describa el procedimiento técnico de corrección de datos que debe realizar el equipo interdisciplinario cuando la herramienta de Excel arroja errores de cálculo tipo ""¡VALOR!"" o ""REFF!"".","Ante la aparición de estos errores, el equipo debe aplicar una guía de revisión de calidad para identificar la entrada de datos que invalida las fórmulas de Excel. El primer paso es verificar que las fechas de evaluación tengan el formato dd/mm/aaaa y que las edades coincidan cronológicamente con la fecha de nacimiento. Seguidamente, se debe revisar si se ingresaron caracteres no numéricos en campos de peso o talla, o si existen celdas vacías en columnas obligatorias para el cálculo de puntajes Z. Una vez localizado el error, el dato debe corregirse en la herramienta digital y marcarse la casilla de ""digitado"" en el expediente físico para asegurar que la información consolidada sea íntegra y veraz.",Procedimiento_Atencin_Interdisciplinaria_Malnutricin_Versin_02_2020.pdf,Páginas 89-94 de 140 (Anexo 5),"""Anexo 5. Guía de revisión de calidad de la herramienta... Revisar datos extremos, no congruentes... Garantizar que no existan seguimientos vacíos... errores de fórmula...""",REVIEW,REVIEW,0.5625,NO,0.0625,NO,0.125,NO,0.125,NO,0.1875,,,
abierta_089,abierta,"Compare las metas de la norma PCD-GF-N-01 (Educación al Grupo Familiar) con los objetivos de las ""sesiones de apoyo"" en el abordaje integral de casos de malnutrición severa.","La norma PCD-GF-N-01 tiene una meta preventiva y general, buscando proveer aprendizaje a todas las familias atendidas para fortalecer competencias parentales y vínculos afectivos sanos. En contraste, las sesiones de apoyo son una estrategia de abordaje intensivo y específica para casos ya detectados con malnutrición severa o persistente. Mientras la educación al grupo familiar es transversal a todos los servicios, las sesiones de apoyo reúnen al equipo interdisciplinario con la familia del caso de alta prioridad para analizar barreras biológicas y sociales críticas. Ambas buscan el empoderamiento familiar, pero las sesiones de apoyo funcionan como un tratamiento especializado para revertir condiciones de riesgo inminente.",Normas-sustantivas-CEN-CINAI-30-09-2021.pdf; Procedimiento_Atencin_Interdisciplinaria_Malnutricin_Versin_02_2020.pdf; SISVENDIS-2023.pdf,Normas-sustantivas-CEN-CINAI-30-09-2021.pdf: Páginas 18-19 de 20; Procedimiento_Atencin_Interdisciplinaria_Malnutricin_Versin_02_2020.pdf: Páginas 10 y 54 de 140; SISVENDIS-2023.pdf: Páginas 36 y 50 de 79,"""...con el fin de mejorar las competencias parentales, la calidad de vida de la familia, facilitar el empoderamiento como sujetos de derechos, promover relaciones vinculares democráticas, respetuosas y afectivas..."" / ""...orientadas a fortalecer competencias parentales y desarrollo de conductas de autocuidado y promoción del desarrollo integral... para lograr de manera oportuna la recuperación en crecimiento y desarrollo de niños y niñas con malnutrición.""",REVIEW,REVIEW,0.5135,NO,0.2432,REVIEW,0.4054,NO,0.3243,NO,0.1622,,,
abierta_090,abierta,"Analice cómo el modelo SISVENDIS 2023 integra la vigilancia de la ""diversidad alimentaria mínima"" como un determinante crítico que complementa la valoración antropométrica tradicional.","El SISVENDIS 2023 trasciende la medición del peso y talla al incluir la consulta sobre diversidad alimentaria como un tamizaje regular registrado en el expediente. Esta variable evalúa si el niño consume alimentos de al menos cuatro grupos distintos en las últimas 24 horas, permitiendo detectar carencias de micronutrientes incluso si el peso es aparentemente normal. Al integrar este dato en la herramienta de vigilancia, la institución puede identificar hogares con inseguridad alimentaria cualitativa de forma temprana. Este complemento es vital para las ""acciones de doble propósito"", ya que permite orientar la educación nutricional hacia la calidad de la dieta, previniendo tanto la desnutrición oculta como la obesidad.",SISVENDIS-2023.pdf,"Páginas 29, 35 y 75-78 de 79 (Tabla 3)","""Consulta sobre diversidad alimentaria mínima: Cantidad de grupos de alimentos consumidos por la niña o niño en las últimas 24 horas... Logro: 5 grupos o más... La finalidad de este cuestionario es reflejar un puntaje de diversidad alimentaria, de tal forma que se logre Reforzar el consumo de los otros grupos de alimentos no consumidos...""",MISS,NO,0.1333,NO,0.2667,NO,0.1667,NO,0.2667,NO,0.2667,,,
abierta_091,abierta,"Explique el manejo administrativo y técnico de un niño con estatus migratorio ""indocumentado"" dentro del sistema de vigilancia, detallando cómo se registra su información sin vulnerar su derecho a la atención.","CEN-CINAI garantiza la atención integral de toda persona menor de edad independientemente de su condición migratoria, fundamentado en el enfoque de derechos de la niñez. Administrativamente, la herramienta digital permite ingresar la palabra ""indocumentado"" o códigos alfanuméricos provisionales en el campo de identificación para no bloquear el proceso de ingreso. Técnicamente, el niño recibe todos los tamizajes de crecimiento, desarrollo y salud bajo el mismo protocolo que un beneficiario con documentos nacionales. Esta práctica asegura que la vigilancia epidemiológica institucional sea inclusiva y que el menor reciba los servicios de nutrición y protección necesarios mientras se regulariza su situación jurídica en el país.",Procedimiento_Atencin_Interdisciplinaria_Malnutricin_Versin_02_2020.pdf; Normas-sustantivas-CEN-CINAI-30-09-2021.pdf; SISVENDIS-2023.pdf,"Procedimiento_Atencin_Interdisciplinaria_Malnutricin_Versin_02_2020.pdf: Páginas 64, 90-91 de 140; Normas-sustantivas-CEN-CINAI-30-09-2021.pdf: Página 10 de 20; SISVENDIS-2023.pdf: Página 36 de 79","""Si la persona no posee ningún tipo de documento, anote la palabra sin documentos en este espacio."" / ""Identificación: Filtro Pueden ser datos numéricos, alfanuméricos, indocumentado."" / ""Todas las niñas, niños... en condición de pobreza o riesgo social se le aplicará el estudio de selección...""",MISS,NO,0.1333,NO,0.2333,NO,0.1333,NO,0.2333,NO,0.2,,,
abierta_092,abierta,"Describa la evolución histórica de los informes de ""Datos Básicos"" desde el año 2002 hasta la actualidad, destacando el cambio del procesamiento manual a la digitalización en Excel por niveles.","Históricamente, los informes de ""Datos Básicos"" iniciaron como resúmenes manuales de tamizajes que se enviaban físicamente para su consolidación nacional, lo que generaba retrasos importantes en el análisis. A partir de la implementación de modelos como SISVENDI y el actual SISVENDIS 2023, el proceso se ha digitalizado mediante herramientas Excel estandarizadas en las Oficinas Locales. Esto permite que la información de cada niño se digite localmente y fluya electrónicamente hacia los niveles regionales para la generación de informes automáticos de ejecución programática. Esta evolución ha mejorado drásticamente la oportunidad y calidad del dato, permitiendo a los tomadores de decisión contar con infografías de tendencias nacionales en tiempo real.",SISVENDIS-2023.pdf,Páginas 27-29 y 54-58 de 79 (Tabla 2: Evolución del informe datos básicos),"""...donde se recopilaba de forma manual y anual, los datos de todos los expedientes... A partir del año 2010, la UIVCD actualiza el instrumento para recolección de datos básicos y se diseña una herramienta en Excel para el registro, consolidación y uso en cada uno de los niveles de gestión (local, regional y nacional)...""",REVIEW,REVIEW,0.5152,REVIEW,0.4848,NO,0.1212,NO,0.3636,REVIEW,0.5152,,,
abierta_093,abierta,"Analice la relación jerárquica entre el Diagnóstico de Establecimiento (DISSEN) y el Análisis de Situación (ASSISEN), explicando cómo la información local se transforma en insumo para la toma de decisiones nacional.","El DISSEN funciona como la base de la pirámide informativa, recolectando variables socioeconómicas, de salud y nutrición de los niños en cada establecimiento específico. Estos diagnósticos locales son procesados y armonizados regionalmente para elaborar el ASSISEN Regional, el cual identifica tendencias y problemáticas epidemiológicas de un área geográfica mayor. Finalmente, los ASSISEN de todas las regiones se consolidan en el Análisis de Situación Nacional a cargo de la UIVCD. Esta estructura permite que una necesidad detectada en un CEN-CINAI rural se transforme en un insumo estadístico que justifica la creación de nuevas normas técnicas o la reasignación de presupuestos a nivel nacional.",SISVENDIS-2023.pdf,Páginas 42-44 y 51-53 de 79 (Sección C: Diagnóstico de establecimiento DISSEN y ASSISEN),"""Los DISSEN de cada establecimiento son a su vez, insumo para la elaboración del Análisis de situación socioeconómica, salud, educación y nutrición (ASSISEN) del nivel local, regional y nacional... de manera que se logra elaborar 634 DISSEN, 41 ASISSEN de oficina local y 9 ASISSEN de Dirección Regional, todos insumo para el ASISSEN de país...""",REVIEW,NO,0.4516,REVIEW,0.3871,REVIEW,0.7419,REVIEW,0.5806,REVIEW,0.4194,,,
abierta_094,abierta,"Explique el concepto de ""acciones de doble propósito"" en el abordaje de la malnutrición y cómo estas buscan reducir simultáneamente el riesgo de deficiencias nutricionales y el exceso de peso (obesidad).","Las acciones de doble propósito son intervenciones diseñadas para impactar de forma positiva en los dos extremos de la malnutrición a través de una misma estrategia. Por ejemplo, la promoción de la lactancia materna exclusiva protege al lactante contra la desnutrición aguda y, simultáneamente, reduce el riesgo de obesidad futura. Otro ejemplo es el suministro de alimentos fortificados de alta calidad nutricional que sustituyen el consumo de productos ultraprocesados en el hogar. Este enfoque es central en el SISVENDIS 2023, ya que permite al equipo interdisciplinario optimizar sus planes de atención para lograr una composición corporal saludable en toda la población atendida.",SISVENDIS-2023.pdf,Páginas 17-19 y 74 de 79 (Sección Acciones de doble propósito),"""Acciones de doble propósito: son acciones dirigidas a abordar eficazmente la malnutrición en todas sus formas en una manera más holística simultáneamente la desnutrición y los problemas de sobrepeso, obesidad y enfermedades no transmisibles... con la misma intervención, programa o política.""",REVIEW,REVIEW,0.75,REVIEW,0.75,REVIEW,0.5357,REVIEW,0.3571,NO,0.25,,,
abierta_095,abierta,Describa las responsabilidades específicas de la Jefatura de Área Técnica Regional en la supervisión de la calidad del dato y la elaboración del informe consolidado regional de malnutrición.,"La Jefatura Regional es el garante técnico de la veracidad de la información generada en su jurisdicción. Entre sus responsabilidades está la aplicación de revisiones de calidad a las herramientas Excel de las Oficinas Locales para corregir errores de fórmula o inconsistencias de edad. Debe consolidar todos los tamizajes nutricionales y del desarrollo para elaborar el informe anual regional, integrando reflexiones analíticas sobre el cumplimiento de metas sustantivas. Además, esta jefatura coordina las acciones de asesoría técnica y capacitación para el personal operativo, asegurando que las Oficinas Locales apliquen correctamente los protocolos de egreso y seguimiento interdisciplinario definidos por el nivel central.",Procedimiento_Atencin_Interdisciplinaria_Malnutricin_Versin_02_2020.pdf; SISVENDIS-2023.pdf,"Procedimiento_Atencin_Interdisciplinaria_Malnutricin_Versin_02_2020.pdf: Páginas 33-35, 89-94 (Anexo 5) y 98-99 (Anexo 6); SISVENDIS-2023.pdf: Páginas 37 y 51 de 79","""Jefatura de Área Técnica Regional... Posterior al control de calidad de las herramientas, la Jefatura de Área Técnica Regional envía las herramientas completas y actualizadas... Elaborar informe regional de la atención interdisciplinaria... Plazos: La información recopilada comprende un periodo de un año calendario (Enero a Diciembre). Se envía en Febrero del año siguiente...""",REVIEW,REVIEW,0.75,REVIEW,0.4286,REVIEW,0.3929,REVIEW,0.5714,NO,0.2857,,,
abierta_096,abierta,Analice el impacto de la lactancia materna exclusiva frente al destete antes de los 12 meses en la clasificación del riesgo individual de un niño dentro del instrumento de detección inicial.,"El instrumento de detección clasifica la lactancia materna exclusiva como un factor protector fundamental, cuyo tiempo de duración debe registrarse en meses para interpretar la historia nutricional del menor. Por el contrario, el destete antes de los 12 meses se cataloga como un indicador de riesgo individual crítico que el personal debe marcar con una ""X"" en el expediente. Este dato impacta la clasificación de los grupos de riesgo, ya que una práctica de lactancia limitada se asocia técnicamente con la aparición de baja talla y desnutrición crónica. Al integrar esta información, el equipo interdisciplinario puede elevar la prioridad del caso, entendiendo que el entorno biológico inicial del niño presenta una vulnerabilidad que requiere estrategias de educación alimentaria reforzadas para la familia.",Procedimiento_Atencin_Interdisciplinaria_Malnutricin_Versin_02_2020.pdf; Manual-operativo-Evaluacion-estado-nutricional-2019.pdf,"Procedimiento_Atencin_Interdisciplinaria_Malnutricin_Versin_02_2020.pdf: Páginas 40, 42, 63, 67, 92-93 de 140; Manual-operativo-Evaluacion-estado-nutricional-2019.pdf: Páginas 8-11 de 48","""Individual: Bajo peso al nacer, edad gestacional, presencia de enfermedad, ausencia de lactancia materna o destete antes de los 12 meses de edad."" / ""Destete antes de los 12 meses de edad: Anote una X... Implica una posible práctica de lactancia materna limitada...""",REVIEW,REVIEW,0.4762,REVIEW,0.619,NO,0.2857,NO,0.2857,NO,0.3333,,,
abierta_097,abierta,"Explique el flujo de coordinación técnica necesario para referir a un niño con ""rezago en comunicación y lenguaje"" a especialistas externos, tras agotar las estrategias de estimulación del personal docente.","El flujo inicia con la aplicación de un plan de estimulación por parte del docente tras detectar un rezago (amarillo) en el área de lenguaje del EDIN II. Si después de tres meses la condición persiste, el personal del establecimiento debe aplicar el Test de Lenguaje específico para profundizar en la valoración fonética. Ante un resultado desfavorable, se realiza la referencia formal al equipo interdisciplinario de la Oficina Local, donde el Terapeuta de Lenguaje asume la conducción técnica del caso. Finalmente, si el equipo determina que la patología trasciende el ámbito educativo-preventivo, gestiona la referencia intersectorial hacia los servicios de salud de la CCSS (EBAIS) para atención clínica especializada. Este proceso asegura una trazabilidad del seguimiento desde la detección local hasta la atención experta.",Procedimiento_Vigilancia_Crecimientoydesarrollo_intrayextramurosUIVCD.pdf; Procedimiento_Atencin_Interdisciplinaria_Malnutricin_Versin_02_2020.pdf,"Procedimiento_Vigilancia_Crecimientoydesarrollo_intrayextramurosUIVCD.pdf: Páginas 15, 27 y 33 de 45; Procedimiento_Atencin_Interdisciplinaria_Malnutricin_Versin_02_2020.pdf: Páginas 22, 28, 84-88 de 140","""Niñas y niños que reciben servicios de CEN-CINAI intramuros y extramuros que presentan rezago en su lenguaje y dificultades de comunicación y que el plan de estimulación del lenguaje no presentó mejoría, son referidos al profesional en Terapia de Lenguaje para la aplicación del test de lenguaje..."" / ""Instrumento de Referencia y Contrarreferencia Intersectorial Redes Integradas de Servicios de Atención – RISA...""",REVIEW,REVIEW,0.4706,REVIEW,0.4118,REVIEW,0.4118,REVIEW,0.4412,NO,0.2353,,,
abierta_098,abierta,Describa el uso de las infografías de vigilancia como herramientas de gestión y qué tipo de datos clave deben visualizarse para que las Jefaturas de Oficina Local orienten sus recursos.,"Las infografías generadas por la UIVCD funcionan como instrumentos de comunicación visual que simplifican el análisis de datos masivos para la toma de decisiones ágiles en cada nivel de gestión. Para las Jefaturas de Oficina Local, estas herramientas deben visualizar datos claves como el perfil socioeconómico de los beneficiarios y la prevalencia regional de malnutrición y rezagos del desarrollo. Al observar estas tendencias geográficas y demográficas, las jefaturas pueden orientar sus recursos hacia los distritos con mayor vulnerabilidad, priorizando el acompañamiento técnico del equipo itinerante en esos establecimientos. Además, facilitan el monitoreo del cumplimiento de metas institucionales, permitiendo que la gestión local pase de un enfoque puramente administrativo a uno basado en la evidencia epidemiológica del SISVENDIS.",SISVENDIS-2023.pdf,"Páginas 37, 44-46, 50, 54-56 y 74 de 79 (Figura 5)","""Formatos de infografía de datos básicos para uso de Oficina Local... La infografía con los datos claves de los hallazgos de vigilancia... permite el análisis de los resultados de vigilancia para la identificación de áreas geográficas prioritarias... y la toma decisiones sobre las metas de población y destino de los recursos disponibles...""",REVIEW,REVIEW,0.4483,REVIEW,0.4483,REVIEW,0.4138,NO,0.3103,REVIEW,0.4483,,,
abierta_099,abierta,Analice la relevancia de la validación de la prueba EDIN II por la Escuela de Enfermería de la UCR y cómo esta alianza académica fortalece la validez científica de la vigilancia del desarrollo en el país.,"La validación de la prueba EDIN II por parte de la Escuela de Enfermería de la Universidad de Costa Rica otorga un respaldo científico y académico de alto nivel a los procesos de tamizaje institucional. Esta alianza permite que el sistema de vigilancia se fundamente en instrumentos normalizados y actualizados según la realidad biológica y social de la niñez costarricense. Científicamente, el cambio de la escala simplificada al modelo de semáforo por cada hito del desarrollo fortalece la sensibilidad para detectar riesgos tempranos de forma más precisa. Para el SISVENDIS 2023, esto se traduce en una mayor confiabilidad de los datos nacionales, asegurando que las políticas públicas de CEN-CINAI y las evaluaciones de efectos de país se sustenten en una base de evidencia robusta y validada por expertos universitarios.",Manual-EDIN-II-final-2020.pdf; SISVENDIS-2023.pdf; Procedimiento_Vigilancia_Crecimientoydesarrollo_intrayextramurosUIVCD.pdf,"Manual-EDIN-II-final-2020.pdf: Páginas 1-3 y 7 de 331; SISVENDIS-2023.pdf: Páginas 11, 31 y 50-52 de 79; Procedimiento_Vigilancia_Crecimientoydesarrollo_intrayextramurosUIVCD.pdf: Página 11 de 45","""...desarrollada y validada por la Escuela de Enfermería de la Universidad de Costa Rica... Este documento incluye la última versión de la prueba, el instructivo para su implementación y los materiales estandarizados... con el fin de garantizar... la validez y confiabilidad del resultado del desarrollo...""",REVIEW,REVIEW,0.75,NO,0.3214,NO,0.3214,NO,0.2857,NO,0.25,,,
abierta_100,abierta,"Explique técnica y administrativamente el concepto de ""Año de Protección"" para niños en servicio DAF, detallando los criterios que el equipo interdisciplinario debe verificar para otorgar el egreso satisfactorio.","El ""Año de Protección"" es un periodo técnico de 12 meses de seguimiento obligatorio para niños en el servicio DAF que ya han alcanzado la recuperación nutricional normal. Administrativamente, estos menores se clasifican como Prioridad 4 (Grupo J), manteniendo el beneficio alimentario para evitar recaídas y consolidar su estado de salud. Para otorgar el egreso satisfactorio, el equipo interdisciplinario debe verificar en sesión de trabajo que el niño ha mantenido su estado nutricional normal en todos los indicadores antropométricos durante dicho año. Asimismo, es indispensable comprobar que se han superado satisfactoriamente los rezagos previos en el desarrollo o comunicación, asegurando una evolución integral estable. El proceso culmina con el registro oficial de la condición de egreso en la herramienta Excel y el cierre del expediente de seguimiento interdisciplinario.",Procedimiento_Atencin_Interdisciplinaria_Malnutricin_Versin_02_2020.pdf; Normas-sustantivas-CEN-CINAI-30-09-2021.pdf,"Procedimiento_Atencin_Interdisciplinaria_Malnutricin_Versin_02_2020.pdf: Páginas 25, 31-32, 38, 45, 58-60 y 67-68 de 140; Normas-sustantivas-CEN-CINAI-30-09-2021.pdf: Página 13 de 20","""Grupo J Prioridad 4: Niños y niñas que reciben DAF y han recuperado su estado nutricional normal en todos los indicadores, por lo tanto, se inicia el año de protección en DAF... para que controle el peso y talla a los 10 meses de estar en periodo de protección y verifique su ENU normal... Una vez completado el año de protección... se anota como inactivo en la herramienta...""",REVIEW,REVIEW,0.7222,REVIEW,0.75,NO,0.2222,REVIEW,0.4722,REVIEW,0.3611,,,
