question_id,categoria,pregunta,ground_truth,answer_from_corpus,gold_evidence,automatic_outcome,best_candidate_rank,best_candidate_recall,best_candidate_document,best_evidence_segment,best_candidate_chunk,final_hit,final_best_rank,adjudication_notes
sino_002,sino,¿Todo funcionario o funcionaria de la Dirección Nacional de CEN-CINAI puede detectar y referir un caso de malnutrición?,Sí,Sí. Todo funcionario o funcionaria de la Dirección Nacional de CEN-CINAI puede realizar la detección de los casos con malnutrición y referirlo al equipo interdisciplinario de la Oficina Local respectiva.,"""Todo funcionario o funcionaria de la Dirección Nacional de CEN-CINAI puede realizar la detección de los casos con malnutrición y referirlo al equipo interdisciplinario de la Oficina Local respectiva.""",NO_MATCH,2,0.6111,Procedimiento_Atencin_Interdisciplinaria_Malnutricin_Versin_02_2020.pdf,Todo funcionario o funcionaria de la Dirección Nacional de CEN-CINAI puede realizar la detección de los casos con malnutrición y referirlo al equipo interdisciplinario de la Oficina Local respectiva.,"opera un Centro de Educación y Nutrición (CEN), Centro Infantil de Nutrición y Atención Integral (CINAI), Centro de Educación y Nutrición-Comedor Escolar (CENCE) y Centros de Distribución (CD). Incluye actividades interdisciplinarias relacionadas con la detección, atención, seguimiento y control en el crecimiento y desarrollo del niño o niña, así como la referencia y contra-referencia de casos que se implementará con enfoque de salud pública, siguiendo los principios de atención primaria en salud, que implican el acceso a la atención y cobertura en función de las necesidades de la población, equidad sanitaria como parte de un desarrollo orientado a la justicia social, participación de la comunidad en la de/f_inición y aplicación de las agendas de salud y enfoques intersectoriales de la salud. Todo caso que se detecte con malnutrición y que a la vez presentan condiciones de salud agudas, crónicas u congénitas, deben ser referidos o estar en control en el sistema de salud curativo a cargo de la Caja Costarricense de Seguro Social. El equipo interdisciplinario de cada O/f_icina Local veri/f_ica que todo niño o niña con condición de salud asociada a malnutrición, esté recibiendo el control respectivo. Asimismo, se deberá cumplir con la gestión de la noti/f_icación obligatoria del niño o niña con malnutrición, acorde al decreto Ministerio Salud, 2015, #4056-S. “Crecimiento y desarrollo infantil” DIRECCIÓN NACIONAL DE CEN CINAI PÁGINA 5 DE 140 VERSIÓN: 02 PROCEDIMIENTO PROCEDIMIENTO PARA LA ATENCIÓN INTERDISCIPLINARIA DEL NIÑO O NIÑA CON MALNUTRICIÓN CÓDIGO: PRO-AI- AIM-P-01 Además, para aquellos niños o niñas detectados con malnutrición y que presentan condiciones de riesgo social a nivel individual o en su entorno familiar; por ejemplo, violencia intrafamiliar, alcoholismo, drogadicción, abuso sexual, abandono, pobreza extrema y otros, se deberá referir cada caso a la institución que le competa y continuar en coordinación con esa institución y el grupo",,,
sino_007,sino,"¿Un resultado ""rojo"" en el EDIN II implica que el niño o niña debe ser referido de forma automática a la CCSS en todos los casos?",No,"No. Un resultado global ""rojo"" en el EDIN II implica que el niño o niña debe ser referido al equipo interdisciplinario de la Oficina Local para su valoración y plan de atención. La referencia a la CCSS u otras instituciones externas se realiza cuando el equipo interdisciplinario lo determine o considere necesario, pero no de forma automática en todos los casos.","""Cuando la niña o niño presenta resultados global rojo en EDIN II... debe ser referido al equipo interdisciplinario para su valoración y plan de atención interdisciplinaria.""",REVIEW,1,0.75,Procedimiento_Vigilancia_Crecimientoydesarrollo_intrayextramurosUIVCD.pdf,Cuando la niña o niño presenta resultados global rojo en EDIN II...,"en todas las áreas del desarrollo (global verde) una vez al año.  Niña o niño con resultado global amarillo, dos veces al año.  Niña o niño con resultado global rojo, dos veces al año y referencia al equipo interdisciplinario para su atención. Lista de Cotejo de patrones de hábitos de salud.  Cada vez que se aplica el EDIN II  Cada vez que se aplica el EDIN II Evaluación del Desarrollo del Escolar (EVADE).  En la selección.  Niña o niño con resultados de adecuado en todas las áreas del desarrollo una vez al año.  Niña o niño con resultado 1 o 0 puntos en una o más áreas del desarrollo con logro de la edad anterior dos veces al año.  Niña o niño con resultado 1 o 0 puntos en una o más áreas del desarrollo sin logro de la edad anterior dos veces al año y referencia al equipo interdisciplinario para su atención.  En la selección de niñas y niños de la modalidad de servicio DAF.  Niña o niño en DAF con resultados de adecuado en todas las áreas del desarrollo una vez al año.  Niña o niño en DAF con resultado 1 o 0 puntos en una o más áreas del desarrollo con logro de la edad anterior dos veces al año.  Niña o niño en DAF con resultado 1 o 0 puntos en una o más áreas del desarrollo sin logro de la edad anterior dos veces al año y referencia al equipo interdisciplinario para su atención. Evaluación de Prueba Auditiva de las tarjetas.  Se aplica a niñas y niños mayores de tres años  En el primer trimestre del año  Niña o niño con resultados de dudoso o mal dos veces al año,",,,
sino_010,sino,¿La información confidencial de un niño o niña puede compartirse con terceros si el funcionario lo considera conveniente?,No,"No. Toda información sensible y privada de los niños, niñas y sus familias a la que se tenga acceso durante la atención interdisciplinaria es de carácter reservado y confidencial; no debe revelarse, comentarse ni divulgarse a terceros, y debe usarse única y exclusivamente para los fines del abordaje de atención interdisciplinaria.","""...no se revelará, comentará ni divulgará a terceros la información confidencial y privada adquirida en el cumplimiento de funciones en la atención interdisciplinaria... Utilizar la información confidencial y privada adquirida, única y exclusivamente para los fines de cumplimiento de las actividades...""",NO_MATCH,5,0.1667,Procedimiento_Vigilancia_Crecimientoydesarrollo_intrayextramurosUIVCD.pdf,"...no se revelará, comentará ni divulgará a terceros la información confidencial y privada adquirida en el cumplimiento de funciones en la atención interdisciplinaria...","que aparece en el expediente y se repite al final del año o cuando la niña o niño egresa del servicio o se traslada de establecimiento. Se archiva en el expediente de la niña o niño para su seguimiento. a) Norma para la selección de personas usuarias. b) Expediente de la niña o el niño, apartado de consulta sobre diversidad alimentaria y frecuencia de consumo semanal de alimentos. Primer y tercer trimestre ASSC2 Profesional de establecimiento ASSC3 13 Revisar el Esquema de Vacunas al día y el control de la Asistencia de la consulta del crecimiento y desarrollo de la CCSS. Durante el proceso de selección se anotará el dato en el instrumento de selección vigente. Los datos se trasladarán al expediente de los niños y las niñas y se registran en la hoja de esquema de vacunación, para su seguimiento y actualización. c) Norma para la selección de personas usuarias. d) Expediente de la niña o el niño. e) Carné de desarrollo integral del niño y niña (CCSS). Al momento de la selección o como lo establece la tabla 2 frecuencia de tamizajes o evaluaciones. ASSC3 ASSC2 Profesional de establecimiento DIRECCIÓN NACIONAL DE CEN-CINAI DIRECCIÓN TÉCNICA UNIDAD DE INVESTIGACIÓN Y VIGILANCIA DEL CRECIMIENTO Y DESARROLLO PÁGINA 27 DE 45 VERSIÓN: 01 PROCEDIMIENTO PROCEDIMIENTO VIGILANCIA DEL CRECIMIENTO Y DESARROLLO INFANTIL EN LA MODALIDAD INTRAMUROS Y EXTRAMUROS CÓDIGO: PRO-CD-P-01 “CRECIMIENTO Y DESARROLLO MATERNO-INFANTIL” N° Tarea Método Documentos de referencia e instrumentos Periodicidad Responsable* 14 Referir a equipo de atención interdisciplinaria de la Oficina Local respectiva, las niñas o niños detectados con necesidades especiales en su crecimiento, desarrollo y entorno social donde vive y crece. Se refieren al equipo interdisciplinario de Oficina Local todos los casos de niñas o niños que se detectan con: a) Malnutrición en cualquiera de los indicadores antropométricos:",,,
sino_012,sino,"Si un punto marcado en la gráfica de crecimiento cae exactamente sobre una línea de desviación estándar, ¿se debe clasificar al niño en la categoría de mayor severidad?",Sí,"Sí. Si el punto marcado en la gráfica de crecimiento cae exactamente sobre una línea de desviación estándar, la normativa establece que se debe clasificar al niño o niña en la categoría de mayor severidad (categoría más severa).","""Interprete el resultado, y clasifique el estado nutricional del niño o niña según el área de la gráfica en la que se marcó el ploteo. Si el punto marcado cae exactamente en la línea de desviación estándar, se clasifica en la categoría más severa.""",NO_MATCH,1,0.5,DVS_norma_nacional_uso_graficas_antropometricas_valoracion_nutriciol_0-19_2017.pdf,"Interprete el resultado, y clasifique el estado nutricional del niño o niña según el área de la gráfica en la que se marcó el ploteo.","de 5 años de edad. Interpretación de desviaciones estándar para las gráficas de peso para edad. Matemática DE En letras Interpretación (P/E) ≥2 En la línea o superior a 2 DE Peso Alto <2 a>-2 Inferior de 2 y superior a - 2 DE Normal ≤ -2 a >- 3 En la línea o inferior de-2 DE a mayor de -3 DE Bajo Peso ≤-3 En la línea o inferior a 3 DE Bajo peso severo Ploteo: para graficar un punto, busque la marca que representa la edad del niño o niña en años y meses cumplidos en la parte inferior de la curva. Siga la línea hacia arriba hasta cruzarse con la línea horizontal que corresponda con el peso del niño o niña. En la intersección, dibuje una marca visible con un lápiz o bolígrafo. Elemento a considerar para la Interpretación de la tendencia con la Gráfica peso para edad (Peso/Edad) Se debe de observar el comportamiento de la línea trazada, el cual se puede presentar de la siguiente forma:  línea ascendente: para un niño o niña con bajo peso o peso normal, el peso en el tiempo va aumentando, por lo que se considera que evoluciona bien. En niños o niñas con peso alto se considera una evolución inadecuada.  línea horizontal: significa que en el tiempo no hay ganancia de peso, por lo que puede ser una alerta en niños o niñas con bajo peso o normales, siendo un indicador de falla para progresar. En niños o niñas con peso alto para la edad, se considera que está en condiciones favorables para mejorar su estado nutricional. 13  línea descendente: indica que e l peso en el tiempo ha disminuido, lo que da una señal de alerta para niños de bajo peso o peso normal .",,,
sino_017,sino,"¿Un niño en modalidad ""extramuros"" con estado nutricional normal debe ser evaluado antropométricamente dos veces al año?",No,"No. Un niño o niña en modalidad extramuros con estado nutricional normal en todos los indicadores debe ser evaluado antropométricamente una vez al año (a diferencia de la modalidad intramuros, donde la evaluación es dos veces al año).","""Niña o niño con estado nutricional normal en todos los indicadores una vez al año.""",REVIEW,2,0.8889,Procedimiento_Vigilancia_Crecimientoydesarrollo_intrayextramurosUIVCD.pdf,Niña o niño con estado nutricional normal en todos los indicadores una vez al año.,"a los servicios después del primer trimestre, se les debe aplicar los tamizajes o evaluaciones al momento de ingresar. DIRECCIÓN NACIONAL DE CEN-CINAI DIRECCIÓN TÉCNICA UNIDAD DE INVESTIGACIÓN Y VIGILANCIA DEL CRECIMIENTO Y DESARROLLO PÁGINA 14 DE 45 VERSIÓN: 01 PROCEDIMIENTO PROCEDIMIENTO VIGILANCIA DEL CRECIMIENTO Y DESARROLLO INFANTIL EN LA MODALIDAD INTRAMUROS Y EXTRAMUROS CÓDIGO: PRO-CD-P-01 “CRECIMIENTO Y DESARROLLO MATERNO-INFANTIL” La frecuencia de la aplicación de los tamizajes o evaluaciones del crecimiento y desarrollo, según la modalidad del servicio en que la niña o el niño está inscrito es la siguiente: Tabla 2. Frecuencia de los tamizajes o evaluaciones y controles de crecimiento y desarrollo Tamizaje o evaluación y control Frecuencia de aplicación por tipo de Modalidad servicios Intramuros Extramuros Evaluación del estado nutricional con medidas antropométricas de peso, talla y edad y ploteo de gráficas de crecimiento de OMS, 2006 y oficiales en Costa Rica.  Al momento de la selección.  Niña o niño con sobrepeso u obesidad mínimo dos veces al año y cuando el equipo interdisciplinario lo determine.  Niña o niño con desnutrición, desnutrición severa, baja talla o baja talla severa, mínimo cuatro veces al año y cuando el equipo interdisciplinario lo determine.  Niña o niño que presenta condición de peso bajo o peso bajo severo en P/E y en los otros indicadores está normal, se evalúa dos veces al año.  Niña o niño con estado nutricional normal en todos los indicadores dos veces al año.  Toda niña o niño detectado con malnutrición se refiere al equipo interdisciplinario de la Oficina Local para su atención y cumplimiento de la notificación obligatoria al Área Rectora más cercana, completando la boleta VE01 (Anexo 1).  Al momento de la selección.  Niña o niño con sobrepeso u obesidad mínimo dos veces al año y",,,
sino_019,sino,¿La Unidad de Investigación y Vigilancia del Crecimiento y Desarrollo (UIVCD) recolecta los datos de vigilancia directamente de las boletas de papel a nivel nacional?,No,"No. La recolección de los formularios físicos y la digitación inicial de datos se realizan a nivel local (Oficina Local) mediante herramientas digitales en Excel. La UIVCD en el nivel central recibe la información ya consolidada digitalmente por las Direcciones Regionales y Oficinas Locales, y no recolecta directamente las boletas de papel a nivel nacional.","""Cada año completa manualmente el Formulario datos de vigilancia... y lo envía a la Oficina Local. Oficina Local: Recopila y digita en la herramienta Excel los datos de cada formulario de cada CEN-CINAI a su cargo elabora el consolidado local y envía el consolidado al nivel regional.""",NO_MATCH,2,0.5714,SISVENDIS-2023.pdf,Cada año completa manualmente el Formulario datos de vigilancia...,"datos de estado nutricional y del nivel del desarrollo por cantón y provincia Se incorpora en el informe las series históricas de resultados de la vigilancia desde el año 2002 a la fecha y la elaboración de brochures con el resum en de los resultados (DNCC,2022h) UIVCD Se elaboran tres informes de país y se mantiene los reportes por Oficina Local y por Dirección regional, se incorpora la práctica de infografías 2018 a la fecha Se valora toda la información contenida en el informe anual y para facilitar su comprensión y uso se divide en tres informes a saber: • Informe Datos Básicos: perfil socioeconómico de los beneficiarios y vigilancia de la salud, crecimiento y desarrollo infantil • Reporte estado nutricional y nivel del desarrollo infantil por provincia y cantón • Reporte de series históricas de vigilancia de la salud, crecimiento y desarrollo infantil Infografía con datos para uso por cada nivel de gestión UIVCD DIRECCIÓN NACIONAL DE CEN-CINAI Código: DNCC-DT-UIVCD-MAN-04-2023 DIRECCIÓN TÉCNICA Unidad de Investigación y Vigilancia Crecimiento y Desarrollo Fecha: 17/07/2023 Versión: 1 Sistema de vigilancia del estado nutricional, del desarrollo infantil y salud en CEN-CINAI: modelo operativo SISVENDIS Página 10 de 79 Dirección Nacional de CEN-CINAI “Crecimiento y Desarrollo Integral para las niñas y los niños” De la esquina suroeste del parque Braulio Carrillo 100 metros al sur, Avenida 4 y 6, Calle 14 Tel: 2258-7918 / dir.nacional@cen-cinai.go.cr / www.cen-cinai.go.cr Tabla 2. Evolución del informe datos básicos dentro de la Dirección Nacional de CEN-CINAI Nombre del informe y periodo de vigencia Descripción contenida Unidad organizativa responsable Informe anual incluye resultados de niñas y niños afectados durante la pandemia por COVID-19 2019 al 2022 Es importante mencionar que las acciones de vigilancia se mantuvieron durante los años de pandemia por COVID -19, acorde con el PS -Salud-01 Protocolo",,,
sino_022,sino,¿La corrección de edad para prematuros en EDIN II se realiza después de los 2 años de edad cronológica?,No,"No. La corrección de edad para niños pretérmino en la prueba EDIN II se realiza únicamente en menores de 2 años de edad cronológica. Si la niña o niño es mayor de dos años, la evaluación se realiza utilizando directamente su edad cronológica sin corrección.","""Para la aplicación del EDIN II, se usa la edad corregida en las niñas y niños nacidos pretérmino (nacidos antes de las 37 semanas de gestación) y que son menores de 2 años de edad cronológica. Si es mayor de dos años la evaluación se aplica con la edad cronológica que tiene.""",REVIEW,3,0.8,Manual-EDIN-II-final-2020.pdf,"Para la aplicación del EDIN II, se usa la edad corregida en las niñas y niños nacidos pretérmino (nacidos antes de las 37 semanas de gestación) y que son menores de 2 años de edad cronológica.","24 a 30 meses, en un área de desarrollo determinada. En aquellas niñas y niños pretérmino (nacidos antes de las 37 semanas de gestión) y que son menores de 2 años, es importante realizar la corrección de la edad con el objetivo de que se compense de forma parcial el periodo de vida intrauterina que le hizo falta al menor para culminar la formación y crecimiento óptimo, permitiendo valorar el desarrollo de las conductas alcanzadas hasta dicho momento; de no realizarse esta corrección, se evaluaría a la niña o el niño con ítems de un grupo de edad que no corresponde. Para ello será necesario calcular el número de semanas que le faltaron a la niña o al niño para completar las 40 semanas de gestación y se le restarán a su edad cronológica. Este cálculo se realiza de la siguiente forma: Por ejemplo, si es una niña con una edad cronológica de 8 meses y 13 días que nació a las 32 semanas de gestación, sería: 1. Calcule la edad cronológica de la niña o del niño en semanas 2. Calcule el número de semanas que fue pretérmino (40 – semanas de gestación) 3. Reste las semanas pretérmino a las semanas de edad cronológica 1. Edad cronológica: 8*4 semanas = 32 semanas 2. Semanas pretérmino: 40-32 = 8 semanas 3. Edad corregida: 32 – 8 = 24 semanas/4 = 6 meses. Por lo que se debe aplicar el grupo de edad de 6 a 7 meses La escala tiene un orden de presentación de las áreas establecidas, pero éste puede alterarse a criterio de la persona examinadora, siempre y cuando no se omita ninguna de las áreas del desarrollo ni de los ítems por área. Los enunciados pueden ser evaluados por observación, en aquellos casos en los que se",,,
sino_026,sino,¿Es el ASSC 2 un ejecutor posible de la Norma de Selección?,Sí,"Sí. El personal ASSC 2 (Asistente de Salud del Servicio Civil 2) está explícitamente incluido como uno de los ejecutores posibles de la Norma para Selección de personas usuarias (SC-N-01), junto con el ASSC 3, el profesional del establecimiento y el equipo interdisciplinario.","""Ejecución: ASSC2, ASSC3 , Profesional de establecimiento. Equipo Interdisciplinario, con el apoyo del Comité de CEN-CINAI.""",REVIEW,1,0.8,Procedimiento_Vigilancia_Crecimientoydesarrollo_intrayextramurosUIVCD.pdf,"Ejecución: ASSC2, ASSC3 , Profesional de establecimiento.","que aparece en el expediente y se repite al final del año o cuando la niña o niño egresa del servicio o se traslada de establecimiento. Se archiva en el expediente de la niña o niño para su seguimiento. a) Norma para la selección de personas usuarias. b) Expediente de la niña o el niño, apartado de consulta sobre diversidad alimentaria y frecuencia de consumo semanal de alimentos. Primer y tercer trimestre ASSC2 Profesional de establecimiento ASSC3 13 Revisar el Esquema de Vacunas al día y el control de la Asistencia de la consulta del crecimiento y desarrollo de la CCSS. Durante el proceso de selección se anotará el dato en el instrumento de selección vigente. Los datos se trasladarán al expediente de los niños y las niñas y se registran en la hoja de esquema de vacunación, para su seguimiento y actualización. c) Norma para la selección de personas usuarias. d) Expediente de la niña o el niño. e) Carné de desarrollo integral del niño y niña (CCSS). Al momento de la selección o como lo establece la tabla 2 frecuencia de tamizajes o evaluaciones. ASSC3 ASSC2 Profesional de establecimiento DIRECCIÓN NACIONAL DE CEN-CINAI DIRECCIÓN TÉCNICA UNIDAD DE INVESTIGACIÓN Y VIGILANCIA DEL CRECIMIENTO Y DESARROLLO PÁGINA 27 DE 45 VERSIÓN: 01 PROCEDIMIENTO PROCEDIMIENTO VIGILANCIA DEL CRECIMIENTO Y DESARROLLO INFANTIL EN LA MODALIDAD INTRAMUROS Y EXTRAMUROS CÓDIGO: PRO-CD-P-01 “CRECIMIENTO Y DESARROLLO MATERNO-INFANTIL” N° Tarea Método Documentos de referencia e instrumentos Periodicidad Responsable* 14 Referir a equipo de atención interdisciplinaria de la Oficina Local respectiva, las niñas o niños detectados con necesidades especiales en su crecimiento, desarrollo y entorno social donde vive y crece. Se refieren al equipo interdisciplinario de Oficina Local todos los casos de niñas o niños que se detectan con: a) Malnutrición en cualquiera de los indicadores antropométricos:",,,
sino_027,sino,¿La Jefatura de la Oficina Local es responsable de la supervisión de la norma PCD-VCD-N-01?,Sí,Sí. La Jefatura de la Oficina Local se indica expresamente como la responsable de la supervisión de la Norma para Vigilancia del Crecimiento y Desarrollo Infantil (PCD-VCD-N-01).,"""Supervisión: Jefatura de Oficina Local""",REVIEW,1,0.75,Procedimiento_Vigilancia_Crecimientoydesarrollo_intrayextramurosUIVCD.pdf,Supervisión: Jefatura de Oficina Local,"criterios, instrumentos, guías, manuales y otros, para la implementación de este procedimiento y toma de decisiones. La Jefatura de Área Técnica de la Región , es la persona responsable de conducir al equipo de Área Técnica, en las acciones de sup ervisión y acompañamiento técnico, al equipo de personas funcionarias del nivel local para el cumplimiento de este procedimiento. La Jefatura de Oficina Local , es la persona responsable de conducir la ejecución de este procedimiento, mediante la divulgación, programación y monitoreo de las acciones a realizar por parte de las personas funcionarias de establecimiento CEN-CINAI, como garante del cumplimiento eficiente y efectivo de este procedimiento en todos los establecimientos asignados. Las personas profesionales integrantes del equipo interdisciplinario de cada Oficina Local, dentro de sus funciones son responsables de brindar acompañamiento técnico al personal de los establecimientos, quienes implementarán las tareas correspondientes con calidez y calid ad en cumplimiento del presente procedimiento y cuentan con el apoyo del profesional de establecimiento. Las personas funcionarias responsables de la aplicación de l os diferentes tamizajes y evaluaciones, en el establecimiento CEN -CINAI, deberán realizar c on calidad y veracidad el registro de datos dentro de los expedientes de las niñas y niños y realizar las referencias cuando DIRECCIÓN NACIONAL DE CEN-CINAI DIRECCIÓN TÉCNICA UNIDAD DE INVESTIGACIÓN Y VIGILANCIA DEL CRECIMIENTO Y DESARROLLO PÁGINA 5 DE 45 VERSIÓN: 01 PROCEDIMIENTO PROCEDIMIENTO VIGILANCIA DEL CRECIMIENTO Y DESARROLLO INFANTIL EN LA MODALIDAD INTRAMUROS Y EXTRAMUROS CÓDIGO: PRO-CD-P-01 “CRECIMIENTO Y DESARROLLO MATERNO-INFANTIL” se detecten casos con necesidades especiales en su crecimiento y desarrollo , asimismo, la detección de casos con factores de riesgo sociales y de salud para su respectivo seguimiento por el equipo interdisciplinario de Oficina Local; todo conforme a la s Disposiciones 3.1 y 3.2 del presente procedimiento. Para orientar la actualización en la",,,
sino_031,sino,¿Incluye el EDIN II láminas ilustradas como parte de sus materiales?,Sí,Sí. La prueba EDIN II contempla láminas ilustradas a color entre sus materiales estandarizados para evaluar diversas conductas e ítems del desarrollo infantil.,"""...92 p., 6 p. de láminas : il. col."" / ""Lámina con casa, niña, perro, gato y carro... Lámina con una persona nadando, una persona viendo tele...""",NO_MATCH,1,0.2,Manual-EDIN-II-final-2020.pdf,"Lámina con una persona nadando, una persona viendo tele...","ANEXOS 101 5 La Prueba para la Evaluación del Desarrollo Integral de la Niña y el Niño (EDIN) II, es el resultado de la segunda validación de la escala para la Evaluación del Desarrollo Integral del Niño (EDIN), la cual es un instrumento de tamizaje, de realización rápida y sencilla, que permite evaluar el desarrollo infantil de los 0 meses a los 6 años de edad en las siguientes áreas del desarrollo: motora gruesa, motora fina, cognitiva, lenguaje y socioafectiva. Este documento incluye la última versión de la prueba, el instructivo para su implementación y los materiales estandarizados de acuerdo con su tamaño, diseño y características. La existencia de este instructivo no exonera a la persona examinadora que utilizará el EDIN II, de una previa capacitación que le proporcione el conocimiento y la técnica necesarios para su adecuada aplicación. 6 y lista de materiales Este instructivo busca guiar a la persona evaluadora sobre la forma en que explicará cada uno de los ítems del EDIN II a las niñas y los niños al momento de aplicar la prueba, con el fin de garantizar la ejecución de los mismos de una forma clara, comprensible y adecuada, así como certificar la validez y confiabilidad del resultado del desarrollo de la niña o del niño. Esta prueba está planteada por grupos de edad que van desde los 0 meses hasta los 6 años, de la siguiente manera: Para cada uno de estos grupos de edad se plantea una tabla con las siguientes columnas para mayor facilidad de la persona examinadora: La primera columna presenta el área del desarrollo que está siendo evaluada, ya sea motora gruesa, motora fina, cognitiva, lenguaje o socioafectiva. Mientras que la segunda columna expone el ítem que permitirá la evaluación del área. La tercera columna describe los materiales necesarios",,,
sino_034,sino,¿Es obligatorio que el lugar de aplicación del EDIN II sea silencioso?,Sí,"Sí. El manual establece que para la aplicación de la prueba EDIN II es indispensable que el lugar cumpla con características específicas, entre ellas ser silencioso, espacioso, tranquilo, sin distracciones y con buena iluminación.","""Para la aplicación de la prueba es indispensable un lugar con las siguientes características: espacioso, tranquilo, sin distracciones, silencioso y con buena iluminación.""",REVIEW,1,0.6667,Manual-EDIN-II-final-2020.pdf,"Para la aplicación de la prueba es indispensable un lugar con las siguientes características: espacioso, tranquilo, sin distracciones, silencioso y con buena iluminación.","tranquilo, sin distracciones, silencioso y con buena iluminación. Además, el lugar debe contar con una colchoneta para evaluar las conductas en las niñas y los niños más pequeños. Para los de mayor edad, se utilizará una mesa y dos sillas, una para la persona examinadora y otra para la niña o el niño. La mesa será el recurso que permitirá la colocación de los materiales para brindar una mejor visibilidad y uso de los mismos. Cabe destacar, que los materiales que se utilizarán para el desarrollo de la prueba se deben mantener fuera del alcance y de la vista de las niñas y los niños, con el fin de que no pierdan la atención, de forma tal que se le presenten únicamente aquellos materiales que se requieren para el ítem que está siendo evaluado. 8 Es importante señalar, que aquellas conductas que la niña o el niño no realice con la persona examinadora pueden ser aplicadas por la persona encargada, previa explicación por parte de la persona examinadora. De forma tal, que ésta sea incluida a lo largo de la implementación de la prueba con el fin de que la niña o el niño se sienta en un ambiente familiar. En cuanto a la aplicación del EDIN II, se debe iniciar evaluando los ítems de la fase que corresponde a la edad cronológica de la niña o el niño. Por ejemplo, si la niña o el niño tiene 27 meses, se comienza a administrar los ítems de la fase de 24 a 30 meses, en un área de desarrollo determinada. En aquellas niñas y niños pretérmino (nacidos antes de las 37 semanas de gestión) y que son menores de 2 años, es importante realizar la corrección de la edad con el objetivo de que se compense de forma parcial el",,,
sino_037,sino,¿El Anexo 5 de calidad de la herramienta es para uso exclusivo del personal de cocina?,No,"No. La Guía de revisión de calidad de la herramienta (Anexo 5) está definida para el uso del Jefe de la Oficina Local y Jefes del Área Técnica Regional (ATE) para la supervisión y control de calidad del registro de datos, no para uso del personal de cocina.","""La Guía de revisión de calidad para la 'herramienta de seguimiento al niño o niña con malnutrición', es para uso del jefe de la Oficina Local y jefes de ATE...""",NO_MATCH,2,0.5,Procedimiento_Atencin_Interdisciplinaria_Malnutricin_Versin_02_2020.pdf,"La Guía de revisión de calidad para la 'herramienta de seguimiento al niño o niña con malnutrición', es para uso del jefe de la Oficina Local y jefes de ATE...","de los próximos seguimientos que realizará. O b s erv aciones g enerales • El instrumento es responsabilidad de los miembros del equipo interdisciplinario para las sesiones de trabajo del seguimiento que se realiza, no obstante la aplicación del test de desarrollo (EDIN), la toma de peso, talla y clasificación del estado nutricional y otra información que el equipo considere pertinente puede ser realizada por el ASSC2, profesional de CEN CINAI, ASSC3 y promotores, todo bajo la conducción del equipo interdisciplinario. • El instrumento original permanecerá archivado en el expediente del niño o niña de la oficina local como respaldo de los seguimientos realizados a cada niño o niña, para luego proceder a ingresar los datos en la “Herramienta para el seguimiento interdisciplinario del niño o niña con malnutrición”. • Los datos que contienen un asterisco en el margen izquierdo (*), no se digitan en la herramienta, pero se pueden incluir en el espacio de observaciones. Recuerde: conforme con la responsabilidad de toda persona funcionaria pública y los lineamientos de control interno, toda la información que se reporte debe ser veraz y contar con la documentación que la respalda. R E G I S T R O DE DAT O S : Digitado en Herramienta: Marcar la casilla si la información contenida en el instrumento de detección del niño o niña con malnutrición fue digitada en la herramienta del mismo nombre. Fech a: Anotar el día, mes y año en que se digitó la información contenida en el instrumento de detección del niño o niña con malnutrición en la herramienta del mismo nombre. Ejemplo 10/02/2019 1. DAT O S PE R S O NAL E S Nombre del establecimiento: Anote el nombre del establecimiento donde el niño o niña recibe los servicios. Fech a de llenado: Anote en el espacio",,,
sino_039,sino,¿Se deben registrar las alergias alimentarias en el expediente del niño?,Sí,"Sí. Las alergias alimentarias se registran en el expediente de la niña o el niño, específicamente en el instrumento vigente que contiene la información general del cliente.","""Presencia de alergias alimentarias... Fuente de información: Expediente de la niña y niño, específicamente en el instrumento vigente que contiene la información general.""",NO_MATCH,4,0.6,Procedimiento_Atencin_Interdisciplinaria_Malnutricin_Versin_02_2020.pdf,"Fuente de información: Expediente de la niña y niño, específicamente en el instrumento vigente que contiene la información general.","niñas con malnutrición. Para ello en la hoja de seguimiento del estado nutricional (Seguimiento ENU), se registra la condición de como E G R E S O . 2. En el espacio de observaciones del último seguimiento registrado, se anota que el niño o niña se trasladó y se escribe el nombre del establecimiento, Oficina Local y Región donde fue traslados el expediente y la fecha del traslado. 3. En los casos de traslado de expediente, donde algún profesional custodia anotaciones específicas y sensibles del caso, el profesional respectivo deberá contactar a su homólogo de la Oficina donde se envió el expediente, para que transmita toda la información necesaria para continuar con la atención específica que requiere el caso. Esto puede ser por envío de forma confidencial de sus anotaciones o preparando un informe del caso. El envío puede ser de forma impresa o vía electrónica. Todo respetando la Ley 8968 de Protección de la persona frente al tratamiento de sus datos personales, vigente en Costa Rica y los derechos del niño o la niña. 4. Por su parte el equipo interdisciplinario de la Oficina Local que recib e el expediente, procederá a incluir en la herramienta de seguimiento al niño o niña con malnutrición, como mínimo los siguientes datos: o Datos del instrumento de detección incluido en el expediente o Datos del último seguimiento realizado al niño o niña y que se dispone en el expediente. 5. Posteriormente o de forma paralela el equipo interdisciplinario que recibe el expediente, en sesión de equipo procederá a conocer el caso y revisar el avance del plan de atención interdisciplinaria allí descrito, con esa base de información se actualizará la priorización del caso y continuará dando la atención interdisciplinaria acorde al procedimiento establecido. 6. En los casos que algún profesional recibe anotaciones",,,
sino_045,sino,"¿Se permite dejar espacios en blanco en la columna de ""Servicio asignado"" de la herramienta?",No,No. La guía de revisión de calidad de la herramienta establece explícitamente la instrucción de garantizar que no queden espacios en blanco sin asignación de servicio.,"""Importante que no quede espacios en blanco sin asignación de servicio.""",NO_MATCH,1,0.1667,Procedimiento_Atencin_Interdisciplinaria_Malnutricin_Versin_02_2020.pdf,Importante que no quede espacios en blanco sin asignación de servicio.,"niña, considerando los puntos de referencia más conocidos como calles, avenidas, iglesia, escuela, pulpería u otros existentes en su comunidad. No Teléfono: Anote el número de teléfono de la vivienda, número de teléfono celular, teléfono de un familiar, vecino u otro, donde se pueda ubicar en forma inmediata al responsable del cliente. Estrategia: marque en el paréntesis si es intramuros o extramuros. Nombre de persona encargada de niño /a: Anote el nombre completo y ambos apellidos de la madre o encargado del niño (a). Ejemplo: Mour Azter María No Identificación: Anote en el espacio correspondiente el número de identificación de la persona encargada del niño /a. Utilice para ello el número de la cédula de identidad, la cédula de residencia o el número de pasaporte en caso de ser extranjero. Ejemplo: 101110222, A3N45-MT. Si la persona no posee ningún tipo de documento, anote la palabra sin documentos en este espacio. M odalidad del s erv icio as ig nado: Anote una X , en el paréntesis correspondiente según corresponda a la modalidad asignada al niño o niña: • C.S. = Cuando recibe el servicio de solo para Comidas Servidas • Leche = Cuando recibe el servicio Distribución de Leche para consumo en el hogar • DAF = Cuando recibe el servicio Distribución de Alimentos a Familias, incluye el servicio de leche. • API = Cuando recibe el servicio Atención y Protección Infantil, incluye el servicio de API ESCOLARES • DAF-C.S. = Cuando recibe el servicio de Distribución de Alimentos a Familias más Comidas Servidas • DAF-API = Cuando recibe el servicio Distribución de Alimentos a Familias más Atención y Protección Infantil Fech a ing res o al DAF: En caso de ser incluido en la modalidad DAF, anote en el siguiente espacio el día, mes y año en que realizó",,,
sino_049,sino,¿El reporte al hogar (Anexo 4) debe llevar el sello del establecimiento?,Sí,Sí. El formulario de reporte al hogar (Anexo 4) incluye explícitamente el espacio para estampar el sello del establecimiento junto con el nombre y firma del funcionario.,"""Nombre del Funcionario: __________________________________ Sello establecimiento: _______________"" / ""Sello: Estampe el sello del establecimiento.""",NO_MATCH,5,0.5,Procedimiento_Atencin_Interdisciplinaria_Malnutricin_Versin_02_2020.pdf,Nombre del Funcionario: __________________________________ Sello establecimiento: _______________,"malnutrición. Firma: en el espacio correspondiente, escriba su firma de igual forma que como está en su cédula de identidad. S ello: Estampe el sello del establecimiento. De ser posible, en el sello debe observarse con claridad el nombre del establecimiento y el código numérico con sus respectivos 7 dígitos. Ej. CINAI Barrio Cuba, código 1010320. R ecib ido en O L por: en el espacio correspondiente, se anota con letra clara y legible el nombre completo y los dos apellidos de la persona funcionaria que recibe en la Oficina Local, el instrumento de detección del niño o niña con malnutrición. Además, en el espacio correspondiente a firma, se escribe la firma de igual forma que como está en la cédula de identidad, así como la fecha en que fue recibido en la Oficina Local. PAR A U S O E X C L U S I V O DE L PR O FE S I O NAL E N NU T R I C I O N: Esta sección es completada por el profesional en nutrición: En caso de que la niña o niño presente necesidades especiales (específicas) para la evaluación del crecimiento: anote patrón de crecimiento utilizado y el estado nutricional obtenido en la evaluación. Patrón de crecimiento utilizado: Anote la referencia del patrón de crecimiento utilizado para realizar la evaluación del crecimiento. Estado Nutricional: en el espacio correspondiente anote el resultado obtenido en el patrón de crecimiento utilizado para evaluar el estado nutricional según la necesidad especial que presenta el niño o la niña. PL AN DE AT E NC I Ó N I NT E R DI S C I PL I NAR I O ( U S O DE L E Q U I PO I NT E R S DI S C I PL",,,
sino_052,sino,¿La bitácora de sesión de equipo interdisciplinario es parte de los requerimientos del Anexo 6?,Sí,"Sí. La bitácora de sesión de trabajo del equipo interdisciplinario está expresamente señalada como parte de los instrumentos contenidos en el Anexo 6 (""Guía para la elaboración de informes y monitoreo"").","""Bitácora de sesión trabajo del equipo interdisciplinario (Anexo: 6 Guía para la elaboración de informes y monitoreo).""",REVIEW,5,0.8,Procedimiento_Atencin_Interdisciplinaria_Malnutricin_Versin_02_2020.pdf,Bitácora de sesión trabajo del equipo interdisciplinario (Anexo: 6 Guía para la elaboración de informes y monitoreo).,"de sesión trabajo del equipo interdisciplinario por cada una de las 41 o/f_icinas locales en funcionamiento y actualizadas. • Informes anuales de atención interdisciplinaria del niño o niña con malnutrición, por cada una de las nueve regiones programáticas en CEN-CINAI. III Anexos ANEXO 1 Lineamientos de priorización con base en grupos de riesgo para la atención y seguimiento interdisciplinario del niño o niña con malnutrición. “Crecimiento y desarrollo infantil” DIRECCIÓN NACIONAL DE CEN CINAI PÁGINA 37 DE 140 VERSIÓN: 02 PROCEDIMIENTO PROCEDIMIENTO PARA LA ATENCIÓN INTERDISCIPLINARIA DEL NIÑO O NIÑA CON MALNUTRICIÓN CÓDIGO: PRO-AI- AIM-P-01 Anexo 1. Lineamientos de priorización con base en grupos de riesgo para la atención y seguimiento interdisciplinario del niño o niña con malnutrición. 1. La jefatura de O/f_icina Local conduce la ejecución de este procedimiento mediante la programación y monitoreo de las acciones que el equipo interdisciplinario realiza para la adecuada atención y seguimiento de los niños y niñas con malnutrición, según lo dispuesto en el Procedimiento para la atención interdisciplinaria del niño o niña con malnutrición. Las acciones a realizar deben estar programadas y veri/f_icarse su cumplimiento. 2. En sesión de trabajo interdisciplinario, el equipo de profesionales de/f_ine de manera conjunta y colaborativa, el nivel de prioridad de cada caso, considerando aspectos de salud, estado nutricional, nivel del desarrollo, datos del grupo familiar, riesgo social, entre otros determinantes sociales de la salud donde el niño o niña crece. Como apoyo para la priorización, pueden considerar como guía el esquema de priorización de los grupos de riesgo, no obstante, cada equipo analizará las particularidades de cada caso para determinar la prioridad. 3. La asignación de priorización debe revisarse y actualizarse después de cada seguimiento que el equipo o algún miembro del equipo interdisciplinario realice. 4. A continuación, la descripción de los elementos para el análisis",,,
sino_054,sino,¿Se debe realizar el destete obligatorio antes de los 12 meses según las normas de salud?,No,No. Las normas de salud e institucionales promueven la lactancia materna exclusiva durante los primeros 6 meses y su continuidad hasta los 24 meses o más junto con la alimentación complementaria; no establecen un destete obligatorio antes de los 12 meses.,"""...priorizando la lactancia materna exclusiva por los primeros seis meses, la continuidad de la lactancia materna hasta los 24 meses o más...""",NO_MATCH,2,0.5,Procedimiento_Atencin_Interdisciplinaria_Malnutricin_Versin_02_2020.pdf,"...priorizando la lactancia materna exclusiva por los primeros seis meses, la continuidad de la lactancia materna hasta los 24 meses o más...","de 5 años ≥ de 5 años Indicador P/E P/T T/E IMC T/E Clasificación **Puntaje Z b) Fecha evaluación del Desarrollo: _____/_____/______ Edad: Años ________ Meses________ Día Mes Año Nivel del Desarrollo Escala EDIN < de 6 años EVADE ≥ de 6 años Área MG MF CO LE SA HS MG MF LE CO SA Clasificación ***Nivel 3. DATOS DE SALUD INDIVIDUAL Madre fumadora activa durante embarazo: Si ( ) No ( ) SD ( ) Clasificación al nacer: Pre término ( ) Término ( ) Post término ( ) SD ( ) Peso al Nacer: ____________gramos SD ( ) Cuenta con esquema de vacunación al día: Si ( ) No ( ) SD ( ) Edad Gestacional (Semanas): 21-27 s ( ) 28-37 s ( ) 38-41 s ( ) 42 o más ( ) SD ( ) Presenta alguna discapacidad : Si ( ) No ( ) SD ( ) Cuál (es): Padece enfermedad crónica o congénita: Si ( ) No ( ) SD ( ) Cuál (es): Lactancia materna: Si ( ) No ( ) SD ( ) Tiempo duración L.M exclusiva: __________Meses SD ( ) *Destete antes de los 12 meses de edad: Si ( ) No ( ) SD ( ) *Ha recibido tratamiento de desparasitación en los últimos 6 meses (aplica para mayores de 2 años) : Si ( ) No ( ) SD ( ) Otros especificar, cuáles (tamizajes visual, auditivo, salud oral, otros) *Este dato no se digita en la herramienta. Puede anotarse en observaciones en la herramienta. **Recordar que el Profesional en Nutrición debe verificar el dato, utilizando la calculadora del software anthro y completa la casilla de puntaje Z. *** Si tiene resultado bajo, anotar si es en 1,2 o 3 niveles “Crecimiento y desarrollo infantil” DIRECCIÓN NACIONAL DE CEN",,,
sino_056,sino,¿La frecuencia de consumo de alimentos frescos se consulta solo al ingreso del niño?,No,"No. La consulta sobre la frecuencia de consumo de alimentos frescos se realiza durante la entrevista inicial (ingreso), pero se repite al final del año o cuando la niña o niño egresa del servicio o se traslada de establecimiento (con periodicidad en el primer y tercer trimestre).","""En la entrevista inicial... y se repite al final del año o cuando la niña o niño egresa del servicio o se traslada de establecimiento."" / ""Frecuencia de aplicación: Inicio y final del primer año de recibir servicios de CEN-CINAI""",REVIEW,2,0.7,Procedimiento_Vigilancia_Crecimientoydesarrollo_intrayextramurosUIVCD.pdf,Frecuencia de aplicación: Inicio y final del primer año de recibir servicios de CEN-CINAI,"vez al año para control.  Niñas y niños con resultado de Higiene Oral Regular se refieren a la CCSS cada seis meses.  Niñas y niños con resultado de Higiene Oral Mala se refieren a la CCSS cada tres meses. No aplica. Evaluación cualitativa de niñas y niños que reciben API.  En el primer y tercer trimestre del año.  Niña o niño con conductas en proceso de logro se realiza estimulación en el contexto, y/o referencia a equipo interdisciplinario, así como recomendaciones por escrito a padres o persona encargada para estimulación desde al hogar. No aplica. Consulta sobre diversidad alimentaria y frecuencia de consumo de alimentos frescos.  En el primer y cuarto trimestre del año.  Niña o niño inscrito en APC, CS, DAF  Niña o niño con consumo de cuatro o menos grupos de alimentos se debe reforzar el consumo de los otros grupos de alimentos no consumidos, así como dar recomendaciones por escrito a padres o persona encargada para fomentar el consumo desde al hogar.  En el primer y cuarto trimestre del año.  Niña o niño inscrito DAF.  Niña o niño con consumo de cuatro o menos grupos de alimentos se debe reforzar el consumo de los otros grupos de alimentos no consumidos, así como dar recomendaciones por escrito a padres o persona encargada para fomentar el consumo desde al hogar. DIRECCIÓN NACIONAL DE CEN-CINAI DIRECCIÓN TÉCNICA UNIDAD DE INVESTIGACIÓN Y VIGILANCIA DEL CRECIMIENTO Y DESARROLLO PÁGINA 17 DE 45 VERSIÓN: 01 PROCEDIMIENTO PROCEDIMIENTO VIGILANCIA DEL CRECIMIENTO Y DESARROLLO INFANTIL EN LA MODALIDAD INTRAMUROS Y EXTRAMUROS CÓDIGO: PRO-CD-P-01 “CRECIMIENTO Y DESARROLLO MATERNO-INFANTIL” Tamizaje o evaluación y control Frecuencia de aplicación por tipo de Modalidad servicios Intramuros Extramuros Esquema de Vacunas al día.  Al momento de la selección.  Se",,,
sino_061,sino,¿El nivel socioeconómico de la familia influye en la prioridad de atención del caso?,Sí,"Sí. La definición del nivel de prioridad de cada caso por parte del equipo interdisciplinario analiza de manera integral los determinantes sociales de la salud, incluyendo los factores del grupo familiar y el riesgo social (que abarca aspectos socioeconómicos, educativos y del entorno).","""...el equipo de profesionales define de manera conjunta y colaborativa, el nivel de prioridad de cada caso, considerando aspectos de salud, estado nutricional, nivel del desarrollo, datos del grupo familiar, riesgo social, entre otros determinantes sociales de la salud...""",REVIEW,3,0.8,Procedimiento_Atencin_Interdisciplinaria_Malnutricin_Versin_02_2020.pdf,"...el equipo de profesionales define de manera conjunta y colaborativa, el nivel de prioridad de cada caso, considerando aspectos de salud, estado nutricional, nivel del desarrollo, datos del grupo familiar, riesgo social, entre otros determinantes sociales de la salud...","la priorización y de/f_ine la estrategia inicial de abordaje interdisciplinario con la información disponible en el momento. Para ello, pueden registrar en la herramienta la información del instrumento de detección con el /f_in de que facilite realizar la priorización (empleando /f_iltros). Este registro en la herramienta, puede realizarse previo o durante la sesión. Considerar como insumo, factores de riesgo tales como: salud individual niño o niña, datos del grupo familiar o la comunidad, por ejemplo: estado nutricional, nivel del desarrollo, riesgo social, violencia familiar, entre otros determinantes sociales de la salud donde el niño o niña crece. De manera conjunta y colaborativa se de/f_ine su prioridad, el objetivo del plan de atención, la estrategia de atención que se implementará, ya sea por medio de: visita domiciliar, atención individual, grupal, contexto, consejería u otra y se designa la fecha del primer seguimiento y al o los responsables del seguimiento. Esto se registra en el Instrumento de detección. a) Instrumento de detección del niño o niña con malnutrición completado. b) Referencias recibidas de otras instituciones. c) Expediente del niño o niña o información proporcionada por otros funcionarios/as. d) Sistema de caracterización del ambiente familiar o de hogar (CAF o CAH). e) Lineamientos de priorización con base en grupos de riesgo para la atención y seguimiento interdisciplinario del niño o niña con malnutrición. (Anexo 1). f) Lineamientos para la evaluación del desarrollo en la atención interdisciplinaria de niños y niñas con malnutrición. (Anexo 2). g) Estrategias con enfoque de salud pública para la atención y seguimiento interdisciplinario del niño o niña con malnutrición. (Anexo 3). h) DISSEN del establecimiento. Al menos una vez al mes, cuando se detecta caso, o cuando se da el plazo de valorar seguimientos. Equipo interdisciplinario de O/f_icina Local. DIRECCIÓN NACIONAL DE CEN CINAI PÁGINA 26 DE 140 VERSIÓN:",,,
sino_062,sino,¿Se puede usar el perímetro braquial en niños con parálisis cerebral?,Sí,"Sí. El perímetro braquial (circunferencia braquial) está establecido como una de las mediciones antropométricas alternativas para la evaluación del estado nutricional en niñas y niños con necesidades especiales en su crecimiento, específicamente para casos con parálisis cerebral infantil (PCI), Síndrome de Down y acondroplasia.","""En el manual abarca la evaluación nutricional para niñas y niños con Síndrome de Down, acondroplasia y parálisis cerebral infantil (PCI). Asimismo, las mediciones antropométricas alternativas incluidas en este manual son la altura rodilla, perímetro braquial y circunferencia cefálica.""",REVIEW,1,0.6923,SISVENDIS-2023.pdf,"En el manual abarca la evaluación nutricional para niñas y niños con Síndrome de Down, acondroplasia y parálisis cerebral infantil (PCI).","rodilla • Circunferencia braquial • Circunferencia cefálica Condición de discapacidad Para conocer el estado nutricional mediante la interpretación de los indicadores peso para talla, talla para edad, peso para edad para Síndrome de Down, acondroplasia y parálisis cerebral Infantil (PCI). Expediente de la niña y niño, específicamente en el instrumento de selección y en las gráficas de crecimiento somático vigentes para su edad y sexo Anual, semestral o trimestral, varía con base al tipo de servicio que recibe, el estado nutricional previo y los factores de riesgo presentes. (intra y extramuros) Prueba para la evaluación del desarrollo integral de la niña y el niño de 0 meses a 6 años de edad (EDIN II) Conductas esperadas según grupos de edad. Para conocer el nivel del desarrollo (normal, rezago o riesgo de retraso) de la niña o niño en cinco áreas del desarrollo: Motora Gruesa, Motora Fina, Lenguaje, Cognitiva y Socioafectiva. Brinda resultado global del desarrollo. Expediente de la niña y niño, específicamente en el instrumento de registro de resultados del EDIN II. Anual, semestral varía con base al resultado de la evaluación previa y la edad de la niña o el niño. (intra y extramuros) Lista de cotejo de patrones de hábitos de salud • Edad • Alimentación • Eliminación • Sueño • Descanso • Higiene • Vestido • Seguridad (edades más grandes) Identificar de manera oportuna la existencia o no de hábitos que impactan el desarrollo infantil. • Cumple No cumple Expediente de la niña y niño, específicamente en el instrumento de Lista de cotejo patrones de hábitos de salud. Cada vez que se aplica el EDIN II. DIRECCIÓN NACIONAL DE CEN-CINAI Código: DNCC-DT-UIVCD-MAN-04-2023 DIRECCIÓN TÉCNICA Unidad de Investigación y Vigilancia Crecimiento y Desarrollo Fecha: 17/07/2023 Versión: 1 Sistema de vigilancia del estado nutricional, del desarrollo infantil y salud",,,
sino_063,sino,"¿La ""Tendencia"" se observa comparando el registro actual con evaluaciones anteriores?",Sí,"Sí. La ""Tendencia"" se analiza observando y comparando la condición de la niña o el niño según el resultado obtenido en el registro actual frente a sus evaluaciones subsecuentes/anteriores para determinar su evolución en el tiempo.","""Tendencia: una vez realizado el registro, se observa la condición de la niña o niño según el resultado obtenido y su evolución en evaluación subsecuentes.""",NO_MATCH,1,0.3571,DVS_norma_nacional_uso_graficas_antropometricas_valoracion_nutriciol_0-19_2017.pdf,"Tendencia: una vez realizado el registro, se observa la condición de la niña o niño según el resultado obtenido y su evolución en evaluación subsecuentes.","se calcula obteniendo la diferencia entre la medición del niño o niña y la media del grupo poblacional que se esté analizando y la media de la población de referencia y dividiendo posteriormente esta diferencia entre la desviación estándar; esto es: 5 (Valor observado) - (Valor de la media de referencia) Z = ----------------------------------------------------------------------- Desviación estándar de la población de referencia Retardo en talla: se define como baja talla para la edad (T/E) según graficas actuales. Sobrepeso: Es el aumento del peso corporal por encima de un patrón dado en relación con la talla. Talla: Medición del crecimiento lineal en niños o niñas mayores de dos años esta medición se realiza en posición de pie. Talla o longitud para la edad: indicador de crecimiento que relaciona la talla o longitud con la edad. Tendencia: Evolución de dos o más mediciones en el tiempo, se puede visualizar en el tiempo trazando una línea que se realiza al unir dos o más puntos en una gráfica, cuando hay puntos marcados de dos o más visitas se deben unir los puntos adyacentes con una línea recta para una mejor apreciación de la tendencia. Vigilancia: Constituye un proceso permanente de recolección, análisis e interpretación de datos, para contribuir oportun amente a la toma de decisiones con base en la evidencia. Vigilancia de la Salud : Función rectora mediante la cual se identifica, analizan y da seguimiento al estado, determinantes y tendencias de la salud pública, a fin de contribuir a seleccionar, en forma oportuna, las medidas más apropiadas, para proteger y mejorar la salud de la población. De lo anterior se desprende que, la función de vigilancia de la salud trasciende la vigilancia epidemiológica e incluye el seguimiento y análisis de los determinantes clave que, desde las dimensiones socioeconómica y cultural, ambiental, biológica y",,,
sino_067,sino,¿La norma NUT-EN-N-01 utiliza como base las Guías Alimentarias vigentes?,Sí,"Sí. El propósito fundamental de la Norma para Educación Alimentaria Nutricional (NUT-EN-N-01) es educar en la promoción de hábitos alimentarios y estilos de vida saludables, basándose en lineamientos científicos vigentes como las Guías Alimentarias.","""El propósito fundamental es educar en la promoción de hábitos alimentarios y estilos de vida saludables, basados en lineamientos científicos vigentes como por ejemplo las Guías Alimentarias...""",NO_MATCH,4,0.5,Normas-sustantivas-CEN-CINAI-30-09-2021.pdf,"El propósito fundamental es educar en la promoción de hábitos alimentarios y estilos de vida saludables, basados en lineamientos científicos vigentes como por ejemplo las Guías Alimentarias...","de 20 De la esquina suroeste del parque Braulio Carrillo 100 metros al sur, Avenida 4 y 6, Calle 14 Tel: 2258-7918 / Fax: 2223-6689 / Código Postal 10103 www.cen-cinai.go.cr NORMAS TÉCNICAS SUSTANTIVAS MODALIDADES DE ATENCIÓN/ ACCIONES SUSTANTIVAS CONSISTE Norma para Educación Alimentaria Nutricional Código: NUT-EN-N-01 Educación a grupos de niñas y niños La Educación Alimentaria Nutricional se gesta a partir de las múltiples actividades cotidianas d esarrolladas en los diferentes espacios, donde se promueve el contacto , la experimentación sensorial alimentaria , la producción de alimentos , el aprendizaje y adquisición de prácticas alimentarias saludables desde varias estrategias como: la huerta pedagógica, interacción y preparación de diversidad alimentos, la comensalidad, donde el modelaje de pares (infantes) , persona adulta y adolescente - niña/niño, contribuyen a al conocimiento y la adopción de adecuados patrones alimentarios para una adecuada nutrición. Lo anterior basado en lineamientos científicos vigentes como por ejemplo las Guías Alimentarias, haciendo uso de técnicas apropiadas, de acuerdo con las necesidades de los grupos etarios atendidos en CEN - CINAI. Educación a mujeres embarazadas o en periodo de lactancia, incluye adolescentes madres Norma para Atención Integral de niñas y niños Intramuros Código: API-EC-N-01 Atención y Protección Cotidiana Es la Atención y Protección C otidiana a los niños y las niñas, en espacios sanos, se guros y estimulantes, que fomenten su desarrollo óptimo, desde un enfoque de derechos y en el respeto a las necesidades evolutivas de los niños y las niñas . Se brinda educación a la primera infancia y apoyo educativo a los clientes en edad escola r; se complementa con alimentación preparada y servida en el establecimiento, vigilancia del crecimiento y desarrollo y salud oral. Los horarios de atención responden a las necesidades de las familias y la comunidad. Vínculo Persona Adulta adolescente Niña-Niño El objetivo es",,,
sino_068,sino,¿El test de lenguaje se aplica de forma masiva a todos los niños de 0 a 6 años?,No,"No. El Test de lenguaje no se aplica de forma masiva a toda la población infantil de 0 a 6 años, sino exclusivamente a aquellos casos que son referidos por presentar un nivel de rezago en el área de lenguaje o problemas de comunicación (en edades de 2 años a 6 años y 11 meses).","""Test de Lenguaje a casos referidos con nivel de rezago en el área de lenguaje y problemas de comunicación.""",NO_MATCH,1,0.4444,SISVENDIS-2023.pdf,Test de Lenguaje a casos referidos con nivel de rezago en el área de lenguaje y problemas de comunicación.,"gruesa, motora fina, cognitiva, lenguaje y socioafectiva, sin emitir un diagnóstico. EVADE Kit para la evaluación del desarrollo infantil en escolares Contiene los materiales necesarios para la realización de las pruebas del área del desarrollo que está siendo evaluada (motora gruesa, motora fina, cognitiva, lenguaje o socioafectiva). Estos materiales han sido estandarizados. Esta prueba está planteada por grupos de edad que va n desde los 6 años hasta los 14 años. EVADE: Hoja para registro de resultados de la prueba Hojas para registrar los resultados del tamizaje del Desarrollo de niñas, niños y adolescentes de 6 a 14 años de edad, en las áreas: motora gruesa, motora fina, lenguaje, cognitiva y socioafectiva. Orienta las estrategias de atención de acuerdo con el nivel de desarrollo. Test de detección de dificultades de lenguaje: fonética Instrumento para el registro de resultados de la evaluación del Test de detección de dificultades de lenguaje (fonética y otras áreas de lenguaje). Permite el seguimiento de niños y niñas mayores de 3 años, con dificultades en el desarrollo del lenguaje. El test de Otras áreas de lenguaje, cuenta con 17 láminas o fichas como parte de su aplicación. Estos documentos cuentan con su respectivo Instructivo de aplicación para el test de detección de dificultades del lenguaje DIRECCIÓN NACIONAL DE CEN-CINAI Código: DNCC-DT-UIVCD-MAN-04-2023 DIRECCIÓN TÉCNICA Unidad de Investigación y Vigilancia Crecimiento y Desarrollo Fecha: 17/07/2023 Versión: 1 Sistema de vigilancia del estado nutricional, del desarrollo infantil y salud en CEN-CINAI: modelo operativo SISVENDIS Página 65 de 79 Dirección Nacional de CEN-CINAI “Crecimiento y Desarrollo Integral para las niñas y los niños” De la esquina suroeste del parque Braulio Carrillo 100 metros al sur, Avenida 4 y 6, Calle 14 Tel: 2258-7918 / dir.nacional@cen-cinai.go.cr / www.cen-cinai.go.cr Materiales y equipo para vigilancia del desarrollo Observaciones para el uso Test de",,,
sino_069,sino,¿La visión institucional de CEN-CINAI incluye el enfoque de derechos de la niñez?,Sí,"Sí. La visión y modelo de atención institucional de CEN-CINAI están explícitamente fundamentados en el enfoque de derechos de la niñez, promoviendo el desarrollo de la población infantil como sujetos integrales de derechos.","""...que aseguren la atención óptima del niño y la niña menor de 13 años y que impulsan el desarrollo de su potencial como sujeto integral de derechos. Los servicios antes mencionados se encuentran entrelazados, debido a que la visión de la Dirección Nacional de CEN-CINAI...""",NO_MATCH,2,0.5385,SISVENDIS-2023.pdf,...que aseguren la atención óptima del niño y la niña menor de 13 años y que impulsan el desarrollo de su potencial como sujeto integral de derechos.,"niña o niño, su grupo familiar y el entorno donde vive crece y se desarrolla, así como la capacidad instalada de la institución, junto con las recomendaciones de vigilancia de la salud integral de la niña o niño (Requejo et al, 2022). Esto permite regular y orientar sobre la correcta aplicación de los tamizajes y el registro de los resultados en el expediente, para mejorar la calidad del dato y la atención que reciben las niñas y niños, clientes de la Dirección Nacional de CEN-CINAI. Respecto a las acciones de vigilancia de la niñez con discapacidad, barreras en el aprendizaje y la participación se realizan en todos los establecimientos CEN -CINAI y en las comunidades que atiende. Con este contexto, la vigilancia del estado nutricional, nivel del desarrollo y salud, de toda la niñez que atiende CEN -CINAI fomenta y DIRECCIÓN NACIONAL DE CEN-CINAI Código: DNCC-DT-UIVCD-MAN-04-2023 DIRECCIÓN TÉCNICA Unidad de Investigación y Vigilancia Crecimiento y Desarrollo Fecha: 17/07/2023 Versión: 1 Sistema de vigilancia del estado nutricional, del desarrollo infantil y salud en CEN-CINAI: modelo operativo SISVENDIS Página 12 de 79 Dirección Nacional de CEN-CINAI “Crecimiento y Desarrollo Integral para las niñas y los niños” De la esquina suroeste del parque Braulio Carrillo 100 metros al sur, Avenida 4 y 6, Calle 14 Tel: 2258-7918 / dir.nacional@cen-cinai.go.cr / www.cen-cinai.go.cr establece acciones afirmativas de inclusión. El concepto de discapacidad ha experimentado un cambio de paradigma a través de los años, pasando de una concepción médica donde en foca la discapacidad como condición inherente a las personas y enfocada en el déficit, hacia un modelo social que reconoce a las personas con discapacidad como sujetos de derechos, desde el cual se concibe que las limitaciones o restricciones enfrentadas p or las personas con discapacidad surgen en contextos sociales particulares (Corrales, Soto y Villafañe,",,,
sino_073,sino,¿El modelo SISVENDIS integra la vigilancia de salud oral?,Sí,"Sí. El modelo operativo del SISVENDIS integra formalmente la vigilancia de la salud oral (tamizajes de salud oral, control de placa bacteriana HOMA y detección de caries).","""...tamizajes de vigilancia vigentes... Salud oral / Tamizaje de Salud Oral... HOMA: higiene oral para el control anual de placa bacteriana""",NO_MATCH,4,0.1429,SISVENDIS-2023.pdf,HOMA: higiene oral para el control anual de placa bacteriana,"para la identificación de áreas geográficas prioritarias, identificación de estrategias de atención a esas prioridades y la toma decisiones sobre las metas de población y destino de los recursos disponibles, entre otros. Todo en apoyo a la rendición de cuentas institucionales y a la mejora en la gestión de calidad de atención a la población beneficiaria. Asimismo, se fortalece el proceso de documentación, sistematización y capacitación a personas funcionarias en todos los aspectos metodológicos que integra la implementación del SISVENDIS y de esta forma mejorar la calidad del dato, al unificar las técnicas de medición del crecimiento y desarrollo infantil, la recolección de datos, el manejo, captura y procesamiento de los datos, en cada nivel de gestión y el adecuado uso de la información, como apoyo a tomadores de decisión. MARCO NORMATIVO El SISVENDI S establecido en la Dirección Nacional de CEN -CINAI, cuenta con una serie de documentos normativos, guías metodológicas, de procedimientos e instrumentos, que regula la aplicación de tamizajes a las niñas y los niños, tales como: estado nutricional, nivel del desarrollo menores de seis años, nivel del desarrollo de niñas y niños en edad escolar, detección de dificultades de lenguaje, agudeza visual, agudeza auditiva, salud oral, diversidad alimentaria mínima, frecuencia de consumo de alimentos, evaluación cualitativa de niñas y niños que reciben API (DNCC, 2021b). Estos documentos normativos se diseñan y elabora n acorde con la s necesidades de la población infantil y se implementan con enfoque de salud pública, considerando las características propias de la niña o niño, su grupo familiar y el entorno donde vive crece y se desarrolla, así como la capacidad instalada de la institución, junto con las recomendaciones de vigilancia de la salud integral de la niña o niño (Requejo et al, 2022). Esto permite regular y orientar sobre la correcta",,,
sino_078,sino,¿El seguimiento nutricional en desnutrición severa debe ser mínimo 4 veces al año?,Sí,"Sí. El procedimiento establece explícitamente que a la niña o niño con desnutrición, desnutrición severa, baja talla o baja talla severa se le debe realizar evaluación/seguimiento mínimo cuatro veces al año (y cuando el equipo interdisciplinario lo determine).","""Niña o niño con desnutrición, desnutrición severa, baja talla o baja talla severa, mínimo cuatro veces al año y cuando el equipo interdisciplinario lo determine.""",NO_MATCH,5,0.5,Procedimiento_Atencin_Interdisciplinaria_Malnutricin_Versin_02_2020.pdf,"Niña o niño con desnutrición, desnutrición severa, baja talla o baja talla severa, mínimo cuatro veces al año y cuando el equipo interdisciplinario lo determine.","Sobre peso: S P Normal: NL Desnutrición: DE Desnutrición Severa: DE S Muy Alto: M A Alto: AL Normal: NL Baja Talla: B T Baja Talla Severa: B T S “Crecimiento y desarrollo infantil” DIRECCIÓN NACIONAL DE CEN CINAI PÁGINA 67 DE 140 VERSIÓN: 02 PROCEDIMIENTO PROCEDIMIENTO PARA LA ATENCIÓN INTERDISCIPLINARIA DEL NIÑO O NIÑA CON MALNUTRICIÓN CÓDIGO: PRO-AI- AIM-P-01 b) Fecha de evaluación del desarrollo: Anote en el siguiente espacio el día, mes y año en que realizó la evaluación del desarrollo del niño o niña. Ejemplo: 26/06/2019 E dad: Anote en años y meses la edad exacta del niño o niña al momento de realizar la evaluación del desarrollo. La misma la puede obtener utilizando la fecha de nacimiento y la fecha en que realizó la evaluación del desarrollo del niño o niña. Ejemplo: 02 años 04 meses Niv el del des arrollo: Anotar los resultados obtenidos en la evaluación del desarrollo en el cuadro titulado “Nivel del desarrollo”, según el grupo de edad correspondiente, ya sea menores de 6 años (< 6 años) utilizando la escala de EDIN, en el caso de los niños o niñas con edad igual o mayores de 6años (≥6 años), utilizando la escala EVADE. Para los menores de 6 añ os ( < 6 añ os ) : Se requiere el resultado obtenido con la escala EDIN en las áreas MG (Motora Gruesa), MF (Motora Fina), CO (Cognitiva), LE (Lenguaje), SA (Socio afectiva) y HS (Hábitos de Salud). Anote en cada una de las áreas del desarrollo evaluadas la letra correspondiente al resultado obtenido; considerando lo siguiente: E DI N E DI N I I Superior (anota S) Adecuado (anota A) Bajo (anota B) Verde (anota V) Amarillo (anota A) Rojo (anota R) Niv el: esta fila se llena solamente si el",,,
sino_082,sino,¿Se debe medir de pie a un niño menor de 2 años que ya camina?,No,"No. A las niñas y niños menores de dos años (o menores de 85 cm) se les mide la longitud acostados boca arriba (decúbito supino/dorsal) utilizando un infantómetro, independientemente de si ya caminan. La medición de pie (talla) se aplica a mayores de dos años o mayores de 85 cm.","""La longitud es la medición que se aplica a los niños o niñas menores de dos años o menores de 85 cm en posición decúbito dorsal. La talla es la medida de niños o niñas mayores de dos años o mayores de 85 cm y a adultos en posición de pie.""",REVIEW,1,0.8182,Manual-operativo-Evaluacion-estado-nutricional-2019.pdf,La longitud es la medición que se aplica a los niños o niñas menores de dos años o menores de 85 cm en posición decúbito dorsal.,"en posición de pie y sume 0,7 cm para convertirla a longitud. • Si el niño o niña tiene 2 años de edad o más y es capaz de pararse, mida la talla de pie. Pero en caso de que no sea capaz de ponerse de pie, mida la longitud en posición acostado boca arriba y reste 0,7 cm para convertirlo a talla. (1) Procedimiento para medir longitud en niños y niñas menores de 2 años El equipo nece- sario para medir la longitud es el infantómetro. La medición de la longitud se realiza colocando el niño o niña en posición acostada boca arriba (decúbito supino), usando un infantómetro que debe estar colocado en una superficie plana, sólida como una mesa. Para valorar la longitud realice las siguientes instrucciones (Caja Costarricense de Seguro Social, 2000; Organización Mundial de la Salud, 2007): Plano de Frankfort 35 Manual operativo para la evaluación del estado Nutricional con medidas antropométricas de las niñas y los niños de los CEN-CINAI • Solicite a la madre, padre o encargado que se coloque por detrás de la tabla fija para que pueda sostener con seguridad la cabeza del niño o niña. • Colóquese al lado del infantómetro donde pueda observar lo mejor posible la cinta métrica y mover la tala para los pies. • Revise que el niño o niña este acostado rectamente a lo largo de la tabla y que no varíe su posición, los hombros deben tocar la tabla o mesa y la espina dorsal no debe estar arqueada. Solicite a la madre, padre o encargado que le avise si el niño o niña arquea su espalda o si cambia de posición.) • Las plantas de los pies deben estar planas contra la tala para los pies del tallímetro o infantómetro, los dedos deben apuntar",,,
sino_087,sino,¿La bitácora del equipo interdisciplinario debe ser foliada igual que el expediente?,No,"No. La exigencia de foliación ordenada (""Todo expediente deberá estar foliado"") aplica específicamente al expediente de atención interdisciplinaria de la niña o el niño. La bitácora de sesiones del equipo interdisciplinario es un registro de acuerdos que se custodia a nivel de la Oficina Local y no forma parte del expediente individual foliado.","""3. Todo expediente deberá estar foliado."" / ""Bitácora de sesiones de equipo interdisciplinario por Oficina Local.""",REVIEW,1,0.6667,Procedimiento_Atencin_Interdisciplinaria_Malnutricin_Versin_02_2020.pdf,Bitácora de sesiones de equipo interdisciplinario por Oficina Local.,"vez al mes, en cada O/f_icina Local. 1 En la bitácora de reunión de equipo interdisciplinario debe incluir al menos los siguientes elementos en toda sesión de trabajo: registro de participantes, resumen de lo discutido, acuerdos, fecha de próxima reunión. DIRECCIÓN NACIONAL DE CEN CINAI PÁGINA 20 DE 140 VERSIÓN: 02 PROCEDIMIENTO PROCEDIMIENTO PARA LA ATENCIÓN INTERDISCIPLINARIA DEL NIÑO O NIÑA CON MALNUTRICIÓN CÓDIGO: PRO-AI-AIM-P-01 2.4 Descripción de tareas N° Tarea Método Documentos de referencias e instrumentos Periodicidad Responsables 1 Detectar al niño/a con malnutrición con: peso alto, bajo peso, bajo peso severo, obesidad, sobrepeso, desnutrición, desnutrición severa, baja talla ó baja talla severa, durante el proceso de selección de clientes o mientras permanece en los servicios de la Dirección Nacional de CEN- CINAI. Toma de peso y talla, indicar el sexo y la edad para clasi/f_icar el estado nutricional y ploteo en grá/f_icas de crecimiento, el cual se realiza como parte de las tareas del proceso de selección anual, durante evaluación de estado nutricional mientras participa de los servicios recibidos o por signos de alerta. a) Norma para la selección de personas usuarias. b) Norma para vigilancia del crecimiento y desarrollo en salud. c) Grá/f_icas de Estado Nutricional: • P/E, P/T y T/E menores de cinco años. • IMC y T/E para mayores de cinco años. d) Otros patrones de crecimiento. Permanente, toda vez que se detecte un caso con malnutrición. Asistente de salud servicio civil 3 (ASSC3), profesional del establecimiento, o todo funcionario/a que realice la detección. 2 Aplicar la evaluación del desarrollo al caso detectado con malnutrición. Se realiza la evaluación del desarrollo EDIN o EVADE según corresponda a la edad del niño o niña. e) Norma para vigilancia del crecimiento y desarrollo en salud. a) Escala de evaluación del desarrollo integral del niño de 0 a",,,
sino_098,sino,¿Se utiliza el indicador Talla para Edad en mayores de 5 años?,Sí,"Sí. En niños, niñas y adolescentes de 5 a menores de 19 años se debe analizar obligatoriamente el indicador Talla para la Edad (T/E) de manera conjunta con el Índice de Masa Corporal (IMC).","""En niños, niñas y adolescentes de 5 a menores de 19 años de edad deberán analizarse de manera conjunta los indicadores de talla para edad e IMC...""",NO_MATCH,5,0.6154,Manual-operativo-Evaluacion-estado-nutricional-2019.pdf,"En niños, niñas y adolescentes de 5 a menores de 19 años de edad deberán analizarse de manera conjunta los indicadores de talla para edad e IMC...","talla, es considerado un índice para identificar niños o niñas que están en riesgo de sobrepeso, o niños o niñas en estado de emaciación que puede ser precipitado por enfermedades como diarreas, enfermedades respiratorias, infecciones, otros. Este es el índice más recomendado para identificar casos de deficiencias nutricionales agudas (Organización Mundial de la Salud, 1995; Organización Mundial de la Salud, 2006; Ministerio de Salud Pública y Asistencia Social y otros, 2007; PMA, INFOMED, 2011 b). Talla para la edad (T/E): Es un indicador que puede ser usado para estimar estado nutricional crónico, de manera que refleja la historia nutricional del individuo, detectando una condición de períodos prolongados de inadecuado consumo o aporte insuficiente en cantidad y calidad de alimentos, presencia de enfermedades, que se expresa en baja talla (longitud o talla baja), y mide la desnutrición crónica, también puede identificarse a los niños o niñas que son altos para su edad, 18 sin embargo longitud o talla alta en raras ocasiones es un problema, a menos que este aumento sea excesivo y pueda estar reflejando desordenes endocrinos no comunes. Se utilizan dos términos para describir la talla, donde la longitud (se utiliza en niños y niñas menores de 2-años que no pueden mantenerse en pie) y la estatura (medición de la talla en posición de pie) (Organización Mundial de la Salud, 1995; Arguello, M. 2006; Organización Mundial de la Salud, 2007; PMA, INFOMED, 2011 a). Índice de masa corporal (IMC): Es un indicador que es especialmente útil, cuando se examina por sobrepeso u obesidad. La curva de IMC para la edad y la curva de peso para la longitud/talla tienden a mostrar resultados similares. Es utilizado con mayor frecuencia en adultos, ya que se relaciona con otros índices de salud como son: riesgo de mortalidad, baja actividad física etc. El",,,
corta_001,corta,¿Cuáles son los criterios antropométricos que activan la referencia de un niño al proceso de atención interdisciplinaria en CEN-CINAI?,"Los criterios incluyen clasificaciones de obesidad, sobrepeso, desnutrición o desnutrición severa (en Peso para Talla o IMC), bajo peso o bajo peso severo (en Peso para Edad), y baja talla o baja talla severa (en Talla para Edad).","Los criterios antropométricos que activan la referencia de un niño al proceso de atención interdisciplinaria son los resultados de clasificación fuera del rango normal (malnutrición por defecto o por exceso) en los indicadores vigentes:
1. En menores de 5 años:
- **Peso para Talla (P/T):** Desnutrición severa (Puntaje Z ≤ -3), Desnutrición (Puntaje Z ≤ -2 a > -3), Sobrepeso (Puntaje Z ≥ +2 a < +3) y Obesidad (Puntaje Z ≥ +3).
- **Peso para la Edad (P/E):** Bajo peso severo (Puntaje Z ≤ -3), Bajo peso (Puntaje Z > -3 a ≤ -2) y Peso alto (Puntaje Z ≥ +2).
- **Talla para la Edad (T/E):** Baja talla severa (Puntaje Z ≤ -3) y Baja talla (Puntaje Z ≤ -2 a > -3).
2. En mayores de 5 años (≥ 5 años):
- **Índice de Masa Corporal (IMC):** Desnutrición severa (Puntaje Z ≤ -3), Desnutrición (Puntaje Z ≤ -2 a > -3), Sobrepeso (Puntaje Z ≥ +1 a < +2) y Obesidad (Puntaje Z ≥ +2).
- **Talla para la Edad (T/E):** Baja talla severa (Puntaje Z ≤ -3) y Baja talla (Puntaje Z ≤ -2 a > -3).","""a) Malnutrición por defecto o exceso en uno o más de los indicadores antropométricos: obesidad, sobrepeso, peso alto, desnutrición, desnutrición severa, baja talla o baja talla severa, bajo peso y bajo peso severo...""",NO_MATCH,3,0.1176,Procedimiento_Vigilancia_Crecimientoydesarrollo_intrayextramurosUIVCD.pdf,"a) Malnutrición por defecto o exceso en uno o más de los indicadores antropométricos: obesidad, sobrepeso, peso alto, desnutrición, desnutrición severa, baja talla o baja talla severa, bajo peso y bajo peso severo...","problemas en su crecimiento, desarrollo, salud y entorno social. Toda p ersona funcionaria de CEN -CINAI que después de aplicar los tamizajes o evaluaciones del crecimiento y desarrollo, una vez ploteados, graficados o calificados, detecta alguna necesidad o problema en el crecimiento, desarrollo, condición de salud o riesgo social de la niña o niño, deberá en el plazo máximo de cinco días hábiles hacer la referencia respectiva a la Jefatura de Oficina Local , ya sea de forma en físico o vía electrónica por correo institucional, quien derivará la referencia al equipo de profesionales de Oficina Lo cal para su debida a tención Interdisciplinaria y asegurar el seguimiento oportuno, de manera que permita la pronta recuperación o rehabilitación de la niña o niño. El equipo de Atención Interdisciplinaria una vez que recibe la referencia o el instrumento de detección del caso, deberá incluir en agenda de reunión de equipo interdisciplinario y activar los procedimientos de atención interdisciplinaria al niño o niña con malnutrición y el de atención de niñas y niños con necesidades especiales en su crecimiento y desarrollo, para conocer el caso en la sesión de equipo interdisciplinario más próxima y establecer el profesional responsable y el plan de intervención y fecha de próximo seguimiento del caso. Paralelo, abre expediente de atención interdisciplinaria custodiado en Oficina Local y cuando corresponda ingresa los datos del caso referido y analizado a la herramienta de seguimiento de niñas y niños con malnutrición. Para aquellos casos, que por su condición de riesgo social o de salud tales como problemas visuales, auditivos, salud oral, desarrollo, la persona funcionaria que detecta el caso elabora y gestiona la referencia a la Caja Costarricense del Seguro Social, RISA Local, centro educativo especializado u otra institución respectiva según corresponda a nivel local, en un plazo máximo de tres",,,
corta_002,corta,¿Qué disciplinas conforman el equipo interdisciplinario de una Oficina Local de CEN-CINAI y cuál es la función de cada una en el proceso de atención?,"El equipo está conformado por profesionales en Nutrición, Psicología, Docencia y Terapia de Lenguaje. Sus funciones incluyen la valoración, detección, atención y seguimiento de los casos, así como la ejecución de estrategias individuales, familiares o grupales según su especialidad.","Las disciplinas que conforman el equipo interdisciplinario de una Oficina Local son Nutrición, Psicología, Docencia / Educación Preescolar, Terapia de Lenguaje, Enfermería y Trabajo Social. Sus funciones en el proceso de atención incluyen:
- **Nutrición:** Evaluación y seguimiento del estado nutricional, abordaje de malnutrición (desnutrición, sobrepeso, obesidad), obtención de puntaje Z en Anthro y consejería en diversidad alimentaria.
- **Psicología:** Seguimiento de niños con rezago o riesgo en el desarrollo (EDIN II), necesidades especiales en el desarrollo y factores de riesgo psicosocial.
- **Docencia / Educación Preescolar:** Seguimiento a la evaluación cualitativa en API, hábitos de salud bucodental, apoyo en estimulación del desarrollo e intervención en escolares (EVADE).
- **Terapia de Lenguaje:** Abordaje e implementación del test de lenguaje en niños con rezago en comunicación, así como seguimiento de problemas auditivos y visuales.
- **Enfermería:** Monitoreo y control del esquema de vacunación al día y verificación de la asistencia a las consultas de salud integral en la CCSS.
- **Trabajo Social:** Evaluación y abordaje de indicadores de riesgo social, dinámica familiar, violencia intrafamiliar y entorno socioeconómico.","""Las Oficinas Locales cuentan con un equipo de profesionales en las especialidades de Nutrición, Psicología, Educación Preescolar y Terapia de Lenguaje..."" / ""...Seguimiento a la niña o niño con sobrepeso u obesidad (Nutricionista)... rezago en desarrollo (Psicología)... problemas de lenguaje (Terapeuta de Lenguaje)...""",REVIEW,1,0.8333,SISVENDIS-2023.pdf,"Las Oficinas Locales cuentan con un equipo de profesionales en las especialidades de Nutrición, Psicología, Educación Preescolar y Terapia de Lenguaje...","las referencias y contra-referencias, ya sea a los equipos de profesionales de diversas disciplinas que laboran en las Oficinas Locales de CEN-CINAI o a otras instituciones. El proceder de las referencias está contemplado en los procedimientos indicados en el Marco Normativo. Los equipos de profesionales que laboran en las Oficinas Locales, están principalmente integrados por especialidades de Nutrición, Psicología, Educación Preescolar y Terapia de Lenguaje, estas personas profesionales realizan la atención interdisciplinaria con enfoque de salud pública , considerando las determinantes sociales de la salud en el entorno y siguiendo los principios de atención primaria en salud. Para realizar la atención interdisciplinaria, las personas profesionales deben mantener los criterios de ética, respecto y calidad profesional, así como el compromiso de guardar confidencialidad de la información sensible y privada de las niñas y los niños. Los principios de atención primaria en salud, se refieren al acceso a la atención y cobertura, equidad orientada a la justifica s ocial y participación de la comunidad. Por lo tanto, para la atención interdisciplinaria se tiene presente los siguiente: Todos los niños y las niñas detectados con malnutrición o situación de riesgo biopsicosocial se deben beneficiar con las estrategias de abordaje interdisciplinario para la promoción de salud, crecimiento y desarrollo, la cual se define de acuerdo con la información disponible y los riesgos que presenta. DIRECCIÓN NACIONAL DE CEN-CINAI Código: DNCC-DT-UIVCD-MAN-04-2023 DIRECCIÓN TÉCNICA Unidad de Investigación y Vigilancia Crecimiento y Desarrollo Fecha: 17/07/2023 Versión: 1 Sistema de vigilancia del estado nutricional, del desarrollo infantil y salud en CEN-CINAI: modelo operativo SISVENDIS Página 40 de 79 Dirección Nacional de CEN-CINAI “Crecimiento y Desarrollo Integral para las niñas y los niños” De la esquina suroeste del parque Braulio Carrillo 100 metros al sur, Avenida 4 y 6, Calle 14 Tel: 2258-7918 / dir.nacional@cen-cinai.go.cr / www.cen-cinai.go.cr Del grupo",,,
corta_003,corta,¿Con qué frecuencia mínima debe revisar el equipo interdisciplinario de la Oficina Local el Instrumento de detección de un niño o niña con malnutrición?,El equipo interdisciplinario debe analizar y priorizar los casos al menos una vez al mes.,"El equipo interdisciplinario de la Oficina Local debe revisar y analizar los instrumentos de detección y seguimiento al menos una vez al mes, durante la sesión de trabajo del equipo interdisciplinario para el análisis de casos activos con malnutrición.","""Sesiones de análisis interdisciplinario de casos para el seguimiento oportuno y acorde a la prioridad de cada caso, efectuadas al menos una vez al mes, en cada Oficina Local."" / ""Al menos una vez al mes, en sesión de trabajo del equipo interdisciplinario, conforme progreso de casos con malnutrición.""",REVIEW,2,0.7273,Procedimiento_Atencin_Interdisciplinaria_Malnutricin_Versin_02_2020.pdf,"Al menos una vez al mes, en sesión de trabajo del equipo interdisciplinario, conforme progreso de casos con malnutrición.","vez al mes, en cada O/f_icina Local. 1 En la bitácora de reunión de equipo interdisciplinario debe incluir al menos los siguientes elementos en toda sesión de trabajo: registro de participantes, resumen de lo discutido, acuerdos, fecha de próxima reunión. DIRECCIÓN NACIONAL DE CEN CINAI PÁGINA 20 DE 140 VERSIÓN: 02 PROCEDIMIENTO PROCEDIMIENTO PARA LA ATENCIÓN INTERDISCIPLINARIA DEL NIÑO O NIÑA CON MALNUTRICIÓN CÓDIGO: PRO-AI-AIM-P-01 2.4 Descripción de tareas N° Tarea Método Documentos de referencias e instrumentos Periodicidad Responsables 1 Detectar al niño/a con malnutrición con: peso alto, bajo peso, bajo peso severo, obesidad, sobrepeso, desnutrición, desnutrición severa, baja talla ó baja talla severa, durante el proceso de selección de clientes o mientras permanece en los servicios de la Dirección Nacional de CEN- CINAI. Toma de peso y talla, indicar el sexo y la edad para clasi/f_icar el estado nutricional y ploteo en grá/f_icas de crecimiento, el cual se realiza como parte de las tareas del proceso de selección anual, durante evaluación de estado nutricional mientras participa de los servicios recibidos o por signos de alerta. a) Norma para la selección de personas usuarias. b) Norma para vigilancia del crecimiento y desarrollo en salud. c) Grá/f_icas de Estado Nutricional: • P/E, P/T y T/E menores de cinco años. • IMC y T/E para mayores de cinco años. d) Otros patrones de crecimiento. Permanente, toda vez que se detecte un caso con malnutrición. Asistente de salud servicio civil 3 (ASSC3), profesional del establecimiento, o todo funcionario/a que realice la detección. 2 Aplicar la evaluación del desarrollo al caso detectado con malnutrición. Se realiza la evaluación del desarrollo EDIN o EVADE según corresponda a la edad del niño o niña. e) Norma para vigilancia del crecimiento y desarrollo en salud. a) Escala de evaluación del desarrollo integral del niño de 0 a",,,
corta_007,corta,"Según el Instrumento de Referencia y Contrarreferencia, ¿cuáles son las tres posibles decisiones que puede tomar el equipo interdisciplinario respecto al seguimiento de un caso?","Según el Anexo 4: Se da de alta (el problema se resolvió), Tratamiento subsecuente (requiere seguimiento terapéutico), o Se refiere a otro nivel de atención.","En la sección de contrarreferencia del Instrumento de Referencia y Contrarreferencia Intersectorial, las tres decisiones posibles que puede tomar el equipo respecto al seguimiento de un caso son:
1. **Se da de alta**: cuando el problema detectado se atendió y se resolvió.
2. **Tratamiento subsecuente**: cuando la niña o el niño requiere seguimiento en su abordaje terapéutico.
3. **Se refiere a otro nivel de atención**: cuando el caso requiere ser derivado a un nivel o servicio de mayor complejidad.","""Marque con una equis para identificar si el caso: Se da de alta (el problema detectado se atendió y se resolvió), Tratamiento subsecuente (el niño requiere seguimiento en su abordaje terapéutico) o si Se refiere a otro nivel de atención.""",NO_MATCH,3,0.25,Procedimiento_Atencin_Interdisciplinaria_Malnutricin_Versin_02_2020.pdf,"Marque con una equis para identificar si el caso: Se da de alta (el problema detectado se atendió y se resolvió), Tratamiento subsecuente (el niño requiere seguimiento en su abordaje terapéutico) o si Se refiere a otro nivel de atención.","la misma. Cuando es viable, se hacen anotaciones en el expediente del niño o niña y en el expediente interdisciplinario, o únicamente en el expediente interdisciplinario. Para ello se deben considerar los aspectos del uso de la información, descritos en el apartado de alcance de este procedimiento. Se acuerda fecha estimada del próximo seguimiento. g) Estrategias de abordaje interdisciplinario de niño o niña con malnutrición. h) Instrumento de referencia y contra referencia (Anexo 4: Instrumentos e instructivos de detección, seguimiento y referencia). 12 Actualizar la herramienta de seguimiento interdisciplinario del niño o niña con malnutrición, con los datos de cada seguimiento. Se registran en la herramienta, los datos del crecimiento y desarrollo recopilados en cada seguimiento. La información restante del instrumento de seguimiento interdisciplinario queda consignada en este para consulta del profesional. Se anota en observaciones aspectos claves que se identi/f_iquen en el seguimiento y que sean importantes de considerar por parte del equipo interdisciplinario en el abordaje del caso. Cuando aplica, se actualiza el servicio que recibe cada niño niña y la priorización según el progreso del caso. Se registra fecha estimada del próximo seguimiento. a) Herramienta de seguimiento interdisciplinario del niño o niña con malnutrición. b) Instrumento de seguimiento interdisciplinario del niño o niña con malnutrición. Al menos una vez al mes. Equipo interdisciplinario de O/f_icina Local. DIRECCIÓN NACIONAL DE CEN CINAI PÁGINA 29 DE 140 VERSIÓN: 02 PROCEDIMIENTO PROCEDIMIENTO PARA LA ATENCIÓN INTERDISCIPLINARIA DEL NIÑO O NIÑA CON MALNUTRICIÓN CÓDIGO: PRO-AI-AIM-P-01 N° Tarea Método Documentos de referencias e instrumentos Periodicidad Responsables 13 Realizar sesiones subsecuentes de atención interdisciplinaria del niño o niña con malnutrición, hasta la recuperación del estado nutricional normal. Se realiza cada seguimiento conforme a la estrategia de abordaje interdisciplinario establecida por el equipo interdisciplinario (grupal, individual, visita domiciliar, entre otras), utilizando de manera coordinada",,,
corta_009,corta,¿Cómo se consolida y reporta la información del proceso de atención interdisciplinaria desde el nivel local hacia los niveles regional y nacional?,El nivel local digita los datos en una herramienta Excel y envía el consolidado al nivel regional; la Dirección Regional elabora un informe consolidado que remite a la UIVCD en el nivel central para estudios de efectos de país.,"La información se consolida y reporta a través de los siguientes niveles de gestión:
1. **Nivel Local (Oficina Local):** Digita los datos de los formularios físicos de detección y seguimiento de sus CEN-CINAI en la herramienta digital en Excel para generar el consolidado de Oficina Local.
2. **Envío Regional:** La Oficina Local envía la herramienta digital actualizada a la Jefatura del Área Técnica Regional.
3. **Nivel Regional (Área Técnica Regional):** Revisa, analiza y verifica la calidad de las herramientas de todas sus Oficinas Locales (mediante la Guía de revisión de calidad), elabora el consolidado regional y redacta el *Informe anual regional de la atención interdisciplinaria*.
4. **Envío Nacional:** En el mes de febrero del año siguiente (y primera semana de diciembre para herramientas), el Área Técnica Regional envía vía correo electrónico las herramientas consolidadas y el informe regional a la Unidad de Investigación y Vigilancia del Crecimiento y Desarrollo Infantil (UIVCD) en el nivel central.
5. **Nivel Nacional (UIVCD):** Recibe y consolida los datos a nivel de país para realizar el análisis institucional final, emitir los reportes e infografías nacionales y evaluar los efectos de los servicios.","""Oficina Local: Recopila y digita en la herramienta Excel los datos de cada formulario de cada CEN-CINAI a su cargo elabora el consolidado local y envía el consolidado al nivel regional. Área Técnica Regional: Elabora el consolidado de dirección regional y envía el consolidado al nivel nacional...""",REVIEW,3,0.6667,Procedimiento_Atencin_Interdisciplinaria_Malnutricin_Versin_02_2020.pdf,Área Técnica Regional: Elabora el consolidado de dirección regional y envía el consolidado al nivel nacional...,"atención interdisciplinaria del niño o niña con malnutrición. La Jefatura de Área Técnica Regional, solicita el envío de la herramienta del seguimiento interdisciplinario de niños y niñas con malnutrición de cada O/f_icina Local, para su revisión, análisis y control de calidad, de forma colaborativa con el equipo interdisciplinario de Área Técnica. Cuando sea necesario, solicita a la Jefatura de O/f_icina Local, las acciones de mejora y el instrumento de autoevaluación. a) Guía para revisión de la calidad de la herramienta de seguimiento interdisciplinario del niño y niña con malnutrición. b) Herramienta de seguimiento interdisciplinario al niño o niña con malnutrición. c) Instrumento de autoevaluación y supervisión del procedimiento. Herramienta cada cuatrimestre (abril, agosto, diciembre). Supervisión al menos una vez por año. Jefatura de Área Técnica. 20 Elaborar informe regional de la atención interdisciplinaria del niño o niña con malnutrición. Se emite un informe anual de atención interdisciplinaria de los niños y niñas con malnutrición, incluye las estrategias de seguimiento infantil, las supervisiones realizadas y los cuadros de salida de la herramienta de seguimiento interdisciplinario del niño o niña con malnutrición. Este informe se envía al nivel nacional como parte del sistema de vigilancia nutricional de CEN-CINAI. a) Guía para informe de seguimiento interdisciplinario al niño y niña con malnutrición (Anexo 6: Guía para la elaboración de informes y monitoreo). b) Herramienta de seguimiento interdisciplinario del niño o niña con malnutrición. Anual Mes de febrero del año siguiente. Jefatura de Área Técnica. 21 Enviar la herramienta actualizada al nivel central, como insumo para evaluación de efectos en el estado nutricional y nivel del desarrollo. Posterior al control de calidad de las herramientas, la Jefatura de Área Técnica Regional envía las herramientas completas y actualizadas de las O/f_icinas Locales, de la región, a la Unidad de Investigación y Vigilancia del Crecimiento y",,,
corta_010,corta,¿Cuáles son las condiciones bajo las cuales un caso de atención interdisciplinaria puede darse por concluido o cerrado?,El caso se concluye cuando el niño o niña alcanza la recuperación del estado nutricional normal y supera los rezagos en el desarrollo u otras condiciones especiales identificadas en el seguimiento.,"Un caso de atención interdisciplinaria se da por concluido o cerrado bajo las siguientes condiciones:
1. **Egreso por evolución satisfactoria (Alta del procedimiento):** Cuando la niña o el niño alcanza la recuperación de su estado nutricional normal en todos los indicadores evaluados y/o supera el rezago o factores de riesgo iniciales (en el servicio DAF, esto da inicio al año del período de protección en Prioridad 4).
2. **Egreso de CEN-CINAI:** Cuando la niña o el niño deja de asistir al establecimiento o se traslada fuera de la comunidad o jurisdicción de la Oficina Local (con o sin justificación), cerrando su seguimiento activo en esa sede.","""Egreso por evolución satisfactoria: Se refiere al egreso que el equipo interdisciplinario le dará al niño o niña porque durante el seguimiento presenta una evolución satisfactoria en su estado nutricional..."" / ""Egreso de CEN-CINAI: Se refiere cuando el niño o niña se fue del establecimiento o de la comunidad con o sin justificación...""",REVIEW,1,0.8182,Procedimiento_Atencin_Interdisciplinaria_Malnutricin_Versin_02_2020.pdf,Egreso de CEN-CINAI: Se refiere cuando el niño o niña se fue del establecimiento o de la comunidad con o sin justificación...,"el plan atención interdisciplinario definido en la detección. En caso de que no se lograra llevar a cabo las estrategias propuestas, anotarlo, así como las causas y la reprogramación de las mismas. Actualización del plan de atención interdisciplinaria: Con base a los resultados obtenidos, luego de aplicar las estrategias definidas en el plan de atención interdisciplinaria con los niños y niñas con malnutrición, se establecen modificaciones requieras en el plan de atención para ajustar a las nuevas necesidades del niño o niña. Se refiere a otra institución: Anote una X en el paréntesis correspondiente si el niño o niña será referido a otra institución (Caja Costarricense del Seguro Social = C C S S ; Patronato Nacional de la Infancia = PANI ; Consejo Nacional de la Persona con Discapacidad = C O NAPDI S ; Ministerio de Educación Pública = M E P; Entidades Privadas = Entidades Priv.; Ministerio Público = M P; Otro), como parte del seguimiento o atención que se le debe brindar. Actualizar las estrategias a emplear (tipo de seguimiento): Anote una X en el paréntesis correspondiente a la estrategia o estrategias a emplear por el equipo interdisciplinario para la atención del caso: en contexto, sesión educativa, consejería, grupal, visita domiciliar, individualizada, actividades comunitarias. En la opción otra indique el nombre de la estrategia en el espacio correspondiente. Condición: Anote una X en el paréntesis correspondiente según sea la condición: • Continúa: Se refiere a que el equipo interdisciplinario decidió que al niño o niña se le debe continuar brindando el seguimiento. • E g res o de C E N- C I NAI : Se refiere cuando el niño o niña se fue del establecimiento o de la comunidad con o sin justificación por lo que se debe egresar del seguimiento. • Egreso por evolución",,,
corta_019,corta,Cite las tres fuentes o instrumentos técnicos de donde se toman los datos para elaborar el informe anual de SISVENDIS.,"Las fuentes son el Informe Mensual de Servicios CEN-CINAI, el Sistema SIDINACC (a través de la boleta de Caracterización del Ambiente Hogar - CAH) y la Herramienta Excel de vigilancia institucional.","Las tres fuentes o instrumentos técnicos de donde se toman los datos para elaborar el informe anual de SISVENDIS (Datos Básicos) son:
1. **Informe de ejecución programática del mes de noviembre** (que contempla las variables del Informe Mensual de Servicios CEN-CINAI).
2. **Sistema de Información de la Dirección Nacional de CEN-CINAI (SIDINACC)** (que contempla las variables de la Boleta de Caracterización del Ambiente Hogar - CAH).
3. **Herramienta Excel de vigilancia** (que contiene las variables del Formulario datos de vigilancia: salud, crecimiento y desarrollo infantil).","""...el informe contiene los datos registrados por las personas funcionarias de los establecimientos de todo el país y son tomados de tres fuentes o instrumentos técnicos a saber: Informe de ejecución programática del mes de noviembre... SIDINACC... Herramienta Excel de vigilancia...""",NO_MATCH,4,0.3158,SISVENDIS-2023.pdf,...el informe contiene los datos registrados por las personas funcionarias de los establecimientos de todo el país y son tomados de tres fuentes o instrumentos técnicos a saber: Informe de ejecución programática del mes de noviembre...,"las necesidades de asistencia técnica y supervisión capacitante que se debe realizar de forma continua en temas de vigilancia infantil. Los informes o reportes que se realizan periódicamente y que son insumos útiles para el cumplimiento de la normativa relaciona con la vigilancia infantil son: • Informes anuales de cumplimiento del procedimiento de atención interdisciplinaria del niño o niña con malnutrición, elaborados por equipos de Áreas Técnicas regionales y por el equipo de UIVCD. • Informe anual de Oficina Local de acompañamiento técnico realizado a personas funcionarias de los establecimientos. • Informe anual de Área Técnica Regional de la asesoría técnica realizada con los equipos de Oficina Local. • Informe anual de UIVCD de la asistencia técnica realizada con los equipos de Área Técnica y de Oficina Local. • Reportes e informes de inducciones y educación continua, realizada para personas funcionarias de CEN- CINAI. • Otros. DIRECCIÓN NACIONAL DE CEN-CINAI Código: DNCC-DT-UIVCD-MAN-04-2023 DIRECCIÓN TÉCNICA Unidad de Investigación y Vigilancia Crecimiento y Desarrollo Fecha: 17/07/2023 Versión: 1 Sistema de vigilancia del estado nutricional, del desarrollo infantil y salud en CEN-CINAI: modelo operativo SISVENDIS Página 50 de 79 Dirección Nacional de CEN-CINAI “Crecimiento y Desarrollo Integral para las niñas y los niños” De la esquina suroeste del parque Braulio Carrillo 100 metros al sur, Avenida 4 y 6, Calle 14 Tel: 2258-7918 / dir.nacional@cen-cinai.go.cr / www.cen-cinai.go.cr RETOS A FUTURO PARA MEJORA DEL SISVENDIS Es muy necesario contar con un sistema de información de vigilancia del estado nutricional, desarrollo infantil y salud, para uso en los tres niveles de gestión que permita, entre otros: • Hacer el registro, recolección de datos de los tamizajes y signos de alerta, para realizar consultas en tiempo real, permitiendo facilitar una mejor respuesta a las necesidades de las niñas y niños que son referidos a los equipos",,,
corta_020,corta,¿Quién es el responsable de brindar acompañamiento técnico y modelaje para asegurar la calidad de la toma de datos en los establecimientos locales?,Las personas profesionales integrantes del equipo interdisciplinario de cada Oficina Local son las responsables directas de brindar este acompañamiento técnico y modelaje al personal de los establecimientos.,"El responsable de brindar acompañamiento técnico y modelaje para asegurar la calidad de la toma de datos, ploteo y registro en los establecimientos locales es el **equipo de profesionales de atención interdisciplinaria de la Oficina Local** (nivel local).","""Personas funcionarias del nivel local con claridad en su rol en el acompañamiento técnico y modelaje que asegure la calidad en la toma de datos del crecimiento y desarrollo..."" / ""Acompañamiento técnico y modelaje: Equipo de profesionales de atención interdisciplinaria de la Oficina Local...""",REVIEW,1,0.8889,Procedimiento_Vigilancia_Crecimientoydesarrollo_intrayextramurosUIVCD.pdf,Acompañamiento técnico y modelaje: Equipo de profesionales de atención interdisciplinaria de la Oficina Local...,"personas funcionarias responsables de monitorear y dar acompañamiento técnico en la aplicación de las técnicas correctas de toma de los tamizajes y evaluaciones, control de calidad, el registro de tamizajes, evaluaciones, ploteo de gráficas y referencias en los expedientes de la población infantil atendida en el servicio de promoción del crecimiento y desarrollo, como parte del sistema de vigilancia; son el equipo de profesionales de atención interdisciplinaria de la Oficina Local y contarán con la asesoría técnica del equipo de profesionales del Área Técnica Regional. Para lo respectivo, tomarán como referencia técnica los manuales operativos , más recientes y disponibles en los establecimientos, para la aplicación de la técnica correcta de cada tamizaje o evaluación a saber: 1. Manual operativo para la evaluación del estado nutricional con medidas antropométricas de las niñas y niños de los CEN-CINAI. 2. Manual para la aplicación de la Prueba para la evaluación del desarrollo integral de la niña y el niño de 0 meses a 6 años de edad (EDIN II). 3. Prueba general para la evaluación del desarrollo de niños, niñas y adolescentes de 6 a 14 años de edad (EVADE). 4. Manual operativo prueba auditiva de las tarjetas en las niñas y los niños CEN-CINAI. 5. Manual operativo para la evaluación de la agudeza visual en las niñas y los niños de los CEN-CINAI. 6. Guía para la detección, valoración y control de la placa bacteriana en un CEN o CINAI. 7. Carné de desarrollo integral del niño y la niña de la CCSS. 8. Rotafolio: Fichas para la evolución del crecimiento y desarrollo infantil. 9. Manual de evaluación del estado nutricional de niñas y niños con necesidades especiales en su crecimiento que reciben los servicios de CEN-CINAI. 10. Expediente de la niña o niño. 11. Otros que determine la Unidad de",,,
corta_021,corta,"¿Cuál es el diámetro estandarizado de la ""Dona"" utilizada como material en la prueba EDIN II?","La ""Dona"" viene en tres tamaños de diámetro: 15 cm, 10 cm y 5 cm.","El diámetro estandarizado de la ""Dona"" (negra con blanco) utilizada en la prueba EDIN II es de **15 cm de diámetro**.","""Dona de 15 cm de diámetro negra com blanco""",REVIEW,5,0.8,Manual-EDIN-II-final-2020.pdf,Dona de 15 cm de diámetro negra com blanco,"un retraso significativo porque logra las conductas de la edad anterior. Riesgo de retraso del desarrollo: la niña o el niño obtuvo una o más áreas del desarrollo en rojo, y se considera un retraso significativo porque no logra las conductas de la edad anterior. 10 de materiales Dona 115 cm de diámetro negra con blanco Bola (antiestrés) 1Plástica 21 cm de circunferencia Sonajero (chilindrín) 1Plástico Cubos 6Madera de 2,5cm x 2,5cm Espejo 1Redondo de 15 cm de diámetro Aro 1Aro plástico de 10 cm de diámetro Cordón 1Color roja de 50 cm de largo Cubos 10Madera de 4cm x 4cm Botones 51 cm de diámetro Trozo de tela 250cm x 50cm, distinto color Botella 1Plástica con orificio mayor a un 1 cm de diámetro Objeto de hule que suena: bola o animal 1 Cuchara 1Plástica pequeña Taza 1Plástica Caja pequeña de madera con una ranura en la tapa 110cm x 10cm Fichas circulares 5Madera o plástico de 6cm de diámetro 1 Tres cuentas 3Cubos pequeños de madera con orificio en el centro Saquito de tela relleno 110 cm x 10 cm Bola 1Plástica de 20 cm de circunferencia Frasco de plástico con rosca 1 Transparente, tamaño mediano (10 cm de alto por 8 cm de diámetro aproximadamente) Labial 1Rojo Libro de cuentos infantil 1Pequeño Tamaño cartaLámina con casa, niña, perro, gato y carro 1 Tira de tela con broches grandes 11 de materiales 1Tamaño carta 1Tamaño carta 1Tamaño carta 1Tamaño carta 1Tamaño carta 1Tamaño carta 115 cm, 10 cm, 5 cm 1 de cada uno10 cm de lado y 10 cm de diámetro, de diferentes colores 2,5cm de lado y 2,5cm de diámetro, de diferentes colores 3 de cada uno Pliego de papel seda 1 Hojas de papel bond 10 1Delgado Lápiz 5 1 Cinta métrica 1 Rompecabezas de",,,
corta_024,corta,¿Qué software se menciona en el Anexo 5 para verificar el puntaje Z de los indicadores antropométricos?,"Se menciona el software Anthro de la OMS, el cual cuenta con una calculadora que el profesional en Nutrición debe utilizar para corroborar los datos de detección.",El software mencionado explícitamente en la normativa e instructivos de la herramienta (incluyendo el Anexo 5) para que el profesional en nutrición verifique y complete la casilla de puntaje Z es el **software Anthro** (WHO Anthro).,"""b) Software Anthro."" / ""Recordar que el Profesional en Nutrición debe verificar el dato, utilizando la calculadora del software Anthro y completa la casilla de puntaje Z.""",REVIEW,1,0.6923,Procedimiento_Atencin_Interdisciplinaria_Malnutricin_Versin_02_2020.pdf,"Recordar que el Profesional en Nutrición debe verificar el dato, utilizando la calculadora del software Anthro y completa la casilla de puntaje Z.","de 5 añ os ( < 5 añ os ) I ndicador P/E ( Peso para Edad) P/T ( Peso para Talla) T/E ( Talla para Edad) Clasificación Peso Alto: PA Normal: NL Bajo Peso: B P Bajo Peso Severo: B PS Obesidad: O B Sobre peso: S P Normal: NL Desnutrición: DE Desnutrición Severa: DE S Muy Alto: M A Alto: AL Normal: NL Baja Talla: B T Baja Talla Severa: B T S Para igual o mayores de 5 años (≥5 años): Se requiere la información de los indicadores IMC (Índice de Masa Corporal) y T/E (Talla para edad). En la fila Puntaje Z, el profesional en nutrición de la Oficina Local deberá obtener el dato utilizando la calculadora del software Anthro. Esta información la debe escribir en cada una de las casillas de los indicadores antes mencionados. Se debe anotar el resultado con dos decimales y signo negativo si es el caso. En la fila de clasificación, el funcionario que realiza la detección anota en cada una de las casillas de los dos indicadores, el resultado obtenido al plotear los datos de IMC, talla y edad en las curvas de crecimiento de la OMS, 2006. Utilice para ello las siglas que aparecen en negrita en el siguiente cuadro, según sea la clasificación que corresponde para cada indicador: Igual o mayores de 5 años (≥5 años): I ndicador I M C ( Í ndice M as a C orporal) T/E ( Talla para Edad) Clasificación Obesidad: O B Sobre peso: S P Normal: NL Desnutrición: DE Desnutrición Severa: DE S Muy Alto: M A Alto: AL Normal: NL Baja Talla: B T Baja Talla Severa: B T S “Crecimiento y desarrollo infantil” DIRECCIÓN NACIONAL DE CEN CINAI PÁGINA 67 DE 140 VERSIÓN: 02 PROCEDIMIENTO PROCEDIMIENTO PARA LA ATENCIÓN",,,
corta_026,corta,¿Qué siglas deben anotarse en el recuadro de edad cuando se utiliza la edad corregida en prematuros?,Se deben anotar las siglas EC para identificar que el valor registrado corresponde a la edad corregida.,"Cuando se utiliza la edad corregida en niñas y niños prematuros/pretérmino, se debe anotar dicha edad en el recuadro correspondiente e identificarla mediante las iniciales **EC**.","""...se anota esta edad en el recuadro y se identifica mediante las iniciales EC""",NO_MATCH,4,0.2857,Manual-EDIN-II-final-2020.pdf,...se anota esta edad en el recuadro y se identifica mediante las iniciales EC,"24 a 30 meses, en un área de desarrollo determinada. En aquellas niñas y niños pretérmino (nacidos antes de las 37 semanas de gestión) y que son menores de 2 años, es importante realizar la corrección de la edad con el objetivo de que se compense de forma parcial el periodo de vida intrauterina que le hizo falta al menor para culminar la formación y crecimiento óptimo, permitiendo valorar el desarrollo de las conductas alcanzadas hasta dicho momento; de no realizarse esta corrección, se evaluaría a la niña o el niño con ítems de un grupo de edad que no corresponde. Para ello será necesario calcular el número de semanas que le faltaron a la niña o al niño para completar las 40 semanas de gestación y se le restarán a su edad cronológica. Este cálculo se realiza de la siguiente forma: Por ejemplo, si es una niña con una edad cronológica de 8 meses y 13 días que nació a las 32 semanas de gestación, sería: 1. Calcule la edad cronológica de la niña o del niño en semanas 2. Calcule el número de semanas que fue pretérmino (40 – semanas de gestación) 3. Reste las semanas pretérmino a las semanas de edad cronológica 1. Edad cronológica: 8*4 semanas = 32 semanas 2. Semanas pretérmino: 40-32 = 8 semanas 3. Edad corregida: 32 – 8 = 24 semanas/4 = 6 meses. Por lo que se debe aplicar el grupo de edad de 6 a 7 meses La escala tiene un orden de presentación de las áreas establecidas, pero éste puede alterarse a criterio de la persona examinadora, siempre y cuando no se omita ninguna de las áreas del desarrollo ni de los ítems por área. Los enunciados pueden ser evaluados por observación, en aquellos casos en los que se",,,
corta_027,corta,"Según la norma PCD-VCD-N-01, ¿con qué periodicidad mínima se deben aplicar tamizajes de salud?","Se deben aplicar al menos una vez al año (anual) como parte de la vigilancia regular, aunque la frecuencia aumenta según el tipo de tamizaje y la edad del niño, como en el caso del odontograma que es trimestral.","Según la norma PCD-VCD-N-01, la vigilancia del crecimiento y desarrollo infantil requiere aplicar tamizajes de salud con una periodicidad de **al menos una vez al año**.","""...aplicando tamizajes de salud al menos una vez al año, para determinar las estrategias de intervención y orientar la toma de decisiones.""",NO_MATCH,1,0.3333,Procedimiento_Vigilancia_Crecimientoydesarrollo_intrayextramurosUIVCD.pdf,"...aplicando tamizajes de salud al menos una vez al año, para determinar las estrategias de intervención y orientar la toma de decisiones.","VERSIÓN: 01 PROCEDIMIENTO PROCEDIMIENTO VIGILANCIA DEL CRECIMIENTO Y DESARROLLO INFANTIL EN LA MODALIDAD INTRAMUROS Y EXTRAMUROS CÓDIGO: PRO-CD-P-01 “CRECIMIENTO Y DESARROLLO MATERNO-INFANTIL” Tamizaje o evaluación y control Frecuencia de aplicación por tipo de Modalidad servicios Intramuros Extramuros Esquema de Vacunas al día.  Al momento de la selección.  Se verifica control dos veces al año.  Niñas y niños con esquema de vacunación incompleto, se refieren al EBAIS más cercano para su atención.  Al momento de la selección.  Se verifica control una vez al año.  Niñas y niños con esquema de vacunación incompleto, se refieren al EBAIS más cercano para su atención. Control de la Asistencia de la consulta del crecimiento y desarrollo de la CCSS.  Al momento de la selección.  Se verifica dos veces al año.  Al momento de la selección.  Se verifica dos veces al año. Test de lenguaje a casos referidos con nivel de rezago en el área de lenguaje.  Al momento de la detección de casos con nivel de rezago en el área de lenguaje y habilidades de comunicación, se refiere al Terapeuta de Lenguaje.  Lo aplica el profesional en Terapia de Lenguaje.  Al momento de la detección de casos con nivel de rezago en el área de lenguaje y habilidades de comunicación, se refiere al Terapeuta de Lenguaje.  Lo aplica el profesional en Terapia de Lenguaje. Hoja de reporte al hogar.  Cuarto trimestre.  Cuando la madre, padre o persona cuidadora lo solicite. 2.3 Factores de éxito a. Personas funcionarias de establecimientos con claridad en su rol, con calidad en la toma de datos del crecimiento y desarrollo, ploteo, registro en expedientes y cumplimiento de la periodicidad de los tamizajes y evaluaciones del crecimiento y desarrollo. b. Personas funcionarias del nivel local",,,
corta_030,corta,¿Qué material estandarizado se utiliza en el EDIN II para provocar respuestas en el grupo de edad de 0 a 1 mes si la conducta no es espontánea?,Se utiliza un cubo de color (rojo o verde) para evaluar si el niño fija la mirada y sigue el objeto en movimiento.,"En la prueba EDIN II, los materiales estandarizados utilizados para provocar respuestas en el grupo de edad de 0 a 1 mes cuando la conducta no se presenta espontáneamente son el **sonajero (chilindrín)** y la **dona de 15 cm de diámetro negra con blanco**.","""Sonajero (chilindrín) / Dona de 15 cm de diámetro negra con blanco... Si no se presenta háblele, mueva un sonajero (chilindrín) o preséntele un objeto brillante frente a la cara, muévalo lentamente...""",NO_MATCH,1,0.0833,Manual-EDIN-II-final-2020.pdf,"Si no se presenta háblele, mueva un sonajero (chilindrín) o preséntele un objeto brillante frente a la cara, muévalo lentamente...","ANEXOS 101 5 La Prueba para la Evaluación del Desarrollo Integral de la Niña y el Niño (EDIN) II, es el resultado de la segunda validación de la escala para la Evaluación del Desarrollo Integral del Niño (EDIN), la cual es un instrumento de tamizaje, de realización rápida y sencilla, que permite evaluar el desarrollo infantil de los 0 meses a los 6 años de edad en las siguientes áreas del desarrollo: motora gruesa, motora fina, cognitiva, lenguaje y socioafectiva. Este documento incluye la última versión de la prueba, el instructivo para su implementación y los materiales estandarizados de acuerdo con su tamaño, diseño y características. La existencia de este instructivo no exonera a la persona examinadora que utilizará el EDIN II, de una previa capacitación que le proporcione el conocimiento y la técnica necesarios para su adecuada aplicación. 6 y lista de materiales Este instructivo busca guiar a la persona evaluadora sobre la forma en que explicará cada uno de los ítems del EDIN II a las niñas y los niños al momento de aplicar la prueba, con el fin de garantizar la ejecución de los mismos de una forma clara, comprensible y adecuada, así como certificar la validez y confiabilidad del resultado del desarrollo de la niña o del niño. Esta prueba está planteada por grupos de edad que van desde los 0 meses hasta los 6 años, de la siguiente manera: Para cada uno de estos grupos de edad se plantea una tabla con las siguientes columnas para mayor facilidad de la persona examinadora: La primera columna presenta el área del desarrollo que está siendo evaluada, ya sea motora gruesa, motora fina, cognitiva, lenguaje o socioafectiva. Mientras que la segunda columna expone el ítem que permitirá la evaluación del área. La tercera columna describe los materiales necesarios",,,
corta_033,corta,¿En qué meses del año se debe aplicar la herramienta de supervisión del cumplimiento según el Anexo 5?,"Se debe aplicar cada cuatrimestre, específicamente en los meses de abril, agosto y diciembre.","La herramienta de seguimiento y supervisión del cumplimiento del procedimiento se aplica de forma cuatrimestral en los meses de **abril, agosto y diciembre**.","""Herramienta cada cuatrimestre (abril, agosto, diciembre).""",NO_MATCH,1,0.1667,Manual-EDIN-II-final-2020.pdf,"Herramienta cada cuatrimestre (abril, agosto, diciembre).","para mayor facilidad de la persona examinadora: La primera columna presenta el área del desarrollo que está siendo evaluada, ya sea motora gruesa, motora fina, cognitiva, lenguaje o socioafectiva. Mientras que la segunda columna expone el ítem que permitirá la evaluación del área. La tercera columna describe los materiales necesarios para la realización de cada uno de los ítems que lo requieren, los cuales han sido estandarizados, y por ende, no deben ser reemplazados. La columna de ejecución expone el paso a paso que debe seguir la persona examinadora, para que el ítem sea explicado y demostrado (en caso necesario) de la manera correcta. La última columna brinda a la persona evaluadora los criterios en los cuales debe basarse para otorgar o no, el puntaje a la niña o al niño, según la ejecución realizada. De 0 a 1 mes De 1 a 2 meses De 2 a 3 meses De 3 a 4 meses De 4 a 5 meses De 5 a 6 meses De 6 a 7 meses De 7 a 8 meses De 8 a 9 meses De 9 a 10 meses De 11 a 12 meses De 10 a 11 meses De 12 a 15 meses De 15 a 18 meses De 18 a 24 meses De 24 a 30 meses De 36 a 42 meses De 30 a 36 meses De 42 a 60 meses De 60 a 72 meses Para la aplicación de la prueba es indispensable un lugar con las siguientes características: espacioso, tranquilo, sin distracciones, silencioso y con buena iluminación. Además, el lugar debe contar con una colchoneta para evaluar las conductas en las niñas y los niños más pequeños. Para los de mayor edad, se utilizará una mesa y dos sillas, una para la persona examinadora y otra para la niña",,,
corta_034,corta,Mencione dos materiales de apoyo para el abordaje de la malnutrición que no sean equipos de medición.,"Se mencionan los modelos o réplicas de alimentos y el material impreso de apoyo educativo, como los rotafolios para la alimentación.","Dos materiales de apoyo para el abordaje de la malnutrición (excluyendo equipos de medición) indicados en el Anexo 7 son:
1. **Modelos o réplicas de alimentos.**
2. **Kits para la estimulación infantil (bolsos de estimulación).**
*(Otros materiales válidos citados en la misma lista: Kits para la evaluación del desarrollo infantil como EDIN II o EVADE, y material impreso educativo como el rotafolio para alimentación de menores de dos años o rotafolio para la preparación de leche en polvo).*","""* Modelos o réplicas de alimentos. * Kits para la estimulación infantil. * Material impreso de apoyo educativo como: rotafolio para la alimentación...""",NO_MATCH,1,0.3333,Procedimiento_Atencin_Interdisciplinaria_Malnutricin_Versin_02_2020.pdf,* Material impreso de apoyo educativo como: rotafolio para la alimentación...,"completan los datos solicitados en el instrumento seguimiento interdisciplinario del niño o niña con malnutrición, se actualiza el Plan de atención interdisciplinario para niño y niña con malnutrición. Se deben considerar acciones a realizar en el hogar para la recuperación de la malnutrición. Cuando sea necesario se hace entrega de material de apoyo para uso en el hogar. a) Instrumento de seguimiento del niño o niña con malnutrición (Anexo 4: Instrumentos e instructivos de detección, seguimiento y referencia). b) Instrumentos, técnicas, materiales y equipos propios de cada disciplina e institucionales. (Anexo7: Lista de materiales de apoyo para el abordaje de niños y niñas con malnutrición). c) Expediente de niño o niña en el CEN-CINAI. d) Expediente interdisciplinario de niñas y niños con malnutrición: instrumento de detección y seguimiento (s) interdisciplinario de cada niño o niña con malnutrición. e) Norma para vigilancia del crecimiento y desarrollo en salud. f) Lineamientos para priorización de casos con enfoque interdisciplinario con malnutrición. De acuerdo con la prioridad del caso y la estrategia de abordaje. Profesionales del equipo interdisciplinario que realizan el abordaje, con apoyo de ASSC2, ASSC2, promotores y encargados de establecimiento, cuando así se haya establecido en el plan de atención interdisciplinaria. DIRECCIÓN NACIONAL DE CEN CINAI PÁGINA 28 DE 140 VERSIÓN: 02 PROCEDIMIENTO PROCEDIMIENTO PARA LA ATENCIÓN INTERDISCIPLINARIA DEL NIÑO O NIÑA CON MALNUTRICIÓN CÓDIGO: PRO-AI-AIM-P-01 N° Tarea Método Documentos de referencias e instrumentos Periodicidad Responsables Cuando aplique, recuerde lo importante de realizar la referencia a otra institución y dar seguimiento a la misma. Cuando es viable, se hacen anotaciones en el expediente del niño o niña y en el expediente interdisciplinario, o únicamente en el expediente interdisciplinario. Para ello se deben considerar los aspectos del uso de la información, descritos en el apartado de alcance de este procedimiento. Se acuerda fecha",,,
corta_037,corta,"¿Qué significa un resultado ""¡Valor!"" o ""REFF!"" en las columnas de seguimiento de la herramienta de Excel?","Significa que la herramienta ha detectado datos extremos o no congruentes en el registro de fechas, edades o resultados, lo cual requiere una revisión y corrección de la calidad del dato.","Significa que existe un faltante de datos requeridos para que la herramienta ejecute los cálculos automáticos, debido a que no se ingresó la información necesaria en la hoja de detección (por ejemplo, fecha de nacimiento, fechas de evaluación u otros datos de registro previo).","""Si aparece ¡Valor¡ o REFF¡ debe revisarse faltante de datos, ya que no se ha ingresado lo necesario para el cálculo respectivo, como datos en hoja de detección, fecha de nacimiento etc…""",REVIEW,5,0.6875,Procedimiento_Atencin_Interdisciplinaria_Malnutricin_Versin_02_2020.pdf,"Si aparece ¡Valor¡ o REFF¡ debe revisarse faltante de datos, ya que no se ha ingresado lo necesario para el cálculo respectivo, como datos en hoja de detección, fecha de nacimiento etc…","ha ingresado lo necesario para el cálculo respectivo, como datos en hoja de detección, fecha de nacimiento etc… Servicio asignado actualmente Filtro Solamente texto (API, CS, LECHE, DAF, DAF-API, DAF- CS). Importante que no quede espacios en blanco sin asignación de servicio. Condición en el seguimiento Filtro Solamente texto (Continua, Egreso, Egreso Satisf.). Fecha evaluación del ENU Filtro Solamente datos de fechas con formato dd/mm/aaaa. Revisar datos extremos, no congruentes. Edad Filtro Solamente datos de edad con formato Xaños Xmeses. Revisar datos extremos, no congruentes. Peso Filtro Solamente datos numéricos. Revisar datos extremos, no congruentes. Talla Filtro Solamente datos numéricos. Revisar datos extremos, no congruentes. Estado nutricional - Menores 5 años - P/E Filtro en Clasf. Solamente texto (BPS, BP , NL, PA.) Estado nutricional - Menores 5 años - P/T Filtro en Clasf. Solamente texto (DES, DE, NL, SP , OB). Estado nutricional - Menores 5 años - T/E Filtro en Clasf. Solamente texto (BTS, BT, NL, AL, MA). Estado nutricional - Mayores 5 años - IMC Filtro en Clasf. Solamente texto (DES, DE, NL, SP , OB). Estado nutricional - Mayores 5 años - T/E Filtro en Clasf. Solamente texto (BTS, BT, NL, AL, MA). Se debe garantizar que no existan seguimientos vacíos entre un seguimiento y otro. Deben ser contínuos en orden cronológico. Para facilitar esta revisión puede visualizarse en la hoja de Tendencia ENU. “Crecimiento y desarrollo infantil” DIRECCIÓN NACIONAL DE CEN CINAI PÁGINA 95 DE 140 VERSIÓN: 02 PROCEDIMIENTO PROCEDIMIENTO PARA LA ATENCIÓN INTERDISCIPLINARIA DEL NIÑO O NIÑA CON MALNUTRICIÓN CÓDIGO: PRO-AI- AIM-P-01 Apartado Nomb re de colu mna Método revisión Aspectos a revisar Cumplimiento O b s erv aciones S E G U I M I NE T O DE S Seguimiento DES Total de seguiminetos, Tiempo en seguimiento DES Filtro Solamente números. Si",,,
corta_038,corta,¿Qué indicador antropométrico se utiliza para clasificar el estado nutricional en niños mayores de 5 años?,Se utilizan los indicadores de Índice de Masa Corporal (IMC) y Talla para Edad (T/E).,"Para clasificar el estado nutricional en niños, niñas y adolescentes iguales o mayores de 5 años (≥5 años) se utiliza el indicador **Índice de Masa Corporal (IMC) para la edad**, el cual se evalúa de manera conjunta con el indicador **Talla para la Edad (T/E)**.","""Para igual o mayores de 5 años (≥5 años): Se requiere la información de los indicadores IMC (Índice de Masa Corporal) y T/E (Talla para edad).""",NO_MATCH,2,0.6,DVS_norma_nacional_uso_graficas_antropometricas_valoracion_nutriciol_0-19_2017.pdf,Para igual o mayores de 5 años (≥5 años): Se requiere la información de los indicadores IMC (Índice de Masa Corporal) y T,"de capacitación y actualización a su personal para la adecuada toma de medidas antropométricas y uso de las gráficas. Al realizar una valoración nutricional en la población de 0 a menos de 19 años, si se detecta una clasificación fuera del rango normal , deberá referirse el paciente al establecimiento de salud donde corresponda según protocolos inst itucionales o intersectoriales. En niños y niñas nacidos antes de las 37 semanas deberán valorarse con las gráficas de crecimiento para niños nacidos pretérmino, posteriormente se dará seguimiento a ese niño con las gráficas correspondientes y la edad corregida. 26 En niños y niñas menores de 5 años se debe utilizar los tres indicadores antropométricos peso para edad , peso para talla y talla para edad, con el fin de obtener una adecuada e integral valoración nutricional. El indicador peso para edad en niños y niñas debe analizarse de manera conjunta con los otros indicadores de talla o longitud para la edad y peso/talla , debido a que por sí solo el indicador Peso para edad no permite identificar estado nutricional. En niños, niñas y adolescentes de 5 a menores de 19 años de edad deberán analizarse de manera conjunta los indicadores de talla para edad e IMC para una adecuada e integral valoración nutricional. Se deben hacer referencias a un establecimiento de salud de acuerdo con los protocolos institucionales e intersectoriales establecidos , en caso de observarse las siguientes clasificaciones del estado nutricional: ESTADO NUTRICIONAL Según gráfica Peso para Talla por edad y sexo de 0 a menos de 5 años Según gráfica de Índice de Masa Corporal por edad y sexo de 5 a menos de 19 años Obesidad En o por encima de la línea de +3DE. En o por encima de la línea de +2DE. Sobrepeso En o por",,,
corta_039,corta,¿Cuál es la población objetivo de la norma PCD-GF-N-01?,"La población objetivo es el núcleo familiar de las niñas, niños, adolescentes madres y mujeres embarazadas o en periodo de lactancia que reciben servicios en CEN-CINAI.","La población objetivo de la Norma para Educación al Grupo Familiar (PCD-GF-N-01) corresponde a las familias de clientes y beneficiarias de los diferentes servicios brindados por la Dirección Nacional de CEN-CINAI, incluyendo de forma específica a grupos familiares, grupos de adolescentes madres, mujeres embarazadas y mujeres en periodo de lactancia.","""Población Objetivo: Familias de clientes y beneficiarias de los diferentes servicios brindados por la Dirección Nacional de CEN-CINAI.""",REVIEW,2,0.75,Normas-sustantivas-CEN-CINAI-30-09-2021.pdf,Población Objetivo: Familias de clientes y beneficiarias de los diferentes servicios brindados por la Dirección Nacional de CEN-CINAI.,"Operativas. DIRECCIÓN NACIONAL DE CEN-CINAI DIRECCIÓN TÉCNICA- UNAT-UIVCD Fecha: 23/08/2021 Versión: 1 Normas técnicas Sustantivas Página 11 de 20 Dirección Nacional de CEN-CINAI “Crecimiento y Desarrollo Infantil” 11 de 20 De la esquina suroeste del parque Braulio Carrillo 100 metros al sur, Avenida 4 y 6, Calle 14 Tel: 2258-7918 / Fax: 2223-6689 / Código Postal 10103 www.cen-cinai.go.cr SC-N-01 Norma para Selección Orientación Conceptual Dirección Nacional de CEN CINAI Norma para Selección de clientes y beneficiarias Código: SC-N-01 Tipo de Actividad: Sustantiva Ejecución: ASSC2, ASSC3 , Profesional de establecimiento. Equipo Interdisciplinario, con el apoyo del Comité de CEN-CINAI. Supervisión: Jefatura de la Oficina Local Asesoría Técnica: Área Técnica de las Direcciones Regionales. Supervisión del cumplimiento: Director (a) Regional Evaluación: Dirección Técnica, con sus dos unidades. Mantenimiento actualizado de la información: Direcciones Regionales. Norma: Todas las niñas, niños, adolescentes madres , mujeres en periodo de gestación o lactancia, en condición de pobreza o riesgo social, se le aplicará el estudio de selección, para la atención en los servicio en CEN CINAI. Servicio: Nutrición Preventiva -API- Promoción del Crecimiento y Desarrollo Población Objetivo: Niñas y niños menores de 13 años, adolescentes madres y mujeres en periodo de gestación y lactancia de Hogares en condición de pobreza básica o extrema y/o riesgo social. Principios Responsables: La Selección de Hogares se sustenta en la Ley 8809, el Reglamento Orgánico de la Dirección Nacional de CEN-CINAI (Decreto Ejecutivo 37270) y la Ley 9137 (Creación del SINIRUBE). Se realiza desde un enfoque de equidad, focalizando sus acciones en la población en condición de pobreza básica o extrema y/o riesgo social, desde su gestación hasta menos de 13 años, adolescentes madres y mujeres adultas en periodo de embarazo o lactancia. Se considera como riesgo social el estado en que se encuentran los niños, niñas y sus familias",,,
corta_044,corta,¿Qué técnica se utiliza para evaluar ítems que el niño no puede ejecutar en el momento pero que la madre conoce?,Se utiliza la entrevista o reporte de la madre (o cuidadora) para acreditar conductas que no son observadas de forma espontánea durante la evaluación.,"Para evaluar aquellas conductas o ítems que el niño o niña no pueda manifestar espontáneamente al momento de la aplicación, se utiliza la técnica de **entrevista / consulta de referencia a la madre o persona encargada** sobre el comportamiento habitual del niño en el hogar.","""Pida referencia a la persona encargada sobre la conducta en el hogar..."" / ""Por observación o entrevista a madre o responsable..."" / ""...se solicitará la referencia de la persona encargada.""",REVIEW,3,0.8571,Manual-EDIN-II-final-2020.pdf,Pida referencia a la persona encargada sobre la conducta en el hogar...,"el niño que diga ""adiós"" a la persona examinadora. Toma el botón con sus dedos índice y pulgar. Comprende lo que se le solicita y realiza el gesto de adiós con la mano. 2. Al escuchar canciones conocidas demuestra que las reconoce. 3. Señala aquello que desea y está fuera de su alcance. 1. Dice ""adiós"" con la mano cuando se le solicita. 1 Botón pequeño 1. Indíquele a la persona encargada que entone una canción conocida por la niña o el niño. 2. En caso de que no responda pida referencia de la conducta en el hogar: Cuando cantan o escucha una canción conocida ¿cuál es la reacción? 1. Observe durante el periodo de evaluacion si la niña o el niño señala algo que desea y está fuera de su alcance. 2. Si no se presenta la acción pida referencia a la persona encargada: Si la niña o el niño quiere algo que no alcanza o que está lejos, ¿cómo lo pide?, ¿De qué manera le hace saber a la persona adulta que quiere algo? Demuestra que reconoce la canción por medio de movimientos, sonidos, aplausos o expresiones faciales como sonreír o abrir sus ojos. Señala aquello que desea y está fuera de su alcance (puede utilizar tambien algunos sonidos). 3. Agarra un botón pequeño utilizando los dedos índice y pulgar. de edad 55 1. Siente a la niña o el niño en el suelo. 2. Enséñele la bola, haciendola rodar a un metro de distancia, mientras estimula verbalmente a la niña o el niño para que la alcance. 1. Siente a la niña o el niño en el suelo. 2. Coloque juguetes a su alcance. 3. Cuando trate de tomarlos ordénele que no lo haga o bien, cuando los manipula ordénele que se detenga. 4. Solicitar referencia a",,,
corta_051,corta,¿Qué áreas de desarrollo evalúa específicamente la prueba EVADE?,"Evalúa cinco áreas: motora gruesa, motora fina, lenguaje, cognitiva y socioafectiva.","La Prueba general para la evaluación del desarrollo del escolar (EVADE) evalúa cinco áreas específicas del desarrollo:
1. Motora Gruesa
2. Motora Fina
3. Lenguaje
4. Cognitiva (o Cognoscitiva)
5. Socioafectiva","""...en cinco áreas del desarrollo: Motora Gruesa, Motora Fina, Lenguaje, Cognitiva y Socioafectiva.""",REVIEW,1,0.8889,SISVENDIS-2023.pdf,"...en cinco áreas del desarrollo: Motora Gruesa, Motora Fina, Lenguaje, Cognitiva y Socioafectiva.","gruesa, motora fina, cognitiva, lenguaje y socioafectiva, sin emitir un diagnóstico. EVADE Kit para la evaluación del desarrollo infantil en escolares Contiene los materiales necesarios para la realización de las pruebas del área del desarrollo que está siendo evaluada (motora gruesa, motora fina, cognitiva, lenguaje o socioafectiva). Estos materiales han sido estandarizados. Esta prueba está planteada por grupos de edad que va n desde los 6 años hasta los 14 años. EVADE: Hoja para registro de resultados de la prueba Hojas para registrar los resultados del tamizaje del Desarrollo de niñas, niños y adolescentes de 6 a 14 años de edad, en las áreas: motora gruesa, motora fina, lenguaje, cognitiva y socioafectiva. Orienta las estrategias de atención de acuerdo con el nivel de desarrollo. Test de detección de dificultades de lenguaje: fonética Instrumento para el registro de resultados de la evaluación del Test de detección de dificultades de lenguaje (fonética y otras áreas de lenguaje). Permite el seguimiento de niños y niñas mayores de 3 años, con dificultades en el desarrollo del lenguaje. El test de Otras áreas de lenguaje, cuenta con 17 láminas o fichas como parte de su aplicación. Estos documentos cuentan con su respectivo Instructivo de aplicación para el test de detección de dificultades del lenguaje DIRECCIÓN NACIONAL DE CEN-CINAI Código: DNCC-DT-UIVCD-MAN-04-2023 DIRECCIÓN TÉCNICA Unidad de Investigación y Vigilancia Crecimiento y Desarrollo Fecha: 17/07/2023 Versión: 1 Sistema de vigilancia del estado nutricional, del desarrollo infantil y salud en CEN-CINAI: modelo operativo SISVENDIS Página 65 de 79 Dirección Nacional de CEN-CINAI “Crecimiento y Desarrollo Integral para las niñas y los niños” De la esquina suroeste del parque Braulio Carrillo 100 metros al sur, Avenida 4 y 6, Calle 14 Tel: 2258-7918 / dir.nacional@cen-cinai.go.cr / www.cen-cinai.go.cr Materiales y equipo para vigilancia del desarrollo Observaciones para el uso Test de",,,
corta_054,corta,¿Qué material del kit EDIN II se utiliza para evaluar la interacción con objetos en los primeros meses?,Se utilizan materiales estandarizados como el sonajero o el cubo (rojo o verde) para observar la fijación y seguimiento de objetos.,"Para evaluar la interacción y manipulación de objetos en los primeros meses de edad en el EDIN II, se utilizan principalmente el sonajero (chilindrín) y la dona de 15 cm de diámetro (negra con blanco).","""Dona de 15 cm de diámetro negra con blanco... Sonajero (chilindrín)... 3. Al colocarle un sonajero (chilindrín) en sus manos lo mueve... 2. Interactúa con los objetos que tiene alrededor.""",NO_MATCH,3,0.25,Manual-EDIN-II-final-2020.pdf,Interactúa con los objetos que tiene alrededor.,"tranquilo, sin distracciones, silencioso y con buena iluminación. Además, el lugar debe contar con una colchoneta para evaluar las conductas en las niñas y los niños más pequeños. Para los de mayor edad, se utilizará una mesa y dos sillas, una para la persona examinadora y otra para la niña o el niño. La mesa será el recurso que permitirá la colocación de los materiales para brindar una mejor visibilidad y uso de los mismos. Cabe destacar, que los materiales que se utilizarán para el desarrollo de la prueba se deben mantener fuera del alcance y de la vista de las niñas y los niños, con el fin de que no pierdan la atención, de forma tal que se le presenten únicamente aquellos materiales que se requieren para el ítem que está siendo evaluado. 8 Es importante señalar, que aquellas conductas que la niña o el niño no realice con la persona examinadora pueden ser aplicadas por la persona encargada, previa explicación por parte de la persona examinadora. De forma tal, que ésta sea incluida a lo largo de la implementación de la prueba con el fin de que la niña o el niño se sienta en un ambiente familiar. En cuanto a la aplicación del EDIN II, se debe iniciar evaluando los ítems de la fase que corresponde a la edad cronológica de la niña o el niño. Por ejemplo, si la niña o el niño tiene 27 meses, se comienza a administrar los ítems de la fase de 24 a 30 meses, en un área de desarrollo determinada. En aquellas niñas y niños pretérmino (nacidos antes de las 37 semanas de gestión) y que son menores de 2 años, es importante realizar la corrección de la edad con el objetivo de que se compense de forma parcial el",,,
corta_062,corta,¿En qué casos específicos se establece el uso del perímetro braquial como medición antropométrica alternativa?,"Se utiliza oficialmente para la valoración nutricional de niñas y niños que presentan necesidades especiales de crecimiento, tales como aquellos con parálisis cerebral infantil (PCI).","El uso del perímetro braquial (circunferencia braquial) como medición antropométrica alternativa se establece para la evaluación del estado nutricional en niñas y niños con necesidades especiales en su crecimiento, específicamente en casos diagnosticados con:
1. Parálisis Cerebral Infantil (PCI)
2. Síndrome de Down
3. Acondroplasia","""En el manual abarca la evaluación nutricional para niñas y niños con Síndrome de Down, acondroplasia y parálisis cerebral infantil (PCI). Asimismo, las mediciones antropométricas alternativas incluidas en este manual son la altura rodilla, perímetro braquial y circunferencia cefálica.""",NO_MATCH,4,0.5385,Manual-operativo-Evaluacion-estado-nutricional-2019.pdf,"Asimismo, las mediciones antropométricas alternativas incluidas en este manual son la altura rodilla, perímetro braquial y circunferencia cefálica.","trastornos nutritivos agudos y crónicos. 12 Entre las ventajas de la exploración antropométrica, se incluyen las siguientes: • Los procedimientos son sencillos, seguros, simples y no invasores • El equipo necesario es portátil y duradero; es fácil su adquisición. • El personal con adecuada capacitación y practica puede aplicar de forma correcta la toma de las mediciones. • Los métodos son precisos y exactos, si se utilizan de acuerdo a las normas estándares. • Proporcionan información sobre hechos pasados, lo que no suele ser frecuente con otras técnicas. • Las mediciones pueden ayudar en la identificación de casos de malnutrición. • El método permite valorar cambios del estado nutricional en el tiempo, entre individuo y poblaciones, y de una generación a otra. • Pueden diseñarse pruebas de tamizaje para identificar a individuos en riesgo. La valoración antropométrica se puede realizar evaluando las siguientes medidas, es importante agregar que la edad y el género también son consideradas para la determinación del estado nutricional (Cañet, C. 2002; Martínez, A. 2002; Ministerio de Salud Pública y Asistencia Social y otros, 2007; Gibson R., 2005, Mahan, K. y Escot- Stump, S. 2009). - Peso - Talla-longitud - Estatura indirecta: altura rodilla, envergadura de los brazos. - Perímetro: cefálico, braquial, torácico, de la cintura, abdomen y caderas; del muslo. - Pliegues cutáneos (tricipital, subescapular, bicipital, suprailíaco, submandibular) 13 Manual operativo para la evaluación del estado Nutricional con medidas antropométricas de las niñas y los niños de los CEN-CINAI A continuación, se describe en qué consiste cada una: Variable a medir Definición o descripción de técnica de medición Equipo requerido Peso El peso constituye un indicador de la masa y volumen corporal (indicador global de la masa corporal) fácil de obtener y reproducible en la práctica. Es la medida antropométrica más utilizada. Balanzas Talla/ longitud Medida",,,
corta_063,corta,¿Cómo se identifica visualmente la tendencia de crecimiento de un niño en las gráficas del expediente?,Se identifica trazando una línea recta que conecte los puntos marcados como resultado de dos o más evaluaciones nutricionales sucesivas.,"La tendencia de crecimiento se identifica visualmente en las gráficas ploteadas trazando una línea recta que une dos o más puntos consecutivos de evaluaciones en el tiempo (puntos de intersección de la medida con la edad o la talla) y observando la dirección o comportamiento del trazo (línea ascendente, línea horizontal o línea descendente).","""Tendencia: una vez realizado el ploteo, se traza una línea que conecte los puntos ploteados para observar la tendencia y evolución del crecimiento de la niña o niño evaluado."" / ""Tendencia: Evolución de dos o más mediciones en el tiempo, se puede visualizar en el tiempo trazando una línea que se realiza al unir dos o más puntos en una gráfica...""",NO_MATCH,4,0.4667,DVS_norma_nacional_uso_graficas_antropometricas_valoracion_nutriciol_0-19_2017.pdf,"Tendencia: una vez realizado el ploteo, se traza una línea que conecte los puntos ploteados para observar la tendencia y evolución del crecimiento de la niña o niño evaluado.","(DE). Población: Niños y niñas de 0-3 años de edad. Interpretación de Desviaciones estándar para las gráficas de perímetro cefálico para la edad: Matemática DE En letras Interpretación perímetro cefálico para la edad >2 Superior a 2 DE Macrocefalia < -2 Inferior a -2 DE Microcefalia Ploteo: para graficar un punto, busque la marca que representa la edad del niño de en meses y años cumplidos en la parte inferior de la curva. Siga la línea hacia arriba hasta cruzarse con la línea horizontal que corresponda con el perímetro cefálico del niño o niña. En la intersección, dibuje una marca visible con un lápiz o bolígrafo. 7 8 2. GRÁFICAS DE CRECIMIENTO PARA NIÑOS NACIDOS PRETÉRMINO Descripción, uso e interpretación: En el eje horizontal de la gráfica se ubica la edad gestacional en semanas, desde la 22 hasta la 50 y en el vertical, se identifica el peso en kilogramos (kg) en escala de 100 gramos. También incluye el perímetro cefálico y la longitud en centímetros (cm) con escala de un cm. La edad gestacional que se toma como punto de partida se mide en semanas, a partir de allí se suma el número de semanas desde el nacimiento del niño o niña y se va marcando el cambio según curva correspondiente. Si la línea de tendencia entre puntos marcados en cualquiera de las tres curvas que incluye la gráfica se ubica entre el percentil 3 y el 97 se considera una evaluación óptima del crecimiento postnatal. 9 Se debe considerar que una línea de tendencia estacionaria (plana) en los diferentes indicadores, aunque se ubique entre los percentiles 3 y 97, debe considerarse como una evaluación no óptima del crecimiento, lo que implica un seguimiento más continuo. Posterior a las 50 semanas de edad gestacional, la valoración del estado nutricional",,,
corta_065,corta,¿Qué población integra específicamente el Grupo J (Prioridad 4) en el proceso de atención?,Este grupo está integrado por niños y niñas en servicio DAF que han recuperado su estado nutricional normal en todos los indicadores y se encuentran cumpliendo su año de protección.,"El Grupo J (Prioridad 4) está integrado específicamente por niñas y niños que reciben el servicio de Distribución de Alimentos a Familias (DAF) y que han recuperado su estado nutricional normal en todos los indicadores evaluados, iniciando su año de período de protección.","""Grupo J Prioridad 4: Niños y niñas que reciben DAF y han recuperado su estado nutricional normal en todos los indicadores, por lo tanto, se inicia el año de protección en DAF a partir de la valoración del estado nutricional donde se reporta en estado nutricional normal.""",NO_MATCH,2,0.381,Procedimiento_Atencin_Interdisciplinaria_Malnutricin_Versin_02_2020.pdf,"Grupo J Prioridad 4: Niños y niñas que reciben DAF y han recuperado su estado nutricional normal en todos los indicadores, por lo tanto, se inicia el año de protección en DAF a partir de la valoración del estado nutricional donde se reporta en estado nutricional normal.","U S O DE L E Q U I PO I NT E R S DI S C I PL I NAR I O ) ” , que contempla indicadores de riesgo individuales, del grupo familiar y de su comunidad, priorización, objetivo del plan, estrategias a emplear, fecha primer seguimiento y profesional designado. I ndicadores de ries g o: Marcar una X en el paréntesis, si el niño o niña presenta indicadores de riesgo individual, familiar o comunitario, según lo reportado en este instrumento de detección. Priorización: en el espacio correspondiente anote la priorización del caso que ha sido determinada por los miembros en la sesión del equipo interdisciplinario de la Oficina Local, según los lineamientos de priorización con base en grupos de riesgo para la atención y seguimiento interdisciplinario de niños y niñas con malnutrición. Objetivo del plan : Comprende el objetivo definido por el equipo interdisciplinario, que orientará el plan de atención interdisciplinaria, mediante las diferentes estrategias consideradas oportunas para lograr la recuperación del niño o niña con malnutrición. Estrategias a emplear (tipo de seguimiento) : Anote una X en la casilla correspondiente a la(s) estrategia(as) definidas por el equipo interdisciplinario para la atención de las necesidades en el estado nutricional, desarrollo, crecimiento y determinantes sociales de la salud detectadas, considerando la prioridad asignada: en contexto, sesión educativa, consejería, grupal, visita domiciliar, individualizada, actividades comunitarias u otras que decida el equipo. En caso de realizar otra estrategia, anote el nombre de la misma en el espacio correspondiente. Ejemplo: referencia institucional. Fecha del primer seguimiento: Anotar la fecha estimada para el primer seguimiento (día/mes/año), después del análisis y priorización y según la frecuencia recomendada y prioridad en el procedimiento de atención interdisciplinaria. (Ejemplo: Si la fecha de análisis y priorización fue el 10/06/2019 y asignó prioridad 1, el primer",,,
corta_068,corta,¿Bajo qué condición específica se debe aplicar el Test de detección de dificultades de lenguaje a un menor?,Se aplica a niños que presentan rezago o riesgo en el área de comunicación y lenguaje tras haber agotado un plan de estimulación previo sin mostrar mejoría.,El Test de lenguaje se debe aplicar específicamente a aquellos niños o niñas que hayan sido referidos por presentar un nivel de rezago en el área de lenguaje o problemas de comunicación (en edades comprendidas entre los 2 años y los 6 años y 11 meses).,"""Test de Lenguaje a casos referidos con nivel de rezago en el área de lenguaje y problemas de comunicación.""",NO_MATCH,2,0.5556,Procedimiento_Vigilancia_Crecimientoydesarrollo_intrayextramurosUIVCD.pdf,Test de Lenguaje a casos referidos con nivel de rezago en el área de lenguaje y problemas de comunicación.,"control de Placa Bacteriana en la dentición temporal o de leche.  Niñas y niños que reciben servicios de CEN -CINAI intramuros y extramuros que presentan rezago en su lenguaje y dificultades de comunicación y que el plan de estimulación del lenguaje no presentó mejoría, son referidos al profesional en Terapia de Lenguaje para la aplicació n del test de lenguaje y dar la atención y seguimiento requerido.  Niñas y niños que reciben servicios de CEN -CINAI intramuros y extramuros que presentan factores de riesgo psicosocial y salud atendidos por el equipo interdisciplinario de Oficina Local o referidos a las instituciones según las competencias del caso requeridas.  Equipos interdisciplinarios de Oficinas Locales cuentan con herramientas de registro de datos de las niñas y niños que les fueron referidos, debidamente actualizado y disponible para la atención interdisciplinaria de niñas y niños con necesidades especiales en su crecimiento, desarrollo y entorno social donde vive y crece.  Niñas y niños reciben una atención oportuna y adecuada a sus necesidades para su crecimiento y desarrollo en los distintos servicios que brinda CEN-CINAI. DIRECCIÓN NACIONAL DE CEN-CINAI DIRECCIÓN TÉCNICA UNIDAD DE INVESTIGACIÓN Y VIGILANCIA DEL CRECIMIENTO Y DESARROLLO PÁGINA 34 DE 45 VERSIÓN: 01 PROCEDIMIENTO PROCEDIMIENTO VIGILANCIA DEL CRECIMIENTO Y DESARROLLO INFANTIL EN LA MODALIDAD INTRAMUROS Y EXTRAMUROS CÓDIGO: PRO-CD-P-01 “CRECIMIENTO Y DESARROLLO MATERNO-INFANTIL” III. Disposiciones 3.1 PRIMERA DISPOSICIÓN: aplicación de tamizajes y evaluaciones del crecimiento y desarrollo. Las personas funcionarias deberán cumplir sus roles como responsables de realizar los tamizajes y evaluaciones de las niñas y los niños, así como del acompañamiento y asesoría técnica en la aplicación de tamizajes, evaluaciones, ploteo de gráficas y registro o anotación en los expedientes de la población infantil atendida en e l servicio de promoción del crecimiento y desarrollo, como parte del sistema de",,,
corta_069,corta,¿Cuál es el eje transversal que garantiza el bienestar integral de la niñez en los sistemas de vigilancia de CEN-CINAI?,El enfoque de derechos de la niñez es el eje transversal que rige el diseño de los modelos operativos y los sistemas de vigilancia institucional.,El eje transversal que garantiza el bienestar integral de la niñez en las normas y sistemas de vigilancia de CEN-CINAI es el **enfoque de derechos de la niñez** (la consideración de la persona menor de edad como sujeto integral de derechos).,"""...que aseguren la atención óptima del niño y la niña menor de 13 años y que impulsan el desarrollo de su potencial como sujeto integral de derechos.""",NO_MATCH,1,0.5385,SISVENDIS-2023.pdf,...que aseguren la atención óptima del niño y la niña menor de 13 años y que impulsan el desarrollo de su potencial como sujeto integral de derechos.,"niña o niño, su grupo familiar y el entorno donde vive crece y se desarrolla, así como la capacidad instalada de la institución, junto con las recomendaciones de vigilancia de la salud integral de la niña o niño (Requejo et al, 2022). Esto permite regular y orientar sobre la correcta aplicación de los tamizajes y el registro de los resultados en el expediente, para mejorar la calidad del dato y la atención que reciben las niñas y niños, clientes de la Dirección Nacional de CEN-CINAI. Respecto a las acciones de vigilancia de la niñez con discapacidad, barreras en el aprendizaje y la participación se realizan en todos los establecimientos CEN -CINAI y en las comunidades que atiende. Con este contexto, la vigilancia del estado nutricional, nivel del desarrollo y salud, de toda la niñez que atiende CEN -CINAI fomenta y DIRECCIÓN NACIONAL DE CEN-CINAI Código: DNCC-DT-UIVCD-MAN-04-2023 DIRECCIÓN TÉCNICA Unidad de Investigación y Vigilancia Crecimiento y Desarrollo Fecha: 17/07/2023 Versión: 1 Sistema de vigilancia del estado nutricional, del desarrollo infantil y salud en CEN-CINAI: modelo operativo SISVENDIS Página 12 de 79 Dirección Nacional de CEN-CINAI “Crecimiento y Desarrollo Integral para las niñas y los niños” De la esquina suroeste del parque Braulio Carrillo 100 metros al sur, Avenida 4 y 6, Calle 14 Tel: 2258-7918 / dir.nacional@cen-cinai.go.cr / www.cen-cinai.go.cr establece acciones afirmativas de inclusión. El concepto de discapacidad ha experimentado un cambio de paradigma a través de los años, pasando de una concepción médica donde en foca la discapacidad como condición inherente a las personas y enfocada en el déficit, hacia un modelo social que reconoce a las personas con discapacidad como sujetos de derechos, desde el cual se concibe que las limitaciones o restricciones enfrentadas p or las personas con discapacidad surgen en contextos sociales particulares (Corrales, Soto y Villafañe,",,,
corta_072,corta,¿Quiénes son los responsables de ejercer la función gerencial de supervisión técnica y del cumplimiento en los establecimientos?,"Esta responsabilidad recae en las Jefaturas de Oficina Local, las Jefaturas de Área Técnica Regional (ATE) y la Dirección Regional respectiva.","Los responsables de ejercer la función gerencial de supervisión técnica, monitoreo y garantía del cumplimiento del procedimiento en los establecimientos son las **Jefaturas de Oficina Local** (a nivel local) y las **Jefaturas de Área Técnica Regional** (a nivel regional).","""Jefaturas de Área Técnica y de Oficina Local con claridad de su rol gerencial como garante de la importancia del cumplimiento del procedimiento, para uso en toma de decisiones, mediante el monitoreo del cumplimiento de programación de actividades de sus equipos.""",REVIEW,5,0.75,Procedimiento_Vigilancia_Crecimientoydesarrollo_intrayextramurosUIVCD.pdf,"Jefaturas de Área Técnica y de Oficina Local con claridad de su rol gerencial como garante de la importancia del cumplimiento del procedimiento, para uso en toma de decisiones, mediante el monitoreo del cumplimiento de programación de actividades de sus equipos.","desarrollo. b. Personas funcionarias de l nivel local con claridad en su rol en el acompañamiento técnico y modelaje que asegure la calidad en la toma, ploteo, registro en expedientes de la niña o el niño y cumplimiento de la periodicidad de los tamizajes y evaluaciones. c. Personas funcionarias de nivel regional de Área Técnica con claridad en su rol en la supervisión y asesoría técnica que asegure el adecuado cumplimiento del presente procedimiento. El ítem c Aplica solamente para Área T écnica Regional d. Jefaturas de Oficina Local con claridad en su rol gerencial como garante de la programación y monitoreo de las actividades a nivel de Oficina Local y establecimientos, requeridas para el cumplimiento del presente procedimiento. El ítem d Aplica solamente para Oficina Local e. Jefaturas de Área Técnica Regional con claridad en su rol técnico como garante de la supervisión y asesoría técnica de las actividades del presente procedimiento. El ítem e Aplica solamente para Área T écnica Regional f. Actividades para la vigilancia del crecimiento y desarrollo infantil incluidas en la programación anual de actividades de las personas funcionarias ASSC2, ASSC3, Profesional de DIRECCIÓN NACIONAL DE CEN-CINAI DIRECCIÓN TÉCNICA UNIDAD DE INVESTIGACIÓN Y VIGILANCIA DEL CRECIMIENTO Y DESARROLLO PÁGINA 32 DE 45 VERSIÓN: 01 PROCEDIMIENTO PROCEDIMIENTO VIGILANCIA DEL CRECIMIENTO Y DESARROLLO INFANTIL EN LA MODALIDAD INTRAMUROS Y EXTRAMUROS CÓDIGO: PRO-CD-P-01 “CRECIMIENTO Y DESARROLLO MATERNO-INFANTIL” FAES Formulario para la auto evaluación y supervisión del cumplimiento del procedimiento vigilancia crecimiento y desarrollo establecimiento y personas homologas de servicios a cargos de ASSC2, ASSC3 o profesional de CINAI. g. Suministro de recursos, materiales y equipo requeridos por las personas funcionarias para aplicar los tamizajes, evaluaciones y respectivos registros en los expedientes de las niñas y niños. Firma funcionario que ejecuta: _________________________________ Fecha: Firma funcionario que supervisa:________________________________ Fecha: DIRECCIÓN",,,
corta_073,corta,"¿Qué componentes de salud, además de nutrición y desarrollo, integra el modelo operativo SISVENDIS 2023?",Integra formalmente la vigilancia de la salud oral mediante la detección de placa bacteriana y la identificación de higiene oral mala.,"Además del estado nutricional y el desarrollo infantil, el modelo operativo SISVENDIS 2023 integra los siguientes componentes de salud:
1. **Salud oral** (tamizajes odontológicos y control de placa bacteriana HOMA).
2. **Agudeza visual** (tamizaje visual con cartilla aplicada).
3. **Agudeza auditiva** (prueba auditiva de las tarjetas).
4. **Dificultades de lenguaje** (test de lenguaje en casos referidos).
5. **Hábitos e indicadores de salud general** (esquema de vacunas al día, alergias alimentarias, patrones de hábitos de salud).
6. **Alimentación y nutrición cualitativa** (diversidad alimentaria mínima, frecuencia de consumo de alimentos y evaluación cualitativa en API).","""...tales como: estado nutricional, nivel del desarrollo menores de seis años, nivel del desarrollo de niñas y niños en edad escolar, detección de dificultades de lenguaje, agudeza visual, agudeza auditiva, salud oral, diversidad alimentaria mínima, frecuencia de consumo de alimentos, evaluación cualitativa de niñas y niños que reciben API...""",NO_MATCH,3,0.3,SISVENDIS-2023.pdf,"...tales como: estado nutricional, nivel del desarrollo menores de seis años, nivel del desarrollo de niñas y niños en edad escolar, detección de dificultades de lenguaje, agudeza visual, agudeza auditiva, salud oral, diversidad alimentaria mínima, frecuencia de consumo de alimentos, evaluación cualitativa de niñas y niños que reciben API...","y así contribuir a alcanzar su mejor potencial de crecimiento y desarrollo infantil. 3. Documentar y sistematizar en los conocimientos en recolección, procesamiento, análisis, control de calidad del dato y divulgación de la información sobre la situación del estado de nutrición, del nivel del desarrollo y de salud de los niñas y niños. 4. Brindar asistencia técnica , supervisión capacitante, asesoría técnica y acompañamiento técnico de manera continua con respecto a las acciones de vigilancia del estado nutricional, nivel del desarrollo y salud que se ejecutan en los tres niveles de gestión; orientado hacia el análisis de los resultados para la identificación de acciones prioritarias y pertinentes en la mejora de la atención de las niñas y niños. 5. Apoyar y promover el desarrollo de la investigación de interés para la vigilancia del crecimiento y desarrollo, en procura de la innovación y evaluación de las estrategias de atención de las niñas y niños que asisten a los servicios de los CEN-CINAI. C. Roles: Con respecto a los roles de las personas funcionarias en el cumplimiento del SISVENDIS, estos se interrelacionan y articulan en la implementación de los procedimientos vigentes, en la siguiente figura se resume los roles de los diferentes actores institucionales: Figura 4. Roles y responsabilidades en la implementación del SISVENDIS ASSC2, ASSC3, Encargada de CINAI y otros • Toma de tamizajes con calidad y oportunidad • Registro en instrumentos correspondientes • Actualización de expedientes o información individual de la niña o niño • Comunicar resultados de tamizajes a los grupos familiares • Referir casos que se detectan con resultados no esperados para su edad o presentan signos de alerta DIRECCIÓN NACIONAL DE CEN-CINAI Código: DNCC-DT-UIVCD-MAN-04-2023 DIRECCIÓN TÉCNICA Unidad de Investigación y Vigilancia Crecimiento y Desarrollo Fecha: 17/07/2023 Versión: 1 Sistema de vigilancia del estado nutricional, del desarrollo infantil",,,
corta_080,corta,¿Qué unidad técnica del nivel central es la responsable de conducir la vigilancia institucional y los estudios de efectos de país?,La responsabilidad técnica recae en la Unidad de Investigación y Vigilancia del Crecimiento y Desarrollo (UIVCD) de la Dirección Técnica.,"La unidad técnica del nivel central responsable de conducir la vigilancia institucional y los estudios de efectos de país es la Unidad de Investigación y Vigilancia del Crecimiento y Desarrollo (UIVCD), perteneciente a la Dirección Técnica de la Dirección Nacional de CEN-CINAI.","""...la Unidad de Investigación y Vigilancia del Crecimiento y Desarrollo, es la unidad organizativa responsable de conducir la adecuada ejecución de los lineamientos técnicos... para insumo en los estudios de efectos de país.""",NO_MATCH,1,0.5,SISVENDIS-2023.pdf,"...la Unidad de Investigación y Vigilancia del Crecimiento y Desarrollo, es la unidad organizativa responsable de conducir la adecuada ejecución de los lineamientos técnicos...","en el de creto ejecutivo 37270-S del 2012, se constituye la Dirección Técnica, donde se establece la U nidad de Investigación y Vigilancia del Crecimiento y Desarrollo (UIVCD) como: (…) la unidad organizativa que conduce, diseña, ajusta, actualiza e implementa el proceso de investigación y el sistema de vigilancia nutricional y del desarrollo materno -infantil de la Dirección Nacional CEN-CINAI, con el propósito de brindar información oportuna y actualizada para la toma de decisiones estratégicas, basada en evidencia científica. (Artículo 17.b) A la fecha, la Dirección Nacional de CEN -CINAI es actualmente un ente adscrito al Ministerio de Salud de Costa Rica con más de 72 años de servicios a la población materna -infantil. Reporta anualmente una atenció n a más de 165000 niñas, niños, mujeres embarazadas o en periodo de lactancia de escasos recursos, brindando servicios en todo el territorio nacional. (DNCC-MS, 2022a). Datos para la vigilancia A partir de 1996 se documentan los resultados de la vigilancia del crecimiento y desarrollo infantil en el instrumento de datos básicos, donde se recopilaba de forma manual y anual, los datos de todos los expedientes de niñas, niños y familias beneficiarias en los establecimientos Centros de Educación y Nutrición (CEN) y Centros Infantiles de Nutrición y Atención Integral (CINAI). Los datos eran utilizados para emitir un documento impreso DIRECCIÓN NACIONAL DE CEN-CINAI Código: DNCC-DT-UIVCD-MAN-04-2023 DIRECCIÓN TÉCNICA Unidad de Investigación y Vigilancia Crecimiento y Desarrollo Fecha: 17/07/2023 Versión: 1 Sistema de vigilancia del estado nutricional, del desarrollo infantil y salud en CEN-CINAI: modelo operativo SISVENDIS Página 8 de 79 Dirección Nacional de CEN-CINAI “Crecimiento y Desarrollo Integral para las niñas y los niños” De la esquina suroeste del parque Braulio Carrillo 100 metros al sur, Avenida 4 y 6, Calle 14 Tel: 2258-7918 / dir.nacional@cen-cinai.go.cr / www.cen-cinai.go.cr con las cifras por país",,,
corta_082,corta,¿Cuál es el criterio de edad para determinar si a un niño se le debe medir la longitud (acostado) o la estatura (de pie)?,"En menores de 2 años se mide obligatoriamente la longitud en posición acostada, mientras que la estatura de pie se aplica a partir de los 2 años cumplidos.","El criterio de edad establece que a los niños y niñas menores de dos años (< 2 años o menores de 85 cm) se les debe medir la longitud en posición acostado boca arriba (decúbito supino/dorsal), mientras que a los niños y niñas de dos años de edad o más (≥ 2 años o mayores de 85 cm) se les mide la estatura (talla) en posición de pie.","""La longitud es la medición que se aplica a los niños o niñas menores de dos años o menores de 85 cm en posición decúbito dorsal. La talla es la medida de niños o niñas mayores de dos años o mayores de 85 cm y a adultos en posición de pie.""",REVIEW,1,0.8182,Manual-operativo-Evaluacion-estado-nutricional-2019.pdf,La longitud es la medición que se aplica a los niños o niñas menores de dos años o menores de 85 cm en posición decúbito dorsal.,"en posición de pie y sume 0,7 cm para convertirla a longitud. • Si el niño o niña tiene 2 años de edad o más y es capaz de pararse, mida la talla de pie. Pero en caso de que no sea capaz de ponerse de pie, mida la longitud en posición acostado boca arriba y reste 0,7 cm para convertirlo a talla. (1) Procedimiento para medir longitud en niños y niñas menores de 2 años El equipo nece- sario para medir la longitud es el infantómetro. La medición de la longitud se realiza colocando el niño o niña en posición acostada boca arriba (decúbito supino), usando un infantómetro que debe estar colocado en una superficie plana, sólida como una mesa. Para valorar la longitud realice las siguientes instrucciones (Caja Costarricense de Seguro Social, 2000; Organización Mundial de la Salud, 2007): Plano de Frankfort 35 Manual operativo para la evaluación del estado Nutricional con medidas antropométricas de las niñas y los niños de los CEN-CINAI • Solicite a la madre, padre o encargado que se coloque por detrás de la tabla fija para que pueda sostener con seguridad la cabeza del niño o niña. • Colóquese al lado del infantómetro donde pueda observar lo mejor posible la cinta métrica y mover la tala para los pies. • Revise que el niño o niña este acostado rectamente a lo largo de la tabla y que no varíe su posición, los hombros deben tocar la tabla o mesa y la espina dorsal no debe estar arqueada. Solicite a la madre, padre o encargado que le avise si el niño o niña arquea su espalda o si cambia de posición.) • Las plantas de los pies deben estar planas contra la tala para los pies del tallímetro o infantómetro, los dedos deben apuntar",,,
corta_083,corta,¿Cuál es el contenido técnico principal de las guías establecidas en el Anexo 6 del procedimiento?,El Anexo 6 provee las guías estandarizadas para la elaboración del informe anual de atención interdisciplinaria y el monitoreo del cumplimiento regional.,"El contenido técnico principal de las guías del Anexo 6 abarca las herramientas para el monitoreo, reporte e informe de la atención interdisciplinaria, especificando:
1. La Hoja de reporte al hogar de las evaluaciones del crecimiento y desarrollo infantil.
2. La Bitácora de sesiones de trabajo del equipo interdisciplinario de la Oficina Local.
3. La guía de formato ejecutivo y contenidos para la elaboración del Informe anual regional acerca de la implementación del procedimiento de atención interdisciplinaria.","""Anexo 6. Guías para elaboración de informe y monitoreo. Para la elaboración de informe y monitoreo del cumplimiento del procedimiento se requiere: Hoja de reporte al hogar... Bitácora de sesiones... Formato de informe anual regional...""",NO_MATCH,1,0.25,SISVENDIS-2023.pdf,Guías para elaboración de informe y monitoreo.,"de las siguientes guías y manuales operativos: • Guía actualizada para el mantenimiento preventivo de balanzas mecánicas (2012). • Manual Operativo prueba auditiva de las tarjetas en las niñas y niños CEN-CINAI. (2da edición) (2018a) • Manual Operativo para la evaluación de la agudeza visual en las niñas y niños de los CEN -CINAI. (2da edición). (2018b) • Manual Operativo para la evaluación del estado nutricional con medidas antropométricas de las niñas y niños CEN-CINAI. (2da edición) (2019). • Manual para la evaluación del estado nutricional de los niños y niñas con necesidades especiales en su crecimiento que reciben los servicios de CEN-CINAI (2020e). • Prueba para la evaluación del desarrollo integral de la niña y el niño de 0 meses a 6 años de edad: instructivo para la aplicación e interpretación. Segunda Edición. (EDIN II) (2020). • Prueba general para la evaluación del desarrollo para niños, niñas y adolescentes de 6 a 14 años de edad (EVADE), instructivo para la interpretación y aplicación (2018). • Instructivo e instrumento para la evaluación cualitativa de niñas y niños que reciben API (2020f). • Información general del cliente intramuros y extramuros (expediente de la niña o el niño ): incluye vacunación, alergias alimentarias, diversidad alimentaria y frecuencia de consumo de alimentos frescos, lactancia materna, vigente. • Instructivo de aplicación del Test de detección de dificultades de lenguaje v2, actualizado (2022i) DIRECCIÓN NACIONAL DE CEN-CINAI Código: DNCC-DT-UIVCD-MAN-04-2023 DIRECCIÓN TÉCNICA Unidad de Investigación y Vigilancia Crecimiento y Desarrollo Fecha: 17/07/2023 Versión: 1 Sistema de vigilancia del estado nutricional, del desarrollo infantil y salud en CEN-CINAI: modelo operativo SISVENDIS Página 15 de 79 Dirección Nacional de CEN-CINAI “Crecimiento y Desarrollo Integral para las niñas y los niños” De la esquina suroeste del parque Braulio Carrillo 100 metros al sur, Avenida 4 y 6, Calle 14",,,
corta_087,corta,¿Qué requisitos de orden administrativo deben cumplir los instrumentos de registro oficial como expedientes y bitácoras de acuerdos?,"Deben estar debidamente foliados, mantener un orden cronológico estricto y estar bajo custodia física segura en la Oficina Local.","Los requisitos de orden administrativo que deben cumplir los instrumentos de registro oficial (expedientes y bitácoras) incluyen:
1. **Foliación ordenada:** Todo expediente individual de atención interdisciplinaria debe contar con una foliación ordenada de la totalidad de sus páginas.
2. **Confidencialidad y protección de datos:** Cumplimiento estricto de la Ley Nº 8968 (Protección de la Persona frente al Tratamiento de sus Datos Personales) y principios éticos, limitando su acceso exclusivamente a los miembros del equipo interdisciplinario y la jefatura.
3. **Custodia centralizada:** Archivo y custodia física de los expedientes originales en un ampo, folder o archivo ubicado en la sede de la Oficina Local.
4. **Anotaciones especializadas de alta sensibilidad:** Si un profesional requiere hacer anotaciones detalladas y específicas por su sensibilidad, las mantendrá bajo su propia custodia fuera del expediente compartido.
5. **Bitácora de acuerdos:** Registro formal de los acuerdos tomados en cada sesión de trabajo del equipo interdisciplinario en la bitácora física o digital de la Oficina Local.","""3. Todo expediente deberá estar foliado."" / ""El expediente completo del niño o niña con malnutrición se archiva en el ampo, folder o archivo que el equipo interdisciplinario ha definido como lugar de custodia..."" / ""Todo funcionario que tenga acceso... deberá acatar lo establecido en la Ley 8968 de Protección de la persona...""",NO_MATCH,2,0.6,Procedimiento_Atencin_Interdisciplinaria_Malnutricin_Versin_02_2020.pdf,Todo expediente deberá estar foliado.,"del expediente, este debe presentar una nota dirigida al Jefe de Oficina Local indicando: a. Nombre del niño o niña de quien solicita el expediente b. Nombre completo, número de cédula, teléfono del solicitante. c. Tipo de relación parental o legal que sostiene con el niño o niña. d. Resumir para que requiere la copia del expediente e. Firmar la nota o carta por el solicitante 2. Cuando una autoridad competente solicite o emita una orden de una copia del expediente del niño o niña con malnutrición, este debe presentar la solicitud conforme a lo establecido en la legislación vigente. “Crecimiento y desarrollo infantil” DIRECCIÓN NACIONAL DE CEN CINAI PÁGINA 124 DE 140 VERSIÓN: 02 PROCEDIMIENTO PROCEDIMIENTO PARA LA ATENCIÓN INTERDISCIPLINARIA DEL NIÑO O NIÑA CON MALNUTRICIÓN CÓDIGO: PRO-AI- AIM-P-01 G E S T I O N DE E NT R E G A DE C O PI A DE E X PE DI E NT E DE AT E NC I O N I NT E R DI S C I PL I NAR I A 1. Una vez recibida la nota, carta o la orden de la autoridad competente o encargado legal, el Jefe de Oficina Local cuenta con 08 días hábiles para entregar la copia del expediente debidamente foliado. 2. Durante la entrega se solicita nombre, firma y fecha de recibido al solicitante o el designado por la autoridad competente. T R AS L ADO DE E X PE DI E NT E : 1. Se debe cumplir acorde con el procedimiento de traslado de expedientes vigente en la institución. 2. Paralelo al cumplimiento del procedimiento vigente, el expediente de atención interdisciplinaria deberá ir en un sobre sellado rotulado con lo siguiente: o Dirigido a:  Jefe de Oficina Local de destino  Nombre de la Oficina",,,
corta_094,corta,¿Bajo qué condiciones relacionadas con el entorno familiar puede el equipo interdisciplinario otorgar el alta de un caso?,Se otorga cuando se verifica que los riesgos familiares están siendo manejados por el grupo familiar y se ha logrado la recuperación integral del niño.,"El alta formal del procedimiento de atención interdisciplinaria se otorga cuando la niña o el niño **alcanza la recuperación de su estado nutricional normal** en todos los indicadores evaluados. Si los riesgos o problemas del entorno familiar son adecuadamente manejados por el grupo familiar, la normativa establece que se procede a reasignar la estrategia a una de índole grupal o a un seguimiento individual más espaciado (pero el alta definitiva se consolida al recuperar la normalidad nutricional).","""...dar de alta cuando se recupera estado nutricional."" / ""Una vez el niño o niña mejora su estado nutricional o los riesgos son manejados por el grupo familiar, se puede asignar otra estrategia, de índole grupal o un seguimiento individual más espaciado.""",NO_MATCH,2,0.5,Procedimiento_Atencin_Interdisciplinaria_Malnutricin_Versin_02_2020.pdf,...dar de alta cuando se recupera estado nutricional.,"le debe continuar brindando el seguimiento. • E g res o de C E N- C I NAI : Se refiere cuando el niño o niña se fue del establecimiento o de la comunidad con o sin justificación por lo que se debe egresar del seguimiento. • Egreso por evolución satisfactoria: Se refiere al egreso que el equipo interdisciplinario le dará al niño o niña porque durante el seguimiento presenta una evolución satisfactoria en su estado nutricional. Puede continuar recibiendo servicios en el establecimiento, pero no el seguimiento por parte del equipo interdisciplinario. “Crecimiento y desarrollo infantil” DIRECCIÓN NACIONAL DE CEN CINAI PÁGINA 83 DE 140 VERSIÓN: 02 PROCEDIMIENTO PROCEDIMIENTO PARA LA ATENCIÓN INTERDISCIPLINARIA DEL NIÑO O NIÑA CON MALNUTRICIÓN CÓDIGO: PRO-AI- AIM-P-01 Priorización actualizada: El equipo interdisciplinario decide si mantiene la priorización establecida o si es modificada, según los resultados obtenidos en la aplicación del plan de intervención. En el espacio correspondiente anota la nueva priorización o si la mantiene se anota la anterior. Fecha de próximo seguimiento: anote día, mes y año del próximo seguimiento que se le realizara al niño o niña. Nombre y disciplina del profesional(es) designado(s): Anotar el nombre del profesional(es) y la disciplina que ejerce la persona funcionaria que será responsable de coordinar y/o ejecutar la(s) estrategia(s) definida(s) en el plan de atención interdisciplinaria. Ejemplo: Rosa Lert Brerms, Psicóloga, quien se encargará de las sesiones grupales, María Solt Arcares, Docente, quien se encargará de coordinar con las ASSC3 la aplicación de la evaluación estado nutricional y Zeneth llerma, Nutricionista, quien se encargará de elaborar y enviar la referencia a la CCSS. © Documento propiedad de la Dirección Nacional de CEN CINAI, prohibida su modificación total o parcial Fecha de aprobación: 15/07/201 “Crecimiento y desarrollo infantil” DIRECCIÓN NACIONAL DE CEN CINAI PÁGINA 84 DE 140",,,
corta_098,corta,¿Qué indicadores antropométricos son obligatorios para la valoración nutricional de la población escolar mayor de 5 años?,Se deben aplicar obligatoriamente los indicadores de Talla para Edad (T/E) e Índice de Masa Corporal (IMC).,"Para la valoración nutricional obligatoria de la población escolar y adolescente mayor de 5 años (≥5 años) se deben utilizar los siguientes indicadores antropométricos:
1. **Índice de Masa Corporal (IMC) para la edad**
2. **Talla para la Edad (T/E)**","""Para igual o mayores de 5 años (≥5 años): Se requiere la información de los indicadores IMC (Índice de Masa Corporal) y T/E (Talla para edad).""",NO_MATCH,2,0.6,DVS_norma_nacional_uso_graficas_antropometricas_valoracion_nutriciol_0-19_2017.pdf,Para igual o mayores de 5 años (≥5 años): Se requiere la información de los indicadores IMC (Índice de Masa Corporal) y T,"de capacitación y actualización a su personal para la adecuada toma de medidas antropométricas y uso de las gráficas. Al realizar una valoración nutricional en la población de 0 a menos de 19 años, si se detecta una clasificación fuera del rango normal , deberá referirse el paciente al establecimiento de salud donde corresponda según protocolos inst itucionales o intersectoriales. En niños y niñas nacidos antes de las 37 semanas deberán valorarse con las gráficas de crecimiento para niños nacidos pretérmino, posteriormente se dará seguimiento a ese niño con las gráficas correspondientes y la edad corregida. 26 En niños y niñas menores de 5 años se debe utilizar los tres indicadores antropométricos peso para edad , peso para talla y talla para edad, con el fin de obtener una adecuada e integral valoración nutricional. El indicador peso para edad en niños y niñas debe analizarse de manera conjunta con los otros indicadores de talla o longitud para la edad y peso/talla , debido a que por sí solo el indicador Peso para edad no permite identificar estado nutricional. En niños, niñas y adolescentes de 5 a menores de 19 años de edad deberán analizarse de manera conjunta los indicadores de talla para edad e IMC para una adecuada e integral valoración nutricional. Se deben hacer referencias a un establecimiento de salud de acuerdo con los protocolos institucionales e intersectoriales establecidos , en caso de observarse las siguientes clasificaciones del estado nutricional: ESTADO NUTRICIONAL Según gráfica Peso para Talla por edad y sexo de 0 a menos de 5 años Según gráfica de Índice de Masa Corporal por edad y sexo de 5 a menos de 19 años Obesidad En o por encima de la línea de +3DE. En o por encima de la línea de +2DE. Sobrepeso En o por",,,
abierta_001,abierta,"Explique cómo el sistema de semáforo (verde/amarillo/rojo) del EDIN/EDIN II determina las acciones que debe tomar el equipo interdisciplinario, comparando qué cambia entre un resultado y otro.","El sistema de semáforo clasifica el nivel de desarrollo para definir la intensidad del abordaje: el verde indica un desarrollo normal donde solo se mantienen actividades de promoción y recomendaciones al hogar. El amarillo (rezago) activa el diseño de un plan de estimulación específico y una revisión de estrategias tras tres meses; si el rezago persiste, se debe actualizar el plan o valorar referencias. El rojo (riesgo de retraso) representa la mayor alerta, obligando a una referencia inmediata al equipo interdisciplinario para una valoración profunda y, de ser necesario, la coordinación con servicios de salud externos como la CCSS.","El sistema de semáforo (Verde / Amarillo / Rojo) de la prueba EDIN / EDIN II determina el nivel de desarrollo infantil y dicta las acciones escalonadas del equipo interdisciplinario y del personal de establecimiento:

1. **Resultado Verde (Adecuado):**
   - *Significado:* La niña o el niño cumple con todas las conductas e hitos esperados para su grupo de edad en las cinco áreas evaluadas.
   - *Acción:* Se mantiene en seguimiento de rutina dentro del establecimiento. Para niños mayores de 3 años la evaluación se repite 1 vez al año; para menores de 3 años se repite 2 veces al año (al cambiar de grupo de edad). No requiere plan individualizado ni intervención del equipo interdisciplinario.

2. **Resultado Amarillo (Rezago en el desarrollo):**
   - *Significado:* El niño no cumple con las conductas esperadas para su edad en 1 o 2 áreas/niveles, pero no se considera un retraso significativo porque sí logra las conductas de la edad anterior.
   - *Acción:* El personal del establecimiento elabora y aplica un plan de estimulación en el aula u hogar durante un período de **3 meses**. Si transcurridos los 3 meses el rezago no se supera y persiste en amarillo, el caso se remite para análisis del equipo interdisciplinario de la Oficina Local, el cual actualiza la estrategia y el plan de estimulación.

3. **Resultado Rojo (Riesgo de retraso en el desarrollo):**
   - *Significado:* El niño presenta 3 o más áreas en nivel bajo, o no logra cumplir las conductas de la edad anterior (retraso significativo).
   - *Acción:* Exige la **referencia obligatoria e inmediata al equipo interdisciplinario** de la Oficina Local. El equipo realiza una valoración integral especializada, diseña un Plan de Atención Interdisciplinaria individualizado, establece seguimiento estrecho (Prioridad 1 o 2) y gestiona la referencia a la CCSS u otras instituciones externas si se identifican patologías o alteraciones del desarrollo que lo requieran.","""Resultado adecuado (Verde)... Rezago en el desarrollo (Amarillo)... Riesgo de retraso del desarrollo (Rojo)..."" / ""Si los niños o niñas no logran superar el rezago [amarillo a los 3 meses], el equipo interdisciplinario actualiza la estrategia... Cuando presenta resultados global rojo... debe ser referido al equipo interdisciplinario...""",NO_MATCH,2,0.6,Procedimiento_Vigilancia_Crecimientoydesarrollo_intrayextramurosUIVCD.pdf,Cuando presenta resultados global rojo...,"en todas las áreas del desarrollo (global verde) una vez al año.  Niña o niño con resultado global amarillo, dos veces al año.  Niña o niño con resultado global rojo, dos veces al año y referencia al equipo interdisciplinario para su atención. Lista de Cotejo de patrones de hábitos de salud.  Cada vez que se aplica el EDIN II  Cada vez que se aplica el EDIN II Evaluación del Desarrollo del Escolar (EVADE).  En la selección.  Niña o niño con resultados de adecuado en todas las áreas del desarrollo una vez al año.  Niña o niño con resultado 1 o 0 puntos en una o más áreas del desarrollo con logro de la edad anterior dos veces al año.  Niña o niño con resultado 1 o 0 puntos en una o más áreas del desarrollo sin logro de la edad anterior dos veces al año y referencia al equipo interdisciplinario para su atención.  En la selección de niñas y niños de la modalidad de servicio DAF.  Niña o niño en DAF con resultados de adecuado en todas las áreas del desarrollo una vez al año.  Niña o niño en DAF con resultado 1 o 0 puntos en una o más áreas del desarrollo con logro de la edad anterior dos veces al año.  Niña o niño en DAF con resultado 1 o 0 puntos en una o más áreas del desarrollo sin logro de la edad anterior dos veces al año y referencia al equipo interdisciplinario para su atención. Evaluación de Prueba Auditiva de las tarjetas.  Se aplica a niñas y niños mayores de tres años  En el primer trimestre del año  Niña o niño con resultados de dudoso o mal dos veces al año,",,,
abierta_003,abierta,"Describa el proceso completo desde la detección de un niño con malnutrición hasta su egreso por evolución satisfactoria, señalando los responsables en cada etapa.","El proceso inicia con la detección por parte del personal ASSC 3/2 o profesional del establecimiento, quienes deben referir el caso en un máximo de 5 días hábiles. Posteriormente, el equipo interdisciplinario de la Oficina Local sesiona mensualmente para analizar, priorizar el caso en grupos de riesgo y diseñar el Plan de Atención. Se ejecutan estrategias de seguimiento (individual, grupal o familiar) y se registran avances en la herramienta Excel. El egreso satisfactorio lo dictamina el equipo interdisciplinario cuando se documenta la recuperación del estado nutricional normal y la superación de los rezagos en el desarrollo.","El proceso completo de atención interdisciplinaria abarca seis etapas secuenciales con sus respectivos responsables:

1. **Detección y Referencia Inicial (Nivel Establecimiento):**
   - *Acción:* Al realizar la toma antropométrica rutinaria o revisar expedientes, se identifica un niño con malnutrición (por defecto o por exceso). Se completa el *Instrumento de detección del niño o niña con malnutrición* en físico y se envía a la Oficina Local en un plazo máximo de 5 días hábiles.
   - *Responsables:* Personal ASSC 2, ASSC 3 o Profesional del establecimiento.

2. **Recepción, Registro e Inclusión Digital (Nivel Oficina Local):**
   - *Acción:* La Jefatura de la Oficina Local recibe el instrumento, revisa la información y la entrega al equipo interdisciplinario. Se digita el caso en la *Herramienta para el seguimiento interdisciplinario* en Excel, asignándole código y aperturando el expediente foliado.
   - *Responsables:* Jefatura de Oficina Local y Equipo Interdisciplinario.

3. **Análisis, Clasificación de Grupo y Priorización (Sesión Interdisciplinaria):**
   - *Acción:* En la sesión mensual de trabajo del equipo, se analiza integralmente la antropometría (verificando el puntaje Z en Anthro), la prueba de desarrollo (EDIN II / EVADE) y la presencia de factores de riesgo social. Se asigna el Grupo (A al J) y el Nivel de Prioridad (Prioridad 1, 2, 3 o 4).
   - *Responsables:* Equipo Interdisciplinario de la Oficina Local (Nutrición, Psicología, Educación, Terapia de Lenguaje, Trabajo Social, Enfermería) y Profesional en Nutrición.

4. **Elaboración y Ejecución del Plan de Atención Interdisciplinaria:**
   - *Acción:* Se formula un plan individualizado que incluye intervenciones nutricionales, planes de estimulación, visitas domiciliarias, consejería familiar y coordinaciones intersectoriales mediante el Instrumento de Referencia y Contrarreferencia (CCSS, PANI, IMAS).
   - *Responsables:* Equipo Interdisciplinario de Oficina Local y Personal del establecimiento.

5. **Monitoreo y Seguimientos Subsecuentes:**
   - *Acción:* Se efectúan las evaluaciones periódicas según la prioridad (p. ej., máximo cada 2 meses en Prioridad 1; cada 3 meses en Prioridad 2). Se completan los *Instrumentos de seguimiento* en físico, se actualiza la herramienta digital y se entrega la Hoja de reporte al hogar a la familia.
   - *Responsables:* Equipo Interdisciplinario de la Oficina Local.

6. **Egreso por Evolución Satisfactoria (Alta del Procedimiento):**
   - *Acción:* Cuando el niño alcanza el estado nutricional normal en todos sus indicadores y supera los riesgos identificados, el equipo decreta el egreso satisfactorio. En la modalidad DAF, el niño pasa al Grupo J (Prioridad 4) para cumplir su año de periodo de protección. Se registra el cierre en la herramienta de Excel (*Egreso Satisf.*) y se archiva el expediente foliado.
   - *Responsables:* Equipo Interdisciplinario de la Oficina Local.","""Tarea 1 a Tarea 16 del Procedimiento... Detección... Referencia... Priorización... Plan de atención... Seguimientos... Egreso por evolución satisfactoria...""",NO_MATCH,5,0.5455,Procedimiento_Atencin_Interdisciplinaria_Malnutricin_Versin_02_2020.pdf,"""Tarea 1 a Tarea 16 del Procedimiento... Detección... Referencia... Priorización... Plan de atención... Seguimientos... Egreso por evolución satisfactoria...""","seguimiento malnutrición del equipo interdisciplinario. b) Estrategias de abordaje interdisciplinario de niño o niña con malnutrición. c) Expediente interdisciplinario de niñas y niños con malnutrición: instrumento de detección y seguimiento interdisciplinario de cada niño o niña con malnutrición. Al menos una vez al mes, en sesión de trabajo del equipo interdisciplinario, conforme progreso de casos con malnutrición. Equipo interdisciplinario de la O/f_icina Local. DIRECCIÓN NACIONAL DE CEN CINAI PÁGINA 31 DE 140 VERSIÓN: 02 PROCEDIMIENTO PROCEDIMIENTO PARA LA ATENCIÓN INTERDISCIPLINARIA DEL NIÑO O NIÑA CON MALNUTRICIÓN CÓDIGO: PRO-AI-AIM-P-01 N° Tarea Método Documentos de referencias e instrumentos Periodicidad Responsables Se hace uso de la información arrojada por la herramienta de seguimiento interdisciplinario al niño o niña con malnutrición, para que el equipo interdisciplinario analice la evolución, tendencia y priorización del caso. Se veri/f_ica si el niño o la niña mantiene o mejora su estado nutricional. Conjuntamente se de/f_ine si aplica dar de alta y se emite recomendaciones para el ASSC3. Si se valora que continúa en seguimiento, los responsables del abordaje integral, de/f_inirán las acciones o estrategias a seguir para mejorar el estado nutricional del niño o la niña. En caso de deterioro se debe realizar visita domiciliar. Se toman acuerdos sobre alta del caso recuperado y se actualiza la herramienta de seguimiento interdisciplinario al niño o niña con malnutrición. Se designa un profesional como responsable del cierre del caso. Se informa al padre, madre o responsable del niño o niña y al personal del establecimiento de origen del caso, para su anotación en el expediente respectivo. Se dispone de la papelería y documentación completa, ordenada y accesible para consulta. d) Instrumento Seguimiento interdisciplinario del niño o niña con malnutrición. e) So/f_tware anthro. f) Herramienta de seguimiento interdisciplinario al niño o niña con malnutrición. g) Patrones de crecimiento para niños y",,,
abierta_004,abierta,"Analice cómo el procedimiento integra factores de riesgo social (violencia intrafamiliar, pobreza, drogas) junto con los criterios antropométricos para definir la prioridad de atención de un caso.","El procedimiento utiliza un enfoque integral donde el riesgo social puede elevar la prioridad de atención independientemente del estado nutricional; por ejemplo, los Grupos B, E y H se clasifican como Prioridad 1 o 2 si presentan indicadores antropométricos de malnutrición acompañados de ""presencia significativa"" de riesgos sociales como violencia, alcoholismo o pobreza extrema. Esta integración permite que el equipo interdisciplinario focalice recursos en casos donde el entorno familiar o comunitario compromete la viabilidad de la recuperación física del menor.","El procedimiento articula de manera integral el diagnóstico nutricional biomédico con la evaluación de los determinantes sociales de la salud mediante un modelo multidimensional para la priorización de casos:

1. **Estructura de la Valoración Multidimensional:**
   - *Criterios Antropométricos:* Clasificación del estado nutricional (desnutrición severa, desnutrición, bajo peso, sobrepeso, obesidad, baja talla severa).
   - *Criterios del Desarrollo:* Resultado en EDIN II o EVADE (Adecuado/Verde, Rezago/Amarillo, Riesgo de retraso/Rojo).
   - *Factores de Riesgo Social y Familiar:* Presencia de indicadores de vulnerabilidad como violencia intrafamiliar (VIF), adicción/consumo de drogas en el hogar, pobreza o pobreza extrema, negligencia en la crianza, falta de agua potable o inadecuada disposición de excretas/basura.

2. **Mecanismo de Integración para la Priorización:**
   - Los factores de riesgo social actúan como **modificadores del nivel de gravedad y prioridad**:
     - **Prioridad 1 (Gravedad Máxima - Grupos A, B, D, G):** Se asigna a casos con malnutrición severa O casos con malnutrición moderada/obesidad QUE PRESENTAN además rezago/riesgo en el desarrollo O factores de riesgo social graves (VIF, drogas, extrema pobreza).
     - **Prioridad 2 (Gravedad Media - Grupos C, E, H):** Se asigna a niños con malnutrición que presentan factores de riesgo social acumulados, pero con desarrollo adecuado o sin severidad antropométrica extrema.
     - **Prioridad 3 (Gravedad Menor - Grupos F, I):** Se reserva para niños con malnutrición y desarrollo adecuado en los cuales **NO se identifican factores de riesgo social ni familiar**.

3. **Impacto Operativo de la Integración:**
   - La presencia de factores de riesgo social **acorta los plazos de respuesta obligatorios** (primer seguimiento en máximo 1 mes para Prioridad 1 frente a 3-4 meses para Prioridad 3).
   - Activa de forma inmediata la intervención de disciplinas como **Trabajo Social y Psicología** para abordar la dinámica familiar, efectuar visitas domiciliarias y tramitar referencias intersectoriales prioritarias ante el PANI, IMAS o el Ministerio Público.","""...el equipo de profesionales define de manera conjunta y colaborativa, el nivel de prioridad de cada caso, considerando aspectos de salud, estado nutricional, nivel del desarrollo, datos del grupo familiar, riesgo social, entre otros determinantes sociales de la salud...""",REVIEW,1,0.8,Procedimiento_Atencin_Interdisciplinaria_Malnutricin_Versin_02_2020.pdf,"...el equipo de profesionales define de manera conjunta y colaborativa, el nivel de prioridad de cada caso, considerando aspectos de salud, estado nutricional, nivel del desarrollo, datos del grupo familiar, riesgo social, entre otros determinantes sociales de la salud...","la priorización y de/f_ine la estrategia inicial de abordaje interdisciplinario con la información disponible en el momento. Para ello, pueden registrar en la herramienta la información del instrumento de detección con el /f_in de que facilite realizar la priorización (empleando /f_iltros). Este registro en la herramienta, puede realizarse previo o durante la sesión. Considerar como insumo, factores de riesgo tales como: salud individual niño o niña, datos del grupo familiar o la comunidad, por ejemplo: estado nutricional, nivel del desarrollo, riesgo social, violencia familiar, entre otros determinantes sociales de la salud donde el niño o niña crece. De manera conjunta y colaborativa se de/f_ine su prioridad, el objetivo del plan de atención, la estrategia de atención que se implementará, ya sea por medio de: visita domiciliar, atención individual, grupal, contexto, consejería u otra y se designa la fecha del primer seguimiento y al o los responsables del seguimiento. Esto se registra en el Instrumento de detección. a) Instrumento de detección del niño o niña con malnutrición completado. b) Referencias recibidas de otras instituciones. c) Expediente del niño o niña o información proporcionada por otros funcionarios/as. d) Sistema de caracterización del ambiente familiar o de hogar (CAF o CAH). e) Lineamientos de priorización con base en grupos de riesgo para la atención y seguimiento interdisciplinario del niño o niña con malnutrición. (Anexo 1). f) Lineamientos para la evaluación del desarrollo en la atención interdisciplinaria de niños y niñas con malnutrición. (Anexo 2). g) Estrategias con enfoque de salud pública para la atención y seguimiento interdisciplinario del niño o niña con malnutrición. (Anexo 3). h) DISSEN del establecimiento. Al menos una vez al mes, cuando se detecta caso, o cuando se da el plazo de valorar seguimientos. Equipo interdisciplinario de O/f_icina Local. DIRECCIÓN NACIONAL DE CEN CINAI PÁGINA 26 DE 140 VERSIÓN:",,,
abierta_005,abierta,"¿Cómo se relaciona el rol de la UIVCD en el nivel central con el trabajo del equipo interdisciplinario en el nivel local, considerando el flujo de información descrito en el procedimiento?","La relación es de retroalimentación técnica y normativa: el nivel local genera la información primaria mediante la digitación de tamizajes en herramientas Excel y bitácoras de seguimiento. Esta información fluye hacia las Direcciones Regionales y finalmente a la UIVCD, que se encarga de analizar los datos a nivel nacional para generar informes de ""Datos Básicos"" e infografías de gestión. Con estos insumos, la UIVCD actualiza las normas y manuales que orientan el trabajo operativo local, cerrando el ciclo de mejora continua basada en evidencia.","La relación entre la Unidad de Investigación y Vigilancia del Crecimiento y Desarrollo (UIVCD) en el nivel central y el equipo interdisciplinario en el nivel local se articula a través de un ciclo continuo de retroalimentación técnica y flujo bidireccional de información:

1. **Flujo de Información Ascendente (Local → Central):**
   - *Captura Primaria:* El equipo interdisciplinario de la Oficina Local recolecta los datos de los tamizajes de los niños en los establecimientos, los digita en la *Herramienta para el seguimiento interdisciplinario* en Excel y consolida los datos locales.
   - *Consolidación y Filtrado Regional:* La Oficina Local envía la herramienta al Área Técnica Regional, donde se valida la calidad mediante la Guía del Anexo 5.
   - *Envío al Nivel Central:* En la primera semana de diciembre (herramientas) y febrero del año siguiente (informe anual), el Área Técnica Regional remite las herramientas consolidadas e informes a la UIVCD en el nivel central.

2. **Procesamiento y Análisis Nacional en la UIVCD:**
   - La UIVCD recibe y consolida la base de datos nacional, realiza el control de calidad institucional, elabora los estudios de datos básicos (SISVENDIS), los reportes estadísticos cantonales/provinciales y conduce las investigaciones operativas y estudios de efectos de los servicios CEN-CINAI en la salud infantil del país.

3. **Flujo de Información Descendente y Dirección Técnica (Central → Local):**
   - *Estandarización y Normativa:* La UIVCD diseña, actualiza e imparte los manuales, pruebas (EDIN II), herramientas digitales y guías técnicas que deben aplicar de forma obligatoria los equipos locales.
   - *Retroalimentación y Asistencia Técnica:* La UIVCD emite informes de resultados nacionales y regionales, e identifica Oficinas Locales o regiones con inconsistencias en los datos o prevalencias elevadas de malnutrición para priorizar acciones de acompañamiento técnico, capacitación y asignación de recursos.","""Oficina Local: Recopila y digita en la herramienta Excel... Área Técnica Regional: Elabora el consolidado regional y envía a la UIVCD... UIVCD-DT: Elabora el informe nacional y realiza la evaluación de efectos...""",REVIEW,1,0.8571,SISVENDIS-2023.pdf,UIVCD-DT: Elabora el informe nacional y realiza la evaluación de efectos...,"en la implementación de procedimientos de vigilancia y de uso de guías, instrumentos y normativa relacionada • Emite y da seguimiento a los reportes de asesoría técnica que planifica y realiza • Implementa supervisión capacitante con calidad y oportunidad los procedimientos de atención interdisciplinaria • Emite reportes e infografía de datos básicos de vigilancia de salud, crecimiento y desarrollo, del ASISSEN, atención interdisciplinaria y otros • Asesora a la persona Director Regional en temas de vigilancia del crecimiento y desarrollo, así como de los hallazgos • Mantiene actualizada su conocimiento y dominio de la normativa sustantiva vigente Equipo UIVCD y Jefatura • Planifica, convoca, ejecuta y reporta acciones de asistencia técnica en la mejora de capacidades en la implementación de procedimientos de vigilancia y de uso de guías, instrumentos y normativa relacionada • Emite y da seguimiento a los reportes de asistencia técnica que planifica y realiza • Mantiene actualizada con calidad y oportunidad los procedimientos relacionados con la vigilancia de la salud, estado nutricional, desarrollo infantil • Mantener coordinación con la Unidad de Normalización y Asistencia Técnica (UNAT) sobre la armonización y actualización de la normativa relacionada con los servicios sustantivos • Elabora y emite informes anuales del nivel nacional de datos básicos de vigilancia de salud, crecimiento y desarrollo, del ASISSEN, atención interdisciplinaria y otros • Planifica y ejecuta estudios de evaluación de efectos y otros relacionados con la vigilancia infantil • Asesora a la persona Directora Técnica en temas de vigilancia del crecimiento y desarrollo, así como de los hallazgos • Mantiene actualizada su conocimiento en sistemas de vigilancia DIRECCIÓN NACIONAL DE CEN-CINAI Código: DNCC-DT-UIVCD-MAN-04-2023 DIRECCIÓN TÉCNICA Unidad de Investigación y Vigilancia Crecimiento y Desarrollo Fecha: 17/07/2023 Versión: 1 Sistema de vigilancia del estado nutricional, del desarrollo infantil y salud en CEN-CINAI: modelo operativo SISVENDIS Página 31",,,
abierta_007,abierta,"¿Qué diferencias existen entre una referencia hacia otra institución (CCSS, MEP, PANI, IMAS) y el manejo interno de un caso dentro de CEN-CINAI, en términos de responsabilidades y seguimiento?","El manejo interno implica que CEN-CINAI mantiene la custodia del caso, aplicando planes de estimulación, educación alimentaria y seguimiento nutricional directo por su equipo interdisciplinario. Por el contrario, la referencia externa traslada la responsabilidad de la atención especializada (clínica en CCSS, protección legal en PANI o educativa en MEP) a la institución competente. No obstante, CEN-CINAI no abandona el caso, sino que debe mantener una coordinación intersectorial y seguimiento con el grupo familiar para asegurar que el niño reciba las atenciones referidas.","Existen diferencias sustanciales en términos de responsabilidades y seguimiento:
1. **Manejo Interno en CEN-CINAI:**
   - *Responsabilidades:* El equipo interdisciplinario de la Oficina Local asume directamente la evaluación integral, clasificación de riesgo, diseño y ejecución del Plan de Atención Interdisciplinaria, utilizando las modalidades y estrategias institucionales (atención individualizada, sesiones grupales, visitas domiciliarias, entrega de paquete DAF o kit de estimulación) en coordinación con el personal del establecimiento.
   - *Seguimiento:* Es un control directo y continuo con plazos obligatorios de reevaluación periódica según la prioridad (Prioridad 1: máximo cada 2 meses; Prioridad 2: máximo cada 3 meses), registrando la evolución en la herramienta digital y los instrumentos de seguimiento.
2. **Referencia a otra institución (CCSS, MEP, PANI, IMAS):**
   - *Responsabilidades:* Se activa cuando el caso requiere atención que trasciende el ámbito de CEN-CINAI (atención médica/clínica ante la CCSS, protección de derechos o denuncias ante el PANI, subsidios sociales ante el IMAS o adecuaciones educativas ante el MEP). La responsabilidad del diagnóstico clínico, tratamiento especializado o medida legal recae en la institución receptora.
   - *Seguimiento:* CEN-CINAI no realiza la intervención clínica ni sustituye las competencias externas, pero el equipo mantiene la responsabilidad de monitorear el estado de la referencia enviada mediante el *Instrumento de Referencia y Contrarreferencia Intersectorial (RISA)*, verificando la recepción de la contrarreferencia e integrando las recomendaciones externas en el plan de atención mientras el menor continúe inscrito en CEN-CINAI.","""...cuando se considere necesario se activa el Sistema de Referencia y Contrareferencia..."" / ""Cualquier miembro del equipo interdisciplinario realiza las referencias a otras instituciones... y da seguimiento a la misma...""",NO_MATCH,1,0.5,SISVENDIS-2023.pdf,Cualquier miembro del equipo interdisciplinario realiza las referencias a otras instituciones...,"las referencias y contra-referencias, ya sea a los equipos de profesionales de diversas disciplinas que laboran en las Oficinas Locales de CEN-CINAI o a otras instituciones. El proceder de las referencias está contemplado en los procedimientos indicados en el Marco Normativo. Los equipos de profesionales que laboran en las Oficinas Locales, están principalmente integrados por especialidades de Nutrición, Psicología, Educación Preescolar y Terapia de Lenguaje, estas personas profesionales realizan la atención interdisciplinaria con enfoque de salud pública , considerando las determinantes sociales de la salud en el entorno y siguiendo los principios de atención primaria en salud. Para realizar la atención interdisciplinaria, las personas profesionales deben mantener los criterios de ética, respecto y calidad profesional, así como el compromiso de guardar confidencialidad de la información sensible y privada de las niñas y los niños. Los principios de atención primaria en salud, se refieren al acceso a la atención y cobertura, equidad orientada a la justifica s ocial y participación de la comunidad. Por lo tanto, para la atención interdisciplinaria se tiene presente los siguiente: Todos los niños y las niñas detectados con malnutrición o situación de riesgo biopsicosocial se deben beneficiar con las estrategias de abordaje interdisciplinario para la promoción de salud, crecimiento y desarrollo, la cual se define de acuerdo con la información disponible y los riesgos que presenta. DIRECCIÓN NACIONAL DE CEN-CINAI Código: DNCC-DT-UIVCD-MAN-04-2023 DIRECCIÓN TÉCNICA Unidad de Investigación y Vigilancia Crecimiento y Desarrollo Fecha: 17/07/2023 Versión: 1 Sistema de vigilancia del estado nutricional, del desarrollo infantil y salud en CEN-CINAI: modelo operativo SISVENDIS Página 40 de 79 Dirección Nacional de CEN-CINAI “Crecimiento y Desarrollo Integral para las niñas y los niños” De la esquina suroeste del parque Braulio Carrillo 100 metros al sur, Avenida 4 y 6, Calle 14 Tel: 2258-7918 / dir.nacional@cen-cinai.go.cr / www.cen-cinai.go.cr Del grupo",,,
abierta_008,abierta,Analice cómo el procedimiento garantiza tanto la calidad de la información registrada como la confidencialidad de los datos de los niños y niñas atendidos.,"La calidad se asegura mediante guías de revisión obligatorias para las jefaturas, quienes aplican filtros en la herramienta Excel para detectar datos extremos, no congruentes o errores de cálculo como ""#¡VALOR!"". La confidencialidad se garantiza a través del resguardo físico de los expedientes debidamente foliados en las Oficinas Locales y el manejo restringido de las bases de datos digitales. Además, el procedimiento permite el registro de menores bajo la etiqueta de ""indocumentado"" para asegurar su atención sin vulnerar su seguridad jurídica o social.","El procedimiento articula mecanismos dobles de control de calidad y protección de datos:
1. **Garantía de Calidad de la Información:**
   - Exige la estandarización de formularios físicos (detección y seguimiento) y el uso obligatorio del *software Anthro* por parte del Profesional en Nutrición para validar el cálculo de los puntajes Z antropométricos.
   - Establece la aplicación cuatrimestral de la *Guía de revisión de calidad de la herramienta* (Anexo 5) por las Jefaturas de Oficina Local y Áreas Técnicas Regionales, la cual verifica mediante filtros en Excel la ausencia de datos incoherentes, extremos, celdas en blanco o errores como `¡Valor!` o `REFF!`.
   - Incorpora el uso del Formulario de Autoevaluación y Supervisión (FAES) para monitorear el cumplimiento del procedimiento.
2. **Garantía de Confidencialidad:**
   - Se fundamenta estrictamente en la Ley Nº 8968 (Protección de la Persona frente al Tratamiento de sus Datos Personales) y normas de ética pública.
   - Dispone la custodia física centralizada de los expedientes originales en un ampo/folder único ubicado en la sede de la Oficina Local, con acceso restringido exclusivamente a los miembros del equipo interdisciplinario y su jefatura.
   - Para información de alta sensibilidad (violencia intrafamiliar, abusos o situaciones psicosociales complejas), el procedimiento autoriza a los profesionales a mantener sus anotaciones detalladas en su propia documentación privada fuera del expediente compartido.
   - En caso de traslado de expediente entre sedes, se exige su envío dentro de sobre sellado rotulado confidencialmente y dirigido al Jefe de Oficina Local de destino con oficio formal de acuse de recibido.","""Todo funcionario... deberá cumplir con las reglas de ética profesional y de confidencialidad... Ley 8968..."" / ""Para la revisión de la calidad de los datos de la herramienta... se utiliza la Guía de revisión de calidad..."" / ""anotaciones más detalladas y propias de la especialidad... estará bajo la custodia del profesional respectivo y no se archivan como parte del expediente.""",REVIEW,4,0.875,Procedimiento_Atencin_Interdisciplinaria_Malnutricin_Versin_02_2020.pdf,estará bajo la custodia del profesional respectivo y no se archivan como parte del expediente.,"de la especialidad profesional, ya sea por ser de alta sensibilidad para el grupo familiar o del caso, se establece que esas anotaciones las realice cada profesional en su propia documentación, de manera que se respeta la intimidad de cada caso y se protege los derechos del niño o niña. Estas anotaciones estarán bajo la custodia del profesional respectivo y no se archivan como parte del expediente. 4. En sesión de equipo interdisciplinario (itinerante) para la atención del niño o niña con malnutrición, el profesional respectivo informa al resto del equipo que ha procedido a realizar anotaciones específicas y especializadas bajo su custodia. 5. En todo caso en el instrumento de seguimiento interdisciplinario del niño o niña con malnutrición, el profesional o profesionales designados deberá incluir observaciones y recomendaciones para continuar con el plan de atención del niño o niña con malnutrición, que es parte del expediente. “Crecimiento y desarrollo infantil” DIRECCIÓN NACIONAL DE CEN CINAI PÁGINA 123 DE 140 VERSIÓN: 02 PROCEDIMIENTO PROCEDIMIENTO PARA LA ATENCIÓN INTERDISCIPLINARIA DEL NIÑO O NIÑA CON MALNUTRICIÓN CÓDIGO: PRO-AI- AIM-P-01 CUSTODIA DE EXPEDIENTE ATENCIÓN INTERDISICPLINARIA DEL NIÑO O NIÑA CON M AL NU T R I C I O N : 1. Después de cada sesión donde se conoció el caso y el equipo interdisciplinario (itinerante) completó el instrumento de seguimiento interdisciplinario del niño o niña con malnutrición, se procede a incluir este documento físico en el expediente del niño o niña con malnutrición. 2. El expediente completo del niño o niña con malnutrición se archiva en el ampo, folder o archivo que el equipo interdisciplinario (itinerante) ha definido como lugar de custodia y protección de todos los expedientes, ubicado en la sede de la Oficina Local correspondiente. 3. Cualquier miembro del equipo interdisciplinario (itinerante) y jefatura de Oficina Local tendrá acceso al",,,
abierta_010,abierta,"Explique cómo el procedimiento maneja los casos en los que un niño o niña recupera su estado nutricional pero mantiene rezago en el desarrollo, incluyendo el concepto de ""período de protección"".","Cuando un niño alcanza la normalidad nutricional pero persiste un rezago (amarillo) o riesgo (rojo) en el desarrollo, el equipo interdisciplinario debe mantener las estrategias de seguimiento en sesiones de apoyo hasta que se logre el progreso esperado. En el caso específico de los beneficiarios del servicio DAF, al recuperar su estado normal inician un ""año de protección"" (clasificados en Grupo J, Prioridad 4), donde se les continúa brindando el beneficio alimentario mientras el equipo asegura la consolidación de su estado nutricional y de desarrollo integral.","Cuando un niño o niña recupera su estado nutricional normal pero mantiene rezago o riesgo en su nivel de desarrollo, el procedimiento establece la siguiente conducta técnica y el uso del ""período de protección"":
1. **Manejo del Rezago en el Desarrollo:**
   - El caso **NO se da de alta del procedimiento**. Aunque el componente nutricional se reporte como normalizado, las estrategias interdisciplinarias enfocadas en el área del desarrollo (plan de estimulación, consejería a padres, sesiones educativas o intervención por Psicología y Educación Preescolar) se mantienen activas y se reevalúan periódicamente hasta que el menor alcance un resultado adecuado (Verde).
2. **Concepto y Manejo del ""Período de Protección"":**
   - Este concepto aplica a los niños inscritos en el servicio de Distribución de Alimentos a Familias (**DAF**).
   - El **Período de Protección** es un plazo garantizado de **un año (12 meses)** de permanencia en el servicio DAF, el cual inicia a partir de la fecha de la valoración nutricional en la que se confirma por primera vez la recuperación del estado nutricional normal en todos sus indicadores.
   - En la herramienta digital, el menor se reasigna al **Grupo J (Prioridad 4)**, registrándose la fecha de inicio del período de protección y la fecha estimada de exclusión.
   - Se mantiene la entrega mensual del paquete DAF para proteger la estabilidad nutricional del menor. A los 10 meses de estar en período de protección, se efectúa un control obligatorio de peso y talla para verificar la persistencia de la normalidad nutricional antes de confirmar la exclusión del DAF al cumplir los 12 meses.","""Grupo J Prioridad 4: Niños y niñas que reciben DAF y han recuperado su estado nutricional normal... se inicia el año de protección en DAF... para que controle el peso y talla a los 10 meses de estar en periodo de protección y verifique su ENU normal...""",NO_MATCH,1,0.4545,Manual-operativo-Evaluacion-estado-nutricional-2019.pdf,Grupo J Prioridad 4: Niños y niñas que reciben DAF y han recuperado su estado nutricional normal...,"crecimiento y desarrollo Infanti” . Estos servicios de nutrición preventiva los realiza mediante la entrega de alimentación complementaria y la vigilancia del estado nutricional y el desarrollo infantil. (Ministerio de Salud, 2007) La vigilancia del estado nutricional permite detectar si el niño o niña tiene un problema de crecimiento o una tendencia que puede llevarlo a un problema de crecimiento, por lo tanto, los funcionarios de salud deben identificar y abordar las causas del crecimiento inadecuado, con esa base tomar acciones de promoción y prevención de la malnutrición, que deben estar apoyadas por programas de mejoramiento de la salud del niño y la niña. Asimismo, en condiciones de extrema pobreza o emergencias, la evaluación del crecimiento pretende identificar niños y niñas que necesitan intervenciones urgentes; tales como atención clínica nutricional, o consejería nutricional y la inclusión en programa de alimentación complementaria, para prevenir el avance del deterioro nutricional o la muerte (Organización Mundial de la Salud, 2006). Por lo tanto, la información y capacitación con la que cuenten las personas que proveen los servicios, de evaluar el estado nutricional de la población, es fundamental para generar las intervenciones nutricionales que los niños y niñas, clientes, necesitan y así contribuir a generarle bienestar y salud. El estado nutricional de una población es un indicador de su estado de salud. De ello va a depender el correcto funcionamiento y la composición del cuerpo, el cual se obtiene de una adecuada alimentación y nutrición. La valoración del estado nutricional proporciona información para conocer tempranamente la magnitud y características de problemas nutricionales y orientar posibles acciones tendientes a corregir los problemas encontrados (Bizarri, S. y Bermudez, A, 2005). La importancia de las referencias antropométricas radica en que permiten relacionar los procesos fisiológicos, que deben darse de forma normal durante la vida fetal y la",,,
abierta_011,abierta,"Explique las diferencias entre las modalidades ""intramuros"" y ""extramuros"" en cuanto a la frecuencia de vigilancia nutricional para un niño con estado nutricional normal.","En la modalidad intramuros (como API o Comidas Servidas), la vigilancia es más constante debido a la asistencia diaria del niño al establecimiento, permitiendo tamizajes según la programación de los servicios. Para la modalidad extramuros (como Distribución de Leche o DAF), un niño con estado nutricional normal en todos sus indicadores debe ser evaluado antropométricamente una vez al año. Sin embargo, si el niño presenta bajo peso en el indicador de Peso/Edad aun siendo normal en los demás, la frecuencia de evaluación en extramuros aumenta a dos veces por año.","La frecuencia de la vigilancia nutricional para un niño con estado nutricional normal en todos sus indicadores antropométricos varía de acuerdo con la modalidad de servicio en la que está inscrito:
1. **Modalidad Intramuros (Atención y Protección Infantil - API, Comidas Servidas):**
   - La evaluación del estado nutricional (peso, talla y ploteo de gráficas) para un niño normal se aplica **dos veces al año** (frecuencia semestral, en el primer y tercer trimestre).
2. **Modalidad Extramuros (Distribución de Leche, DAF, Creciendo Juntos):**
   - La evaluación del estado nutricional para un niño normal se aplica **una vez al año** (frecuencia anual).
3. **Punto de coincidencia:** En ambas modalidades es obligatorio realizar la evaluación antropométrica al momento de la Selección inicial.","""Niña o niño con estado nutricional normal en todos los indicadores: Intramuros: dos veces al año. Extramuros: una vez al año.""",NO_MATCH,5,0.5455,Procedimiento_Vigilancia_Crecimientoydesarrollo_intrayextramurosUIVCD.pdf,Niña o niño con estado nutricional normal en todos los indicadores: Intramuros: dos veces al año.,"con resultado global amarillo, dos veces al año.  Niña o niño con resultado global rojo, dos veces al año y referencia al equipo interdisciplinario para su atención.  Al momento de la selección: o Se aplica a toda niña o niño detectado con malnutrición. o Cuando la meta por establecimiento es menor a 50, se realiza a todo niña o niño. o Cuando la meta por establecimiento es de un rango entre 50 a 150 se aplica a toda niña o niño menor de 24 meses. Para los mayores de 24 meses se planifica un porcentaje de 20% y se les cita a lo largo del año. o Cuando la meta por establecimiento es mayor a 150 se aplica a toda niña o niño menor de 24 meses. Para los mayores de 24 meses se DIRECCIÓN NACIONAL DE CEN-CINAI DIRECCIÓN TÉCNICA UNIDAD DE INVESTIGACIÓN Y VIGILANCIA DEL CRECIMIENTO Y DESARROLLO PÁGINA 15 DE 45 VERSIÓN: 01 PROCEDIMIENTO PROCEDIMIENTO VIGILANCIA DEL CRECIMIENTO Y DESARROLLO INFANTIL EN LA MODALIDAD INTRAMUROS Y EXTRAMUROS CÓDIGO: PRO-CD-P-01 “CRECIMIENTO Y DESARROLLO MATERNO-INFANTIL” Tamizaje o evaluación y control Frecuencia de aplicación por tipo de Modalidad servicios Intramuros Extramuros planifica un porcentaje de 15% y se les cita a lo largo del año.  Niña o niño menor de 3 años con resultados de adecuado en todas las áreas del desarrollo (global verde) dos veces al año cuando hay cambio de edad según la prueba.  Niña o niño mayor de 3 años con resultados de adecuado en todas las áreas del desarrollo (global verde) una vez al año.  Niña o niño con resultado global amarillo, dos veces al año.  Niña o niño con resultado global rojo, dos veces al año y referencia al equipo interdisciplinario para su atención. Lista de Cotejo de patrones de",,,
abierta_014,abierta,Explique el flujo de información de vigilancia desde que se registra un tamizaje en el expediente clínico hasta que los datos se consolidan a nivel regional.,"El flujo inicia con el registro manual del tamizaje (peso, talla, EDIN) en el expediente físico del menor por parte del personal operativo. Estos datos son trasladados luego a la herramienta digital Excel de la Oficina Local, marcando la casilla de ""digitado"" en el instrumento físico para control. Mensualmente, las Oficinas Locales consolidan su información y la remiten a la Dirección Regional, donde el equipo ATE supervisa la calidad y genera un informe regional anual que resume el estado nutricional y de desarrollo de su población.","El flujo de información de la vigilancia del crecimiento, desarrollo y salud infantil se articula a través de tres niveles jerárquicos de gestión:

1. **Nivel Establecimiento (Nivel Local):**
   - La persona funcionaria (ASSC 2, ASSC 3 o Profesional de establecimiento) toma los tamizajes (antropometría, EDIN II, vacunas, etc.) con calidad y oportunidad, y los registra en el expediente individual de la niña o niño.
   - Anualmente, el personal del establecimiento transcribe los datos de los tamizajes consignados en los expedientes al formulario físico denominado *Formulario datos de vigilancia: salud, crecimiento y desarrollo infantil*, el cual se envía a la Oficina Local.

2. **Nivel Oficina Local (Nivel Local):**
   - La Oficina Local recopila los formularios de todos los CEN-CINAI de su jurisdicción y digita la información en la *Herramienta para el seguimiento interdisciplinario* en Excel.
   - A partir de esta herramienta, elabora el consolidado local, el *Reporte de Datos Básicos de vigilancia de Oficina Local* y las infografías cantonales con los hallazgos clave, enviando la herramienta digital Excel y el consolidado al Área Técnica Regional.

3. **Nivel Área Técnica Regional (Nivel Regional):**
   - El equipo del Área Técnica Regional revisa y valida la calidad de las herramientas de sus Oficinas Locales (aplicando la Guía del Anexo 5).
   - Genera el consolidado de la Dirección Regional, redacta el reporte regional e infografía con datos socioeconómicos y de vigilancia, y remite los archivos consolidados en febrero del año siguiente (y primera semana de diciembre para herramientas) a la Unidad de Investigación y Vigilancia del Crecimiento y Desarrollo (UIVCD) en el nivel central para el análisis nacional.","""Establecimiento: Mantiene actualizados los registros de tamizajes en los expedientes... completa manualmente el Formulario datos de vigilancia... Oficina Local: Recopila y digita en la herramienta Excel... elabora el consolidado local y envía al nivel regional... Área Técnica Regional: Elabora el consolidado de dirección regional y envía al nivel nacional...""",REVIEW,1,0.6667,Procedimiento_Vigilancia_Crecimientoydesarrollo_intrayextramurosUIVCD.pdf,Establecimiento: Mantiene actualizados los registros de tamizajes en los expedientes...,"Proceso de atención interdisciplinaria. Permanente toda vez que se recibe referencia de un caso con problemas crecimiento y desarrollo, lenguaje y entorno social donde vive crece. Profesionales de Oficina Local 17 Actualizar expedientes de salud del niña o niño con datos de vigilancia del crecimiento y desarrollo. Toda vez que se realice un tamizaje o evaluación del crecimiento y desarrollo de las niñas y niños de los servicios intra y extramuros, se debe anotar y actualizar en el expediente los resultados de la vigilancia realizada acorde a la periodicidad establecida y utilizando los instrumentos y registros establecidos para cada tipo de tamizaje o evaluación. a) Norma para: Vigilancia del Estado Nutricional, Desarrollo, Salud en Niñez y Adolescencia Código: CD-VNDS-N- 01, Versión 01-2020 b) Instrumentos de registro y reporte de tamizajes y Permanente toda vez que se realice el tamizaje o evaluación del crecimiento y desarrollo. ASSC3 ASSC2 Profesional de establecimiento DIRECCIÓN NACIONAL DE CEN-CINAI DIRECCIÓN TÉCNICA UNIDAD DE INVESTIGACIÓN Y VIGILANCIA DEL CRECIMIENTO Y DESARROLLO PÁGINA 30 DE 45 VERSIÓN: 01 PROCEDIMIENTO PROCEDIMIENTO VIGILANCIA DEL CRECIMIENTO Y DESARROLLO INFANTIL EN LA MODALIDAD INTRAMUROS Y EXTRAMUROS CÓDIGO: PRO-CD-P-01 “CRECIMIENTO Y DESARROLLO MATERNO-INFANTIL” N° Tarea Método Documentos de referencia e instrumentos Periodicidad Responsable* evaluaciones de vigilancia del crecimiento y desarrollo. a) Expediente de la niña o niño. 18 Entregar a padres, madres o personas cuidadoras el reporte al hogar de los resultados de vigilancia del crecimiento y desarrollo Se tomará del expediente de la niña o niño disponible en el establecimiento, el resultado del último tamizaje o evaluación de vigilancia del crecimiento, desarrollo y salud, aplicado a la niña o niño y se completa la hoja de reporte al hogar, para ser entregada a la madre, padre o persona cuidadora con la debida explicación de la situación del infante y recomendaciones para",,,
abierta_015,abierta,"Analice cómo el ""enfoque de salud pública"" obliga al personal a considerar factores no antropométricos al interpretar un estado nutricional inadecuado.","Este enfoque impone una visión de integralidad, donde el personal no puede limitarse a reportar un peso bajo, sino que debe investigar las causas raíz en el entorno del niño. Factores como el hacinamiento, la falta de agua potable, el destete temprano o el nivel educativo de la madre son determinantes críticos que deben anotarse en el expediente y considerarse en la sesión interdisciplinaria. La interpretación del estado nutricional se convierte así en un diagnóstico social que guía intervenciones orientadas a modificar las condiciones de vida y no solo la ingesta calórica.","El ""enfoque de salud pública"" adoptado por CEN-CINAI concibe la salud como un estado continuo de adaptación al medio natural y socioeconómico-cultural, donde la persona menor de edad es un ser integral con dimensiones físicas, mentales, emocionales y sociales influidas por los determinantes sociales de la salud (DSS).

Por ello, una alteración antropométrica (desnutrición, bajo peso, sobrepeso u obesidad) no se interpreta como un hecho biológico aislado, sino como la manifestación sintomática de múltiples factores de riesgo interconectados. Al evaluar un estado nutricional inadecuado, el personal está técnicamente obligado a analizar:
1. **La medición biomédica:** Puntaje Z del peso, talla o IMC.
2. **El nivel de desarrollo infantil:** Resultados de la prueba EDIN II o EVADE.
3. **Determinantes sociales y ambientales:** Presencia de pobreza o extrema pobreza, violencia intrafamiliar, consumo de drogas en el hogar, inadecuada disposición de excretas/basuras, falta de agua potable, o prácticas deficientes de crianza y alimentación.

Esta mirada multidimensional evita diagnósticos reduccionistas, permite integrar a profesionales de Trabajo Social, Psicología y Educación en el análisis del caso, determina el nivel real de prioridad (Prioridad 1, 2 o 3) y orienta la formulación de un Plan de Atención Interdisciplinaria que aborda las causas de fondo en la familia y la comunidad.","""Enfoque de salud pública en la atención de la malnutrición: Reconoce los determinantes sociales de la salud... la atención al niño o niña con malnutrición debe ser planificada y abordada en respuesta a los múltiples factores..."" / ""...el equipo de profesionales define de manera conjunta y colaborativa, el nivel de prioridad de cada caso, considerando aspectos de salud, estado nutricional, nivel del desarrollo, datos del grupo familiar, riesgo social...""",NO_MATCH,3,0.625,Procedimiento_Vigilancia_Crecimientoydesarrollo_intrayextramurosUIVCD.pdf,Enfoque de salud pública en la atención de la malnutrición: Reconoce los determinantes sociales de la salud...,"Estas fuerzas y sistemas incluyen políticas y sistemas económicos, programas de desarrollo, normas y políticas sociales y sistemas políticos. Las condiciones anteriores pueden ser altamente diferentes para varios subgrupos de u na población y pueden dar lugar a diferencias en los resultados en materia de salud. (Recuperado de: https://www.paho.org/es/temas/determinantes-sociales-salud). Equipo interdisciplinario: alude a la integración del trabajo disciplinario de forma colabora tiva, interactiva e integrada, utilizando conceptos, métodos o instrumentos de dos o más disciplinas, para resolver un problema o pregunta que requiere ser analizado mediante la interacción parcial de varios campos disciplinarios. Los miembros del equipo c oordinan el diseño de la estrategia, interactúan desde sus propios marcos conceptuales para producir un resultado parcial o totalmente integrado, producto de la intersección entre disciplinas. Esto puede variar desde el compartir de ideas, hasta la integración total de conceptos, metodología, procedimientos, teorías, terminología, datos y organización. El equipo interdisciplinario logra la habilidad de analizar, sintetizar y armonizar los lazos entre disciplinas en un todo coordinado y coherente (Bocco et al 2014, Henao et al 2017 y González 2014, citado en el procedimiento de atención interdisciplinaria del niño y niñas con malnutrición 2020). Enfermedad: La Organización Mundial de la salud, define la salud como un estado de completo bienestar físico, mental y social, y no solamente la ausencia de afecciones o enfermedades. (OMS, 2017). Indicador antropométrico Peso para la edad: es considerado como un índice global del estado de nutrición. El peso para la edad refleja el peso corporal en relación con la edad de la niña o niño en un día determinado. Este indicador se usa para evaluar si la niña o niño presenta bajo peso o bajo peso severo; pero no se usa pa ra clasificar si tienen sobrepeso u obesidad. Debido a que el peso es relativamente fácil de",,,
abierta_019,abierta,"Explique la importancia de las ""líneas de tendencia"" en las gráficas de crecimiento y cómo deben representarse visualmente en el expediente según los manuales.","Las líneas de tendencia son fundamentales para el seguimiento clínico porque permiten observar la velocidad y dirección del crecimiento en el tiempo, lo cual es más informativo que un dato aislado. Visualmente, se representan uniendo con una línea recta los puntos resultantes de al menos dos mediciones sucesivas ploteadas en las gráficas de crecimiento del expediente. Una línea plana o descendente es un signo de alerta que requiere atención inmediata del equipo interdisciplinario, incluso si el niño aún se encuentra dentro de los rangos considerados normales.","**Importancia de las líneas de tendencia:**
Una sola medición puntual solo refleja el estado nutricional o físico en un momento estático. Las líneas de tendencia representan la evolución del crecimiento en el tiempo al conectar dos o más mediciones consecutivas. Permiten identificar precozmente desviaciones en la velocidad de crecimiento (desaceleraciones, estancamientos o ganancia acelerada de peso) antes de que el menor cruce los canales de desviación estándar hacia la malnutrición. Su interpretación varía según el comportamiento del trazo:
- *Línea Ascendente:* Esperable y adecuada en niños normales o con desnutrición; inadecuada en casos de sobrepeso u obesidad.
- *Línea Horizontal:* Indica estancamiento en peso o talla. Es una señal de alerta en niños normales o con desnutrición; pero se interpreta como adecuada en el tratamiento del sobrepeso u obesidad.
- *Línea Descendente:* Muestra pérdida de peso o deterioro; constituye una alerta crítica en desnutrición o normalidad, pero es adecuada en la corrección de sobrepeso/obesidad.

**Representación visual en el expediente:**
1. En el recuadro interno de la gráfica correspondiente (P/E, P/T, T/E o IMC), se busca el punto de convergencia entre los ejes vertical y horizontal.
2. Se marca el punto medio con lápiz y se dibuja un pequeño círculo de color a su alrededor (ploteo).
3. Cuando existen dos o más visitas registradas, **se unen los puntos consecutivos trazando una línea recta** con lápiz o bolígrafo, permitiendo visualizar claramente la dirección de la curva de crecimiento del niño.","""Cuando hay puntos marcados de dos o más visitas, una los puntos con una línea recta para conocer la tendencia."" / ""Tendencia: Evolución de dos o más mediciones en el tiempo, se puede visualizar en el tiempo trazando una línea que se realiza al unir dos o más puntos en una gráfica...""",NO_MATCH,3,0.3636,DVS_norma_nacional_uso_graficas_antropometricas_valoracion_nutriciol_0-19_2017.pdf,"Cuando hay puntos marcados de dos o más visitas, una los puntos con una línea recta para conocer la tendencia.","parte inferior de la curva. Siga la línea hacia arriba hasta cruzarse con la línea horizontal que corresponda con el peso del niño o niña. En la intersección, dibuje una marca visible con un lápiz o bolígrafo. Elemento a considerar para la Interpretación de la tendencia con la Gráfica peso para talla (Peso/Talla) Se debe de observar el comportamiento de la línea trazada, el cual se puede pre sentar de la siguiente forma:  línea ascendente: es normal o esperable que al aumentar la talla aumente el peso , en un niño o niña identificado como normal, con desnutrición o desnutrición severa. Cuando se ha identificado al niño con sobrepeso u obesidad se considera inadecuado una tendencia ascendente.  línea horizontal: significa que el peso n o ha aumentado pero sí la talla, lo que se puede interpretar como adecuado en niños o niñas identificados con sobrepeso y obesidad. En el caso de desnutrición, desnu trición severa o normal, una línea horizontal indica que el niño o niña no ha tenido aumento de peso lo que puede ser señal de alerta.  línea descendente: indica que el peso ha disminuido, pero la talla se mantuvo o aumentó, lo que da una señal de alerta en casos de desnutrición, desnutrición severa o normal , pues puede haber carencias en la ingesta o infecciones a repetición, que provocan que el peso no aumente. En el caso de niños o niñas identificados con sobrepeso u obesidad se debe interpretar como adecuado. 16 17 4. GRAFICA DE TALLA PARA EDAD (de 0 a menos de 5 años y de 5 a menos de 19 años) Descripción: Las gráficas de talla para la edad se dividen en dos grupos de edad según el sexo, existen graficas distintas para los niños y niñas de 0 a",,,
abierta_020,abierta,Describa cómo la actualización de SISVENDIS 2023 integra la vigilancia de la salud oral y la diversidad alimentaria como complementos a la vigilancia nutricional tradicional.,"El SISVENDIS 2023 trasciende la antropometría básica al incluir la ""Consulta sobre diversidad alimentaria mínima"", que evalúa la calidad de la dieta del niño, y la vigilancia de la salud oral mediante el odontograma trimestral para detectar placa bacteriana. Estos complementos permiten identificar riesgos de salud antes de que se manifiesten como alteraciones de peso o talla. Al integrar estos factores en la herramienta de vigilancia institucional, CEN-CINAI fortalece su capacidad de respuesta temprana ante carencias de micronutrientes y malos hábitos de higiene.","La actualización del modelo operativo SISVENDIS 2023 expande la vigilancia tradicional de peso y talla al incorporar formalmente la salud oral y la diversidad alimentaria como determinantes clave del estado de nutrición y salud infantil:

1. **Vigilancia de la Salud Oral:**
   - *Componentes:* Incorpora el odontograma de higiene oral para el control de placa bacteriana (**HOMA**), midiendo el Porcentaje de Placa Bacteriana (PPB).
   - *Operatividad:* Se aplica trimestralmente en la modalidad intramuros para niñas y niños mayores de 3 años.
   - *Complementariedad Nutricional:* Permite detectar tempranamente afecciones bucodentales (caries, placa, dolor o infecciones) que afectan directamente la capacidad de masticación, la ingesta adecuada de alimentos y la absorción de nutrientes, previniendo eficientemente deterioros nutricionales.

2. **Vigilancia de la Diversidad Alimentaria Mínima y Frecuencia de Consumo:**
   - *Componentes:* Adopta los estándares de FAO y USAID (2018) para consultar la **Diversidad Alimentaria Mínima** y la frecuencia de consumo de alimentos frescos (frutas, verduras, carnes, lácteos).
   - *Operatividad:* Se aplica al ingreso (entrevista inicial) y al final del primer año de recibir servicios (o al egreso/traslado).
   - *Complementariedad Nutricional:* Permite evaluar la calidad cualitativa de la dieta e ingesta de micronutrientes en el hogar, detectando vacíos alimentarios antes de que se manifieste un impacto en las mediciones antropométricas.","""Se actualizan los tamizajes de: Consulta sobre diversidad alimentaria mínima y frecuencia de consumo... odontograma para el control anual de placa bacteriana HOMA..."" / ""HOMA: higiene oral para el control anual de placa bacteriana... Trimestral (intramuros).""",NO_MATCH,2,0.2222,SISVENDIS-2023.pdf,Se actualizan los tamizajes de: Consulta sobre diversidad alimentaria mínima y frecuencia de consumo...,"y niños por parte de las personas funcionarias con previa instrucción. Los resultados son registrados en los expedientes respectivos y se comunican periódicamente a las madres, padres o pe rsonas responsables para los abordajes complementarios desde los hogares (DNCC-MS, 2022a). Con esta base y como parte de la razón de ser la UIVCD plantea como prioridad fortalecer y documentar el sistema de vigilancia del estado nutricional, del desarrollo y salud de las niñas y niños atendidas en los servicios en todo el país, denominado Sistema de Vigilancia Estado Nutricional, Desarrollo Infantil y Salud (SISVENDIS). De esta forma la UIVCD, se propone incluir en el SISVENDIS, todos los datos de tamizajes de vigilancia vigentes que se aplican, que aparecen registrados en el expediente individual de las niñas y niños atendidos en todos los DIRECCIÓN NACIONAL DE CEN-CINAI Código: DNCC-DT-UIVCD-MAN-04-2023 DIRECCIÓN TÉCNICA Unidad de Investigación y Vigilancia Crecimiento y Desarrollo Fecha: 17/07/2023 Versión: 1 Sistema de vigilancia del estado nutricional, del desarrollo infantil y salud en CEN-CINAI: modelo operativo SISVENDIS Página 11 de 79 Dirección Nacional de CEN-CINAI “Crecimiento y Desarrollo Integral para las niñas y los niños” De la esquina suroeste del parque Braulio Carrillo 100 metros al sur, Avenida 4 y 6, Calle 14 Tel: 2258-7918 / dir.nacional@cen-cinai.go.cr / www.cen-cinai.go.cr servicios, lo que permitirá la tabulación, análisis y generación de informes por parte de las Jefaturas de Oficina Local, Jefaturas de Área Técnica, Directores Regionales, Dirección Técnica y autoridades nacionales. Lo anterior permite el análisis de los resultados de vigilancia para la identificación de áreas geográficas prioritarias, identificación de estrategias de atención a esas prioridades y la toma decisiones sobre las metas de población y destino de los recursos disponibles, entre otros. Todo en apoyo a la rendición de cuentas institucionales y a la mejora en la gestión de calidad",,,
abierta_022,abierta,Compare las responsabilidades del ASSC 2 frente al ASSC 3 en la aplicación de la prueba EDIN II y la vigilancia nutricional.,"El personal ASSC 3 tiene la responsabilidad primordial de ejecutar la evaluación del estado nutricional, encargándose de la toma de medidas de peso y talla. Por su parte, el ASSC 2 es el responsable principal de aplicar la prueba EDIN II para determinar el nivel de desarrollo integral y realizar tamizajes auditivos. Ambos roles deben colaborar en los establecimientos bajo el modelaje y acompañamiento técnico del equipo interdisciplinario de la Oficina Local. Es deber de ambos asegurar la calidad del registro manual en los expedientes físicos antes de su digitación regional.","Las responsabilidades del ASSC 2 frente al ASSC 3 en la ejecución de los procedimientos de tamizaje y vigilancia se diferencian según el ámbito técnico asignado en la normativa:

1. **Asistente de Salud del Servicio Civil 2 (ASSC 2):**
   - *Ámbito Principal (Desarrollo Infantil y Sensorial):* Es el **responsable y ejecutor principal** asignado para la aplicación directa de la prueba de **Evaluación del Desarrollo Integral (EDIN II)** en niñas y niños de 0 a 6 años (junto con el Profesional del establecimiento).
   - *Otras Responsabilidades Principales:* Aplicación de la prueba auditiva de las tarjetas (agudeza auditiva) y la evaluación cualitativa en API.
   - *Vigilancia Nutricional:* Actúa como apoyo o ejecutor secundario en la toma de peso y talla.

2. **Asistente de Salud del Servicio Civil 3 (ASSC 3):**
   - *Ámbito Principal (Vigilancia Nutricional y Salud General):* Es el **responsable y ejecutor principal** asignado en los establecimientos para la toma y ejecución de las mediciones antropométricas de **Evaluación del Estado Nutricional** (peso, longitud/talla y ploteo de gráficas).
   - *Otras Responsabilidades Principales:* Revisión del control de vacunas al día, seguimiento de asistencia a las consultas integrales de la CCSS y la consulta sobre diversidad alimentaria mínima y alimentos frescos.
   - *Prueba EDIN II:* Brinda soporte en el registro o coordinación, pero no tiene asignada la responsabilidad principal de la aplicación de la prueba de desarrollo.

3. **Punto Común:** Ambos puestos reciben acompañamiento técnico y modelaje por parte del equipo interdisciplinario de la Oficina Local (Nutrición para el ASSC 3; Psicología/Docencia para el ASSC 2).","""Evaluación del Estado Nutricional con medidas antropométricas: ASSC 3, Profesional de establecimiento... Prueba de Evaluación del Desarrollo Integral (EDIN II): ASSC 2, Profesional de establecimiento...""",NO_MATCH,2,0.5,Procedimiento_Atencin_Interdisciplinaria_Malnutricin_Versin_02_2020.pdf,"Evaluación del Estado Nutricional con medidas antropométricas: ASSC 3, Profesional de establecimiento...","de los próximos seguimientos que realizará. O b s erv aciones g enerales • El instrumento es responsabilidad de los miembros del equipo interdisciplinario para las sesiones de trabajo del seguimiento que se realiza, no obstante la aplicación del test de desarrollo (EDIN), la toma de peso, talla y clasificación del estado nutricional y otra información que el equipo considere pertinente puede ser realizada por el ASSC2, profesional de CEN CINAI, ASSC3 y promotores, todo bajo la conducción del equipo interdisciplinario. • El instrumento original permanecerá archivado en el expediente del niño o niña de la oficina local como respaldo de los seguimientos realizados a cada niño o niña, para luego proceder a ingresar los datos en la “Herramienta para el seguimiento interdisciplinario del niño o niña con malnutrición”. • Los datos que contienen un asterisco en el margen izquierdo (*), no se digitan en la herramienta, pero se pueden incluir en el espacio de observaciones. Recuerde: conforme con la responsabilidad de toda persona funcionaria pública y los lineamientos de control interno, toda la información que se reporte debe ser veraz y contar con la documentación que la respalda. R E G I S T R O DE DAT O S : Digitado en Herramienta: Marcar la casilla si la información contenida en el instrumento de detección del niño o niña con malnutrición fue digitada en la herramienta del mismo nombre. Fech a: Anotar el día, mes y año en que se digitó la información contenida en el instrumento de detección del niño o niña con malnutrición en la herramienta del mismo nombre. Ejemplo 10/02/2019 1. DAT O S PE R S O NAL E S Nombre del establecimiento: Anote el nombre del establecimiento donde el niño o niña recibe los servicios. Fech a de llenado: Anote en el espacio",,,
abierta_028,abierta,"Compare los objetivos de la modalidad ""Intramuros"" (API-EC-N-01) y ""Extramuros"" (API-EX-N-07) respecto a la promoción del crecimiento y desarrollo.","La modalidad intramuros ofrece una atención diaria y sistemática que permite tamizajes frecuentes, incluyendo odontogramas trimestrales y evaluaciones cualitativas constantes. En contraste, la modalidad extramuros se enfoca en niños que no asisten diariamente, priorizando la vigilancia del crecimiento anual y la distribución de suplementos como la leche. Ambas modalidades comparten el objetivo de detectar riesgos tempranos mediante técnicas antropométricas y la prueba EDIN II. No obstante, intramuros permite una intervención interdisciplinaria más directa y un monitoreo más estrecho de los hitos del desarrollo.","La comparación entre los objetivos de la modalidad **Intramuros (API-EC-N-01)** y **Extramuros (API-EX-N-07)** respecto a la promoción del crecimiento y desarrollo refleja diferencias en el escenario de atención y el nivel de intervención directa:

1. **Atención Integral Intramuros (API-EC-N-01 - Atención y Protección Cotidiana):**
   - *Escenario:* Se brinda diariamente de forma directa en las instalaciones físicas del CEN o CINAI.
   - *Objetivo:* Maximizar el potencial del desarrollo infantil desde el nacimiento hasta los 13 años mediante cuido diario en ambientes sanos, seguros y estimulantes, alimentación diaria completa (comidas servidas), higiene oral, socialización y estimulación continua administrada por el personal de CEN-CINAI.

2. **Atención Integral Extramuros (API-EX-N-07 - Educación y Estimulación Extramuros):**
   - *Escenario:* Se brinda en el hogar, comunidades o espacios multiusos para niños inscritos en Distribución de Leche o DAF que no asisten diariamente al establecimiento.
   - *Objetivo:* Promover habilidades y competencias sociales en la familia para la crianza y estimulación del desarrollo infantil dentro del entorno familiar. Su enfoque se centra en capacitar y empoderar a los padres/madres (mediante guías impresas, kits de estimulación y sesiones educativas) para que sean los ejecutores principales del desarrollo de sus hijos en el hogar.","""API-EC-N-01... Es la Atención y Protección Cotidiana a los niños y las niñas, en espacios sanos, seguros y estimulantes... API-EX-N-07... consiste en acciones educativas que promueven habilidades y competencias sociales para la promoción del crecimiento y desarrollo...""",NO_MATCH,2,0.6,SISVENDIS-2023.pdf,consiste en acciones educativas que promueven habilidades y competencias sociales para la promoción del crecimiento y desarrollo...,"entre el cuadrado de la estatura en metros (kg/m2) (DNCC 2021c). Intramuros: incluye acciones cotidianas en los establecimientos CEN -CINAI. Involucra el rol permanente de la s personas que brindan la atención integral de infantes en los establecimientos y del equipo interdisciplinario de las Oficinas Locales y/o regionales. Contempla modalidades de atención, tales como Atención y Protección Cotidiana, diurna y nocturna (APC) que incluye alimentación diaria, Vínculo persona adulta/adolescente/niña o niño (VAANN), Solo Comidas Servidas (SCS), Desarrollo Habilidades para la Vida (DHAVI). Las acciones intramuros incluyen la Distribución de leche para consumo en el hogar (Leche 800g) y Distribución de Alimentos a Familias (DAF), atención interdisciplinaria y acciones para la promoción del crecimiento y desarrollo. Extramuros: se refiere a las acciones de Promoción del crecimiento y desarrollo que se brindan periódicamente, sea en los establecimientos CEN -CINAI, fuera de los establecimientos en un Centro de Distribución (CD); o en otro espacio de las comunidades del área de atracción, donde las personas funcionarias brindan atención a niñas y niños, mujeres embarazadas y en periodo de lactancia incluyendo adolescentes madres, que residen en zonas alejadas al establecimiento. Actúan como articuladores y asesores con familia y la comunidad, para acompañar el proceso de crecimiento, desarrollo, crianza y socialización de niñas y niños que reciben los servicios de CEN- CINAI. Incluye la Distribución de leche para consumo en el hogar (Leche 1600g), Distribución de Alimentos a Familias (DAF), Creciendo Juntos, acciones educativas y atención interdisciplinaria. DIRECCIÓN NACIONAL DE CEN-CINAI Código: DNCC-DT-UIVCD-MAN-04-2023 DIRECCIÓN TÉCNICA Unidad de Investigación y Vigilancia Crecimiento y Desarrollo Fecha: 17/07/2023 Versión: 1 Sistema de vigilancia del estado nutricional, del desarrollo infantil y salud en CEN-CINAI: modelo operativo SISVENDIS Página 77 de 79 Dirección Nacional de CEN-CINAI “Crecimiento y Desarrollo Integral para las niñas y los niños” De la esquina suroeste del",,,
abierta_036,abierta,"Explique el sistema de calificación por colores de la prueba EDIN II y qué acciones específicas se derivan de un resultado ""Amarillo"" tras tres meses de intervención.","El color amarillo indica un ""rezago"", lo que significa que el niño no ha logrado los hitos esperados para su grupo de edad actual. Si este resultado persiste tras tres meses de aplicar el plan de estimulación inicial, el equipo debe actualizar obligatoriamente la estrategia de abordaje. Esto incluye diseñar nuevas actividades de estimulación específicas y reforzar las recomendaciones educativas para el hogar. Si no hay mejoría posterior, el equipo debe valorar la referencia del caso a servicios de salud especializados de la CCSS.","**Sistema de Calificación por Colores (EDIN II):**
- **Verde (Adecuado):** El niño cumple con todas las conductas esperadas para su edad en las 5 áreas evaluadas.
- **Amarillo (Rezago en el desarrollo):** No cumple las conductas para su edad en 1 o 2 áreas, pero logra las de la edad anterior (rezago no significativo).
- **Rojo (Riesgo de retraso en el desarrollo):** Presenta 3 o más áreas con resultado bajo o no cumple las conductas de la edad anterior (retraso significativo).

**Acciones ante un resultado ""Amarillo"" tras tres meses de intervención:**
1. Inicialmente, al detectarse el color amarillo, la persona encagada de la atención en el establecimiento aplica un plan de estimulación en el aula e indicaciones en el hogar durante 3 meses.
2. Si transcurridos los 3 meses el niño o niña reevaluado **no logra superar el rezago y persiste en resultado amarillo**, el personal remite obligatoriamente el caso para análisis del **equipo interdisciplinario de la Oficina Local**.
3. El equipo interdisciplinario **actualiza la estrategia de abordaje y el plan de estimulación**, asume el acompañamiento técnico, brinda consejería especializada a la familia y registra el seguimiento en la *Herramienta para el seguimiento interdisciplinario* en Excel y en el expediente físico.","""Luego de tres meses de aplicación de las estrategias se verifica si fue superado el rezago... Si los niños o niñas no logran superar el rezago, el equipo interdisciplinario actualiza la estrategia de abordaje y el plan de estimulación.""",NO_MATCH,1,0.3333,Procedimiento_Vigilancia_Crecimientoydesarrollo_intrayextramurosUIVCD.pdf,"Si los niños o niñas no logran superar el rezago, el equipo interdisciplinario actualiza la estrategia de abordaje y el plan de estimulación.","en todas las áreas del desarrollo (global verde) una vez al año.  Niña o niño con resultado global amarillo, dos veces al año.  Niña o niño con resultado global rojo, dos veces al año y referencia al equipo interdisciplinario para su atención. Lista de Cotejo de patrones de hábitos de salud.  Cada vez que se aplica el EDIN II  Cada vez que se aplica el EDIN II Evaluación del Desarrollo del Escolar (EVADE).  En la selección.  Niña o niño con resultados de adecuado en todas las áreas del desarrollo una vez al año.  Niña o niño con resultado 1 o 0 puntos en una o más áreas del desarrollo con logro de la edad anterior dos veces al año.  Niña o niño con resultado 1 o 0 puntos en una o más áreas del desarrollo sin logro de la edad anterior dos veces al año y referencia al equipo interdisciplinario para su atención.  En la selección de niñas y niños de la modalidad de servicio DAF.  Niña o niño en DAF con resultados de adecuado en todas las áreas del desarrollo una vez al año.  Niña o niño en DAF con resultado 1 o 0 puntos en una o más áreas del desarrollo con logro de la edad anterior dos veces al año.  Niña o niño en DAF con resultado 1 o 0 puntos en una o más áreas del desarrollo sin logro de la edad anterior dos veces al año y referencia al equipo interdisciplinario para su atención. Evaluación de Prueba Auditiva de las tarjetas.  Se aplica a niñas y niños mayores de tres años  En el primer trimestre del año  Niña o niño con resultados de dudoso o mal dos veces al año,",,,
abierta_041,abierta,Describa el flujo de información desde que se detecta un caso con boleta VE01 hasta que se registra en el Sistema Nacional de Vigilancia de la Salud.,"Una vez detectado el caso de malnutrición, el funcionario tiene un plazo máximo de 5 días hábiles para completar la boleta de notificación individual VE01. Esta boleta se remite inmediatamente al Área Rectora de Salud del Ministerio de Salud más cercana al establecimiento. Este paso integra la detección local de CEN-CINAI en el Sistema Nacional de Vigilancia de la Salud para el seguimiento epidemiológico estatal. Simultáneamente, la información se digita en la herramienta Excel institucional para el control administrativo regional y nacional.","El flujo de información desde la detección de un evento sujeto a notificación obligatoria comprende los siguientes pasos:
1. **Detección y Llenado Físico/Digital:** Al realizar la valoración antropométrica o consulta, si el profesional o funcionario detecta un diagnóstico de notificación obligatoria (p. ej., desnutrición severa, baja talla severa u obesidad), completa la *Boleta de Notificación Individual de Vigilancia Epidemiológica VE01* (Decreto Nº 40556-S).
2. **Envío al Nivel Local de Salud:** La boleta VE01 física o su registro digital equivalente se remite al Área Rectora de Salud del Ministerio de Salud correspondiente a la localidad.
3. **Registro en la Plataforma SINAVISA:** La información se ingresa en la plataforma SINAVISA de vigilancia de la salud, o bien se transmite mediante el mecanismo de notificación acordado con el Área Rectora.
4. **Consolidación en el Sistema Nacional:** Los datos ingresan al Sistema Nacional de Vigilancia de la Salud del Ministerio de Salud para el seguimiento epidemiológico y la generación de estadísticas nacionales de salud pública.","""Registro de la notificación obligatoria, en la plataforma SINAVISA de vigilancia de la salud o con base al mecanismo acordado con el Área Rectora de Salud respectiva. Decreto de Notificación obligatoria # 40556-S. Ministerio de Salud.""",NO_MATCH,5,0.3077,SISVENDIS-2023.pdf,"Registro de la notificación obligatoria, en la plataforma SINAVISA de vigilancia de la salud o con base al mecanismo acordado con el Área Rectora de Salud respectiva.","lo define la OPS (2012), como un estado de completo bienestar físico, mental y social, y no solamente la ausencia de afecciones o enfermedades. La salud, d esde el enfoque de los determinantes sociales de la salud, se conc ibe como un estado continuo de adaptación al medio natural y socioeconómico-cultural, en el cual influyen múltiples factores llamados determinantes sociales de la salud. Vigilancia del estado nutricional y desarrollo infantil Acorde con la Organización Panamericana de la Salud (2011a), la vigilancia es la observación sistemática y continuada de la frecuencia, la distribución y los determinantes de los eventos de salud y sus tendencias en la población. Este concepto tiene dos co mponentes prácticos: La medición sistemática de problemas prioritarios DIRECCIÓN NACIONAL DE CEN-CINAI Código: DNCC-DT-UIVCD-MAN-04-2023 DIRECCIÓN TÉCNICA Unidad de Investigación y Vigilancia Crecimiento y Desarrollo Fecha: 17/07/2023 Versión: 1 Sistema de vigilancia del estado nutricional, del desarrollo infantil y salud en CEN-CINAI: modelo operativo SISVENDIS Página 20 de 79 Dirección Nacional de CEN-CINAI “Crecimiento y Desarrollo Integral para las niñas y los niños” De la esquina suroeste del parque Braulio Carrillo 100 metros al sur, Avenida 4 y 6, Calle 14 Tel: 2258-7918 / dir.nacional@cen-cinai.go.cr / www.cen-cinai.go.cr de salud en la población, el registro y la transmisión de datos y la comparación e interpretación de datos con el fin de detectar posibles cambios en el estado de salud de la población y su ambiente, para la toma de decisiones oportunas. El constructo de la vigilancia constituye un proceso permanente de recolección, análisis e interpretación de datos, para contribuir oportunamente a la toma de decisiones, que permitan mejorar la nutrición y el desarrollo de las poblaciones, con base en la evidencia (Adaptado de OMS; 1966, Informes técnicos, 593). Por un lado, la v igilancia de la salud identifica, analiza y da",,,
abierta_046,abierta,"Analice la importancia de registrar el dato ""Indocumentado"" en la herramienta y qué implicaciones tiene para el seguimiento del niño.","El registro de la palabra ""indocumentado"" en la herramienta digital es una medida administrativa crucial para garantizar el acceso universal a los servicios de salud y nutrición de CEN-CINAI. Esta acción permite que niños y niñas en condición migratoria irregular o sin documentos de identidad vigentes sean ingresados formalmente al sistema de vigilancia sin ser excluidos por trámites burocráticos. Para el seguimiento, esto implica que el equipo interdisciplinario puede monitorear el estado nutricional y del desarrollo del menor de la misma manera que a cualquier otro beneficiario, asegurando la continuidad del Plan de Atención Interdisciplinario. Asimismo, el uso de este identificador alfanumérico en el software permite generar reportes estadísticos que visibilizan a esta población vulnerable para la toma de decisiones gerenciales. Es una práctica fundamentada en el enfoque de derechos de la niñez que protege la integridad y seguridad jurídica de las familias atendidas.","**Importancia de Registrar ""Indocumentado"":**
Permite cumplir con el principio de acceso universal, equidad y protección de los derechos de la niñez. Garantiza que la falta de documentos de identidad oficiales (cédula, pasaporte o carnet de residencia) no sea una barrera para que la niña o el niño ingrese a los servicios de CEN-CINAI y reciba la atención interdisciplinaria de manera inmediata.

**Implicaciones para el Seguimiento del Niño:**
1. **Inclusión en el Sistema:** Permite aperturar el expediente clínico e ingresar el caso en la *Herramienta para el seguimiento interdisciplinario* en Excel utilizando el término ""indocumentado"" o ""sin documentos"" en la casilla de identificación, asignándole un número de expediente de establecimiento.
2. **Funcionalidad de la Herramienta:** Permite aplicar los filtros digitales para la priorización y seguimiento de los Grupos A al J sin bloquear las fórmulas del sistema.
3. **Abordaje Social:** Alerta al equipo interdisciplinario (especialmente a Trabajo Social) sobre una condición de vulnerabilidad social y legal, orientando la activación de coordinaciones intersectoriales (RISA ante el PANI, IMAS o Registro Civil) para apoyar a la familia en la regularización identificatoria del menor sin interrumpir la vigilancia de su crecimiento y desarrollo.","""Si la persona no posee ningún tipo de documento, anote la palabra sin documentos en este espacio."" / ""Identificación... Filtro Pueden ser datos numéricos, alfanuméricos, indocumentado.""",NO_MATCH,1,0.4286,Procedimiento_Atencin_Interdisciplinaria_Malnutricin_Versin_02_2020.pdf,"Filtro Pueden ser datos numéricos, alfanuméricos, indocumentado.","información y lo archive como respaldo, para posteriormente, proceder a ingresar los datos en la “Herramienta para el seguimiento interdisciplinario del niño o niña con malnutrición”. • Los datos que contienen un asterisco en el margen izquierdo (*), no se digitan en la herramienta, pero se pueden incluir en el espacio de observaciones. Recuerde: conforme con la responsabilidad de toda persona funcionaria pública y los lineamientos de control interno, toda la información que se reporte debe ser veraz y contar con la documentación que la respalda. R E G I S T R O DE DAT O S : Digitado en Herramienta: Marcar la casilla si la información contenida en el instrumento de detección del niño o niña con malnutrición fue digitada en la herramienta del mismo nombre. Fech a: Anotar el día, mes y año en que se digitó la información contenida en el instrumento de detección del niño o niña con malnutrición en la herramienta del mismo nombre. Ejemplo 10/02/2019 “Crecimiento y desarrollo infantil” DIRECCIÓN NACIONAL DE CEN CINAI PÁGINA 65 DE 140 VERSIÓN: 02 PROCEDIMIENTO PROCEDIMIENTO PARA LA ATENCIÓN INTERDISCIPLINARIA DEL NIÑO O NIÑA CON MALNUTRICIÓN CÓDIGO: PRO-AI- AIM-P-01 1. DAT O S PE R S O NAL E S Nombre del establecimiento: Anote el nombre del establecimiento donde el niño o niña recibe los servicios. Fech a de llenado: Anote en el espacio el día, mes y año en que realizó el llenado de los datos del niño o la niña detectado con malnutrición solicitados en este instrumento. Ej. 26/06/2019 Nomb re del niñ o ( a) : Escriba con letra clara y legible el primer apellido del niño o niña, luego el segundo apellido y finalmente el nombre completo. S ex o: Anote una X en el paréntesis correspondiente. Si el sexo es hombre marca",,,
abierta_048,abierta,"Explique los tres posibles resultados del indicador Peso para Talla en menores de 5 años y su interpretación nutricional (desnutrición, normal, sobrepeso).","El indicador Peso para Talla (P/T) clasifica el estado nutricional actual comparando el peso del menor con su propia estatura. Un resultado de desnutrición (severa o moderada) se interpreta como una pérdida de peso reciente o emaciación, causada generalmente por enfermedades agudas o carencia inmediata de alimentos. El resultado normal indica una relación armónica entre el peso y la talla, reflejando un estado de equilibrio nutricional satisfactorio para el momento de la evaluación. Por último, un resultado de sobrepeso u obesidad se interpreta como un exceso de peso para la estatura alcanzada, frecuentemente asociado a la sobrealimentación en el tiempo. Esta interpretación es vital porque el P/T es el índice más sensible para detectar cambios nutricionales rápidos e independientes de la edad del niño.","En menores de 5 años, los tres resultados principales del indicador Peso para la Talla (P/T) y sus interpretaciones nutricionales son:

1. **Desnutrición (o Desnutrición Severa):**
   - *Criterio Puntaje Z:* Puntaje Z \\(\le -2\\) DE a \\(>-3\\) DE (Desnutrición) o Puntaje Z \\(\le -3\\) DE (Desnutrición Severa).
   - *Interpretación Nutricional:* El niño presenta un peso significativamente inferior al esperado para su talla/longitud. Es el indicador por excelencia de **deficiencia nutricional aguda o emaciación**, e indica un deterioro reciente en el estado nutricional por pérdida rápida de peso o ingesta calórica insuficiente.

2. **Normal:**
   - *Criterio Puntaje Z:* Puntaje Z entre \\(>-2\\) DE y \\(<+2\\) DE.
   - *Interpretación Nutricional:* El niño presenta un peso proporcional y adecuado para su estatura. Refleja un equilibrio nutricional reciente y un estado de salud armónico en el corto plazo.

3. **Sobrepeso (u Obesidad):**
   - *Criterio Puntaje Z:* Puntaje Z \\(\ge +2\\) DE a \\(<+3\\) DE (Sobrepeso) o Puntaje Z \\(\ge +3\\) DE (Obesidad).
   - *Interpretación Nutricional:* El niño presenta un peso superior al esperado para su talla/longitud. Indica **exceso de peso por sobrealimentación** o desequilibrio energético acumulado en las últimas semanas.","""Peso para la talla... Este es el índice más recomendado para identificar casos de deficiencias nutricionales agudas... Sobrepeso: Peso mayor al esperado para la talla... Normal: Inferior de +2 y superior a -2 DE... Desnutrición: En la línea o inferior de -2 DE...""",REVIEW,2,0.8,Manual-operativo-Evaluacion-estado-nutricional-2019.pdf,Sobrepeso: Peso mayor al esperado para la talla...,"para la talla o longitud, niño o niña con exceso de peso. -Implica sobrealimentación en el tiempo -Riesgo de padecer enfermedades crónicas no transmisibles Normal Inferior de +2 y superior a -2 desviaciones estándar (DE). El niño o niña presenta un peso adecuado para su talla o longitud. Ingesta de alimentos adecuada Desnutrición En la línea o inferior de -2 desviaciones estándar (DE) a mayor de -3 desviaciones estándar (DE). El niño o niña presenta bajo peso para la talla o longitud -Implica una posible práctica de lactancia materna limitada -Consumo inadecuado de alimentos. -Riesgo de sufrir enfermedades infecciosas y parasitosis -Nivel del desarrollo comprometido -Riesgo de deficiencias de micronutrientes -Riesgo de desnutrición severa Desnutrición severa En la línea o inferior a -3 desviaciones estándar (DE). El niño o niña presenta muy bajo peso para la talla o longitud Niño o niña severamente emaciado -Implica una posible práctica de lactancia materna limitada - Implica alimentación insuficiente 21 Manual operativo para la evaluación del estado Nutricional con medidas antropométricas de las niñas y los niños de los CEN-CINAI Indicador antropométrico Clasificación Ubicación del punto de ploteo con relación al puntaje Z las gráficas Términos que describen la clasificación Explicación e implicaciones nutricionales y de salud Peso para Talla ó longitud (P/T) -Implica intensa pérdida de peso continua -Puede que se observen signos clínicos de marasmo y kwashiorkor. -Riesgo de sufrir enfermedades infecciosas -Riesgo de parasitosis -Capacidad de aprendizaje y nivel del desarrollo comprometido -Deficiencias de micronutrientes Talla o Longitud para la edad (T/E) Muy alto para la edad En la línea o superior a +3 desviaciones estándar (DE). El niño o niña presenta longitud ó talla mayor a lo esperado para su edad. Una estatura alta en raras ocasiones es un problema, a menos que sea un caso de desórdenes endocrinos,",,,
abierta_051,abierta,Explique cómo la norma PCD-VCD-N-01 define la vigilancia del crecimiento y desarrollo infantil y qué técnicas emplea.,"La norma PCD-VCD-N-01 define la vigilancia como un proceso continuo y sistemático de recolección y análisis de datos sobre el estado de salud y nutrición de los niños. Emplea técnicas antropométricas estandarizadas para la medición periódica del peso y la talla/longitud con el fin de clasificar el estado nutricional. También utiliza técnicas de tamizaje del desarrollo infantil mediante la aplicación de las escalas EDIN II y EVADE según el grupo de edad. Complementariamente, integra tamizajes de salud visual, auditiva y oral para detectar alteraciones sensoriales o de higiene que impacten el bienestar integral. Todas estas técnicas se aplican al menos una vez al año para orientar la toma de decisiones clínicas y gerenciales basadas en evidencia.","La norma PCD-VCD-N-01 define la vigilancia del crecimiento y desarrollo infantil como el monitoreo y seguimiento continuo de las niñas y los niños en su crecimiento, desarrollo y salud que se realiza en los CEN-CINAI, con el propósito de identificar de manera temprana los problemas nutricionales y del desarrollo para orientar las estrategias de intervención y la toma de decisiones. Emplea las siguientes técnicas:
1. **Técnicas antropométricas:** Medición periódica de peso, longitud/talla, perímetro cefálico, IMC u otras mediciones somáticas alternativas para clasificar el estado nutricional.
2. **Técnicas de medición del desarrollo infantil:** Aplicación de pruebas estandarizadas de desarrollo según grupo de edad (escala EDIN II para menores de 6 años y prueba EVADE para escolares de 6 a 14 años).
3. **Tamizajes de salud:** Aplicación de controles de salud al menos una vez al año, incluyendo agudeza visual, agudeza auditiva, salud oral (control de placa HOMA), esquema de vacunas y evaluación cualitativa en API.","""...monitoreo y seguimiento continuo de las niñas y los niños en su crecimiento, desarrollo y salud, empleando técnicas antropométricas, de medición del desarrollo infantil y aplicando tamizajes de salud al menos una vez al año...""",NO_MATCH,3,0.4444,Procedimiento_Vigilancia_Crecimientoydesarrollo_intrayextramurosUIVCD.pdf,"...monitoreo y seguimiento continuo de las niñas y los niños en su crecimiento, desarrollo y salud, empleando técnicas antropométricas, de medición del desarrollo infantil y aplicando tamizajes de salud al menos una vez al año...","(Modalidad de servicio). Determinantes Sociales de la Salud. EDIN II Evaluación del Desarrollo Integral de la niña y el niño de 0 meses a 6 años. EVADE Evaluación del desarrollo para niños, niñas y adolescentes de 6 a 14 años de edad. IMC Indicador antropométrico Índice de Masa Corporal. DL Distribución de Leche para consumo en el hogar (modalidad de servicio). OL Oficina Local. DIRECCIÓN NACIONAL DE CEN-CINAI DIRECCIÓN TÉCNICA UNIDAD DE INVESTIGACIÓN Y VIGILANCIA DEL CRECIMIENTO Y DESARROLLO PÁGINA 4 DE 45 VERSIÓN: 01 PROCEDIMIENTO PROCEDIMIENTO VIGILANCIA DEL CRECIMIENTO Y DESARROLLO INFANTIL EN LA MODALIDAD INTRAMUROS Y EXTRAMUROS CÓDIGO: PRO-CD-P-01 “CRECIMIENTO Y DESARROLLO MATERNO-INFANTIL” P/E Indicador antropométrico Peso para Edad. P/T Indicador antropométrico Peso para Talla. SISVENDI Sistema de Vigilancia del Estado Nutricional y el Desarrollo Infantil. T/E Indicador antropométrico Talla para Edad. UIVCD Unidad de Investigación y Vigilancia del Crecimiento y Desarrollo.  ricional con medidas antropométricas de los 1. 1.2 Alcance 2. La aplicación de este procedimiento se refiere a todas las personas funcionarias de la Dirección Nacional de CEN-CINAI, pertenecientes a los tres niveles de gestión , como parte del servicio de Promoción del Crecimiento y Desarrollo mencionado en el Artículo 3, inciso C del Reglamento Orgánico de la Ley 8809 Ley Creación de la Dirección Nacional de CEN-CINAI. 3. 4. 1.3 Responsables 5. En el nivel central, la Unidad de Investigación y Vigilancia del Crecimiento y Desarrollo, de la Dirección Técnica, es la Unidad organizativa responsable de conducir la adecuada ejecución de las disposiciones técnicas, criterios, instrumentos, guías, manuales y otros, para la implementación de este procedimiento y toma de decisiones. La Jefatura de Área Técnica de la Región , es la persona responsable de conducir al equipo de Área Técnica, en las acciones de sup ervisión y acompañamiento técnico, al equipo de personas funcionarias",,,
abierta_053,abierta,Describa los elementos que deben ser revisados periódicamente por la Jefatura de Oficina Local en la herramienta de Excel para garantizar su veracidad.,"La jefatura debe verificar que los datos personales como nombre, sexo y número de expediente estén correctamente ingresados y coincidan con el formato alfanumérico permitido. Es indispensable revisar que las fechas de evaluación nutricional y de desarrollo sigan el formato dd/mm/aaaa y no presenten valores extremos o incongruentes. También debe supervisar que las clasificaciones nutricionales y del desarrollo (como NL, DES, Verde, Rojo) correspondan fielmente a los resultados obtenidos en los tamizajes físicos. Un elemento crítico es la identificación y corrección de errores de fórmulas como ""#¡VALOR!"" o ""#REF!"", que invalidan el procesamiento regional de los datos. Finalmente, la revisión debe incluir el control del ""año de protección"" para los beneficiarios del servicio DAF que ya han recuperado su estado nutricional normal.","Según la *Guía de revisión de calidad de la herramienta* (Anexo 5), la Jefatura de Oficina Local debe revisar periódicamente los siguientes elementos en la Herramienta Excel de seguimiento para asegurar su veracidad y calidad:
1. **Formatos y Coherencia de Fechas:** Filtrar las columnas de fecha (llenado, nacimiento y evaluaciones de ENU/Desarrollo) para garantizar el formato `dd/mm/aaaa`, verificando que no existan fechas futuras, incoherentes (p. ej. fecha de evaluación anterior al nacimiento) o saltos cronológicos ilógicos.
2. **Datos Personales e Identificación:** Comprobar que los campos de nombres, sexo (H/M) e identificación contengan datos válidos (numéricos, alfanuméricos o el término ""indocumentado"").
3. **Valores Antropométricos Primarios:** Verificar que las celdas de Peso y Talla contengan exclusivamente números dentro de rangos biológicamente plausibles (sin datos extremos o erróneos).
4. **Categorías de Clasificación Nutricional:** Filtrar las siglas oficiales registradas para menores de 5 años (P/E, P/T, T/E) y mayores de 5 años (IMC, T/E), asegurando que coincidan exactamente con la clasificación del ploteo y del software Anthro.
5. **Evaluaciones del Desarrollo:** Verificar el correcto registro de colores (Verde, Amarillo, Rojo) por cada área evaluada en EDIN II o puntajes en EVADE.
6. **Estructura de Prioridad y Grupos de Riesgo:** Confirmar que la asignación del Nivel de Prioridad (Prioridad 1, 2, 3 o 4) y del Grupo (A al J) responda fielmente a la combinación de antropometría, desarrollo y factores de riesgo social.
7. **Integridad de Fórmulas y Continuidad:** Garantizar que no existan errores de sistema como `¡Valor!` o `REFF!` por faltantes de información, y que las columnas de seguimiento subsecuente sean continuas en orden cronológico sin filas intermedias en blanco.","""Para la revisión de la calidad de los datos de la herramienta... se utiliza la Guía de revisión de calidad... Filtro... Revisar datos extremos, no congruentes...""",NO_MATCH,1,0.5,SISVENDIS-2023.pdf,Para la revisión de la calidad de los datos de la herramienta...,"a la Oficina Local. Oficina Local Recopila y digita en la herramienta Excel los datos de cada formulario de cada CEN-CINAI a su cargo elabora el consolidado local y envía el consolidado al nivel regional. Elabora: • El Reporte de Datos Básicos de vigilancia de salud, del crecimiento y desarrollo de Oficina Local • La infografía con los datos claves de los hallazgos de vigilancia Área Técnica Regional Elabora: • El consolidado de dirección regional y envía el consolidado al nivel nacional • El reporte de datos socioeconómicos y datos Básicos de vigilancia de salud, del crecimiento y desarrollo de Dirección Regional • La infografía con los datos claves de datos socioeconómicos, cantidad y tipo de población materna-infantil atendida y los hallazgos de vigilancia UIVCD-DT Elabora: • El informe nacional de Datos Básicos de caracterización socioeconómica, datos de vigilancia de salud, crecimiento y desarrollo de la población atendida por CEN-CINAI • El Reporte nacional de estado nutricional y nivel del desarrollo infantil por provincia y cantón • El Reporte nacional de series históricas de vigilancia del crecimiento y desarrollo desde el año 2000 a la fecha • La infografía con los datos claves de datos socioeconómicos, cantidad y tipo de población materna- infantil atendida y los hallazgos de vigilancia en el nivel nacional DIRECCIÓN NACIONAL DE CEN-CINAI Código: DNCC-DT-UIVCD-MAN-04-2023 DIRECCIÓN TÉCNICA Unidad de Investigación y Vigilancia Crecimiento y Desarrollo Fecha: 17/07/2023 Versión: 1 Sistema de vigilancia del estado nutricional, del desarrollo infantil y salud en CEN-CINAI: modelo operativo SISVENDIS Página 47 de 79 Dirección Nacional de CEN-CINAI “Crecimiento y Desarrollo Integral para las niñas y los niños” De la esquina suroeste del parque Braulio Carrillo 100 metros al sur, Avenida 4 y 6, Calle 14 Tel: 2258-7918 / dir.nacional@cen-cinai.go.cr / www.cen-cinai.go.cr C. Estudio evaluación efectos en el estado nutricional y",,,
abierta_054,abierta,"Explique el manejo técnico de un niño con ""Baja Talla"" y qué profesional es el encargado de su clasificación final.","El manejo inicia con la detección de un estancamiento en el crecimiento lineal mediante el indicador Talla para Edad (T/E), registrando el dato en el expediente físico. El caso debe ser referido obligatoriamente al equipo interdisciplinario de la Oficina Local para una valoración profunda de sus determinantes sociales y biológicos. La persona profesional en Nutrición es la encargada de realizar la clasificación técnica definitiva, verificando los datos mediante el software Anthro de la OMS. En el caso de niños con necesidades especiales, el nutricionista debe seleccionar el patrón de crecimiento específico correspondiente, como el de Síndrome de Down o Acondroplasia. Posteriormente, se diseña un plan de atención que incluya el seguimiento nutricional y la posible referencia a servicios de pediatría de la CCSS.","El manejo técnico de un niño con diagnóstico de ""Baja Talla"" (Talla para la Edad \\(\le -2\\) DE) o ""Baja Talla Severa"" (Talla para la Edad \\(\le -3\\) DE) comprende las siguientes etapas normadas:
1. **Toma Antropométrica y Ploteo:** Toma de longitud (acostado si es < 2 años) o talla (de pie si es \\(\ge 2\\) años), calculando la edad cronológica (o edad corregida en prematuros hasta los 3 años y 4 meses). Se plotea en la gráfica de Talla para la Edad (OMS 2006 para menores de 5 años; OMS 2007 para mayores de 5 años).
2. **Verificación de Puntaje Z:** Obtención exacta del puntaje Z con dos decimales utilizando la calculadora del software Anthro.
3. **Notificación Epidemiológica Obligatoria:** Si la clasificación es Baja Talla Severa (Puntaje Z \\(\le -3\\) DE), la norma nacional exige completar la boleta VE01 e ingresarla en la plataforma SINAVISA del Ministerio de Salud.
4. **Abordaje Interdisciplinario:** Al ser un indicador de desnutrición crónica acumulada, el caso se incluye en la *Herramienta para el seguimiento interdisciplinario* en Excel y se presenta en sesión interdisciplinaria para evaluar factores dietéticos, entorno sociofamiliar y desarrollo.
5. **Referencia Médica (RISA):** Se coordina la referencia hacia el EBAIS/CCSS para descartar patologías médicas orgánicas, endocrinas o genéticas de fondo.
6. **Profesional Encargado de la Clasificación Final:** La clasificación oficial y definitiva del estado nutricional y la verificación del puntaje Z con el software Anthro es responsabilidad exclusiva del **Profesional en Nutrición** de la Oficina Local.","""La clasificación del estado nutricional lo realiza la persona profesional en nutrición..."" / ""Baja Talla En o inferior a la línea -2 DE... Baja Talla Severa En o inferior de la línea de -3 puntaje Z... debe ser reportado utilizando el reglamento de vigilancia de la salud [VE01/SINAVISA].""",REVIEW,4,0.6667,Procedimiento_Atencin_Interdisciplinaria_Malnutricin_Versin_02_2020.pdf,Baja Talla Severa En o inferior de la línea de -3 puntaje Z...,"Edad) Clasificación Peso Alto: PA Normal: NL Bajo Peso: B P Bajo Peso Severo: B PS Obesidad: O B Sobre peso: S P Normal: NL Desnutrición: DE Desnutrición Severa: DE S Muy Alto: M A Alto: AL Normal: NL Baja Talla: B T Baja Talla Severa: B T S Para igual o mayores de 5 años (≥5 años): Se requiere la información de los indicadores IMC (Índice de Masa Corporal) y T/E (Talla para edad). En la fila Puntaje Z, el profesional en nutrición de la Oficina Local deberá obtener el dato utilizando la calculadora del software Anthro. Esta información la debe escribir en cada una de las casillas de los indicadores antes mencionados. Se debe anotar el resultado con dos decimales y signo negativo si es el caso. En la fila de clasificación, el funcionario que realiza la evaluación anota en cada una de las casillas de los dos indicadores, el resultado obtenido al plotear los datos de IMC, talla y edad en las curvas de crecimiento de la OMS, 2006. Utilice para ello las siglas que aparecen en negrita en el siguiente cuadro, según sea la clasificación que corresponde para cada indicador: “Crecimiento y desarrollo infantil” DIRECCIÓN NACIONAL DE CEN CINAI PÁGINA 80 DE 140 VERSIÓN: 02 PROCEDIMIENTO PROCEDIMIENTO PARA LA ATENCIÓN INTERDISCIPLINARIA DEL NIÑO O NIÑA CON MALNUTRICIÓN CÓDIGO: PRO-AI- AIM-P-01 Igual o mayores de 5 años (≥5 años): I ndicador I M C ( Í ndice M as a C orporal) T/E ( Talla para Edad) Clasificación Obesidad: O B Sobre peso: S P Normal: NL Desnutrición: DE Desnutrición Severa: DE S Muy Alto: M A Alto: AL Normal: NL Baja Talla: B T Baja Talla Severa: B T S b) Fecha de evaluación del desarrollo: Anote en el siguiente espacio el día, mes y año",,,
abierta_055,abierta,"Analice la importancia de la ""escucha activa y respeto"" como ejes transversales en la atención integral infantil.","La escucha activa y el respeto son pilares fundamentales para establecer un vínculo de confianza entre el personal de CEN-CINAI y el grupo familiar. Estos ejes transversales permiten que los profesionales comprendan mejor la realidad socioeconómica y cultural que rodea al niño con malnutrición. Al aplicar un enfoque de ""cuidado cariñoso y sensible"", se garantiza que la intervención respete la dignidad y los derechos de la niñez y sus familias. Esta actitud empática facilita la adherencia de los padres a los planes de estimulación en el hogar y a las recomendaciones educativas. En última instancia, una atención humanizada potencia la efectividad del tratamiento interdisciplinario y contribuye al bienestar psicosocial del menor atendido.","La ""escucha activa"" y el ""respeto"" están consagrados como principios y ejes transversales fundamentales de las Normas Técnicas Sustantivas 2021 y del Procedimiento de Atención Interdisciplinaria de CEN-CINAI. Su importancia abarca tres dimensiones estratégicas:
1. **Hacia la Persona Menor de Edad (Enfoque de Derechos y Autonomía Progresiva):**
   - Garantiza que las niñas y niños sean concebidos como **sujetos de derechos** activos y no como meros objetos de atención.
   - La escucha activa y el respeto hacia sus emociones, intereses, expresiones y juego libre son los medios para reconocer sus necesidades y potenciar su **autonomía progresiva** en un entorno seguro y libre de violencia.
2. **Hacia la Familia y Grupo Familiar:**
   - En las acciones de educación al grupo familiar (PCD-GF-N-01) y atención interdisciplinaria, la escucha activa y el respeto permiten aceptar y comprender las realidades, saberes, recursos y contextos socioeconómicos de los padres/cuidadores sin juzgarlos.
   - Esto genera la empatía y confianza necesarias para fortalecer las **competencias parentales** y promover pautas de crianza respetuosas y afectivas en el hogar.
3. **En la Dinámica del Equipo Interdisciplinario:**
   - La escucha activa entre los profesionales de las distintas disciplinas (Nutrición, Psicología, Trabajo Social, Educación, Terapia de Lenguaje, Enfermería) es condición indispensable para armonizar los marcos conceptuales y construir un Plan de Atención Interdisciplinario consensuado, integral y efectivo.","""Mantener una escucha activa y de respeto, como medios para el reconocimiento de las necesidades, recursos, potencialidades y afectos, con el fin de permitir la adquisición de autonomía progresiva."" / ""Escucha activa: En la Atención Interdisciplinaria se requiere de una escucha activa hacia las personas atendidas como hacia los demás miembros del Equipo Interdisciplinario.""",NO_MATCH,3,0.4167,Procedimiento_Atencin_Interdisciplinaria_Malnutricin_Versin_02_2020.pdf,Escucha activa: En la Atención Interdisciplinaria se requiere de una escucha activa hacia las personas atendidas como hacia los demás miembros del Equipo Interdisciplinario.,"del crecimiento y desarrollo de sus hijos o hijas. Así mismo, puede permitir la participación de otros miembros de la familia involucrados en la crianza. “Crecimiento y desarrollo infantil” DIRECCIÓN NACIONAL DE CEN CINAI PÁGINA 56 DE 140 VERSIÓN: 02 PROCEDIMIENTO PROCEDIMIENTO PARA LA ATENCIÓN INTERDISCIPLINARIA DEL NIÑO O NIÑA CON MALNUTRICIÓN CÓDIGO: PRO-AI- AIM-P-01 Estrategia de abordaje interdisciplinario Consiste en: Consideraciones generales de uso de la estrategia Consejería La consejería es un proceso basado en el intercambio mediante diálogo, centrado en ayudar a otra persona a entender los factores determinantes de una situación y a involucrarse de modo emprendedor, libre y consciente para buscar una solución. Se focaliza en el mejoramiento de prácticas, el uso de recursos disponibles, prevenir alteraciones tempranas y en las interrelaciones entre la persona cuidadora de la niña o niño y el crecimiento y desarrollo. Es una conversación informal y /f_lexible en la cual se discute no solamente un tema especí/f_ico, sino el trasfondo biológico, socio- cultural. Implica que se establezca sin discriminación, ni relaciones de poder o coerción de ninguna de las partes. La estrategia requiere algunas condiciones como con/f_ianza, privacidad, tiempo y familiaridad. Puede ser realizada con los cuidadores del niño o niña, para la aplicación de acciones de seguimiento en el hogar. Puede ser utilizada con grupos de padres y madres o cuidadores que tienen niños y niñas con condiciones similares de riesgo. Atención en contexto Es una estrategia de atención que se realiza en el escenario cotidiano del niño o niña; ya sea en el establecimiento, patio, comedor o en el hogar, donde se observa e interactúa con el niño o niña mientras realiza sus actividades cotidianas, permitiendo ampliar información del caso, modelar conductas o emplear acciones con /f_ines educativos. Comprende orientaciones para estimulación y juego interactivo con el niño o",,,
abierta_059,abierta,"Analice el rol de las ""Sesiones de apoyo"" como estrategia de abordaje interdisciplinario y quiénes participan en ellas.","Las sesiones de apoyo funcionan como espacios de intervención intensiva para casos de malnutrición severa o persistente donde se requiere un acompañamiento más estrecho con la familia. En estas sesiones participa el equipo interdisciplinario completo de la Oficina Local junto con la madre, padre o persona cuidadora del niño. El objetivo es analizar conjuntamente las barreras que impiden la recuperación del menor y diseñar estrategias educativas y afectivas personalizadas. Estas sesiones permiten mantener el seguimiento clínico incluso cuando un niño ya ha recuperado su estado nutricional pero aún presenta rezagos en su desarrollo integral. Representan una modalidad de atención que trasciende la vigilancia individual para fomentar un cambio sostenible en el entorno familiar del niño.","En el procedimiento de atención interdisciplinaria, las **Sesiones de apoyo / acompañamiento** constituyen una estrategia de abordaje planificada con los siguientes roles y participantes:
1. **Rol y Propósito Técnico:**
   - Brindar un espacio estructurado de orientación personalizada, modelaje de pautas de crianza, demostración práctica (p. ej., preparación de alimentos o ejercicios de estimulación) y soporte emocional/educativo a las familias.
   - Tienen como fin reforzar el cumplimiento de los Planes de Atención Interdisciplinaria en el hogar, resolver dudas específicas sobre la alimentación o el desarrollo del menor y acompañar el control de los factores de riesgo social.
2. **Participantes en las Sesiones:**
   - **Por parte de CEN-CINAI:** Integrantes del **Equipo Interdisciplinario de la Oficina Local** (Nutricionistas, Psicólogos/as, Trabajadores/as Sociales, Educadores/as Preescolares, Terapeutas de Lenguaje) y/o el **personal del establecimiento** (ASSC 2, ASSC 3 o Profesional de CEN-CINAI).
   - **Por parte del Grupo Familiar:** La niña o el niño atendido en compañía de su **madre, padre, persona encargada o cuidadores directos del hogar**.","""Estrategias de abordaje interdisciplinario... Sesiones de apoyo... acompañamiento y modelaje a la familia... participan profesionales del equipo interdisciplinario, personal del establecimiento y la madre, padre o encargado...""",NO_MATCH,1,0.4444,Procedimiento_Atencin_Interdisciplinaria_Malnutricin_Versin_02_2020.pdf,"participan profesionales del equipo interdisciplinario, personal del establecimiento y la madre, padre o encargado...","estrategia Sesiones educativas a grupos de padres, madres y encargados o cuidadores del niños y niñas con malnutrición Son actividades sistemáticas, grupales, para grupos familiares con niños y niñas, orientadas a fortalecer competencias parentales y desarrollo de conductas de autocuidado y promoción del desarrollo integral de niños y niñas en el ambiente donde crece y se desarrolla. Utilizan metodologías participativas, con dinámicas grupales, privilegiando el aprendizaje, la expresión de emociones y no solo el aspecto cognitivo. Conjuntamente con los participantes se identi/f_ican temas de interés que fortalezcan los conocimientos, actitudes y prácticas intrafamiliares que fomenten alimentación saludable, crianza segura de los niños y niñas, así como estimulación del crecimiento, desarrollo, lenguaje, juego interactivo, promoción de la salud integral, entre otros. Se requiere convocar a los grupos familiares responsables del cuido y crianza de los niños o niñas con malnutrición, en un espacio apropiado y accesible. Se toman acuerdos de fechas, frecuencia de las sesiones y duración. Se plani/f_ican las sesiones utilizando diversas técnicas educativas: talleres, seminarios, demostraciones así como videos, imágenes, cuentos, anuales educativos y material disponibles en la institución, por ejemplo de: manuales de educación a adolescentes madres, somos familia, educa sin pegar, la alimentación de la embarazada, estrategia de educación nutricional, lactancia materna y materiales como: kit de EDIN, EVADE, bolso de estimulación del niño o niña, equipo antropométrico, alimentos y otros. “Crecimiento y desarrollo infantil” DIRECCIÓN NACIONAL DE CEN CINAI PÁGINA 59 DE 140 VERSIÓN: 02 PROCEDIMIENTO PROCEDIMIENTO PARA LA ATENCIÓN INTERDISCIPLINARIA DEL NIÑO O NIÑA CON MALNUTRICIÓN CÓDIGO: PRO-AI- AIM-P-01 Estrategia de abordaje interdisciplinario Consiste en: Consideraciones generales de uso de la estrategia Atención individualizada Son encuentros sistemáticos y plani/f_icados con el niño o niña, la madre, padre o persona cuidadora, donde se busca identi/f_icar de forma conjunta las causas múltiples de la malnutrición y condición",,,
abierta_062,abierta,"Analice cómo los determinantes sociales de la salud (agua, vivienda, violencia) afectan la priorización de un caso en la sesión interdisciplinaria.","Los determinantes sociales actúan como factores multiplicadores del riesgo que obligan al equipo a elevar la prioridad de atención de un caso, incluso si la malnutrición biológica es leve. La falta de agua potable o una vivienda con inadecuada disposición de excretas aumentan la probabilidad de enfermedades infecciosas que impiden la ganancia de peso del niño. Asimismo, la presencia de violencia intrafamiliar o consumo de drogas en el hogar se consideran riesgos psicosociales críticos que colocan al menor en Grupos de Riesgo Prioridad 1. Durante la sesión, el equipo interdisciplinario analiza estos factores para decidir la frecuencia de los seguimientos y la necesidad de referencias intersectoriales a instituciones como el PANI o el IMAS. La priorización basada en determinantes asegura que la intervención institucional ataque las causas raíz de la malnutrición y no solo sus síntomas.","Los determinantes sociales de la salud (individuales, familiares y comunitarios/ambientales) actúan como factores moduladores y agravantes en la evaluación integral del niño. En la sesión de trabajo interdisciplinario, el equipo analiza no solo el diagnóstico antropométrico o de desarrollo, sino también la presencia de indicadores de riesgo como falta de agua potable, vivienda inadecuada, deficiente manejo de excretas/basuras o violencia intrafamiliar. La presencia significativa de estos determinantes sociales reclasifica al caso hacia un nivel de gravedad superior (por ejemplo, elevando de Prioridad 3 o 2 a Prioridad 1 en los Grupos A, B, D, G, etc.), lo que acorta obligatoriamente los plazos de respuesta y seguimiento (primer seguimiento en máximo 1 mes) y activa intervenciones prioritarias de disciplinas como Trabajo Social, Psicología y coordinaciones intersectoriales (PANI, IMAS, Municipalidades, CCSS).","""...el equipo de profesionales define de manera conjunta y colaborativa, el nivel de prioridad de cada caso, considerando aspectos de salud, estado nutricional, nivel del desarrollo, datos del grupo familiar, riesgo social, entre otros determinantes sociales de la salud..."" / ""Presencia significativa de indicadores de riesgo... asigna Prioridad 1...""",REVIEW,4,0.8,Procedimiento_Atencin_Interdisciplinaria_Malnutricin_Versin_02_2020.pdf,"...el equipo de profesionales define de manera conjunta y colaborativa, el nivel de prioridad de cada caso, considerando aspectos de salud, estado nutricional, nivel del desarrollo, datos del grupo familiar, riesgo social, entre otros determinantes sociales de la salud...","la priorización y de/f_ine la estrategia inicial de abordaje interdisciplinario con la información disponible en el momento. Para ello, pueden registrar en la herramienta la información del instrumento de detección con el /f_in de que facilite realizar la priorización (empleando /f_iltros). Este registro en la herramienta, puede realizarse previo o durante la sesión. Considerar como insumo, factores de riesgo tales como: salud individual niño o niña, datos del grupo familiar o la comunidad, por ejemplo: estado nutricional, nivel del desarrollo, riesgo social, violencia familiar, entre otros determinantes sociales de la salud donde el niño o niña crece. De manera conjunta y colaborativa se de/f_ine su prioridad, el objetivo del plan de atención, la estrategia de atención que se implementará, ya sea por medio de: visita domiciliar, atención individual, grupal, contexto, consejería u otra y se designa la fecha del primer seguimiento y al o los responsables del seguimiento. Esto se registra en el Instrumento de detección. a) Instrumento de detección del niño o niña con malnutrición completado. b) Referencias recibidas de otras instituciones. c) Expediente del niño o niña o información proporcionada por otros funcionarios/as. d) Sistema de caracterización del ambiente familiar o de hogar (CAF o CAH). e) Lineamientos de priorización con base en grupos de riesgo para la atención y seguimiento interdisciplinario del niño o niña con malnutrición. (Anexo 1). f) Lineamientos para la evaluación del desarrollo en la atención interdisciplinaria de niños y niñas con malnutrición. (Anexo 2). g) Estrategias con enfoque de salud pública para la atención y seguimiento interdisciplinario del niño o niña con malnutrición. (Anexo 3). h) DISSEN del establecimiento. Al menos una vez al mes, cuando se detecta caso, o cuando se da el plazo de valorar seguimientos. Equipo interdisciplinario de O/f_icina Local. DIRECCIÓN NACIONAL DE CEN CINAI PÁGINA 26 DE 140 VERSIÓN:",,,
abierta_067,abierta,"Describa los objetivos del servicio de ""Atención y Protección Infantil"" (API) según las normas sustantivas.","El servicio de API tiene como objetivo primordial brindar atención integral y protección cotidiana a niñas y niños mientras sus padres trabajan o estudian. Busca promover el crecimiento y desarrollo óptimo mediante actividades educativas estructuradas y el suministro de alimentación complementaria de alta calidad. Entre sus fines específicos destaca la vigilancia sistemática de la salud, incluyendo tamizajes antropométricos, auditivos, visuales y bucales de forma frecuente. Además, este servicio intramuros permite la detección temprana de riesgos psicosociales o rezagos en el desarrollo para su abordaje inmediato por el equipo interdisciplinario. En síntesis, la modalidad API integra nutrición, educación y salud en un entorno seguro que garantiza el ejercicio de los derechos de la niñez atendida.","Según las Normas Técnicas Sustantivas 2021 (Norma API-EC-N-01 y API-EX-N-07), los objetivos principales del servicio de Atención y Protección Infantil (API) son:
1. **Maximizar el Potencial del Desarrollo Infantil:** Maximizar el desarrollo integral de las niñas y los niños desde el nacimiento hasta los 13 años, promoviendo el desarrollo de sus habilidades físicas, cognitivas, del lenguaje, socioafectivas y la socialización, haciendo énfasis prioritario en los primeros 1.000 días de vida.
2. **Entornos Sanos, Seguros y Estimulantes:** Ofrecer cuido diario e intervención cotidiana en espacios protectores que garanticen la seguridad, los cuidados de salud, la erradicación del maltrato y el cumplimiento de los derechos de la niñez.
3. **Alimentación Nutritiva y Salud:** Proveer alimentación complementaria (comidas servidas) ajustada a sus requerimientos nutricionales para prevenir la malnutrición y favorecer el crecimiento armónico.
4. **Empoderamiento Familiar (Extramuros):** En la modalidad extramuros, capacitar y acompañar al grupo familiar en el fortalecimiento de habilidades parentales y de estimulación en el hogar.","""Su objetivo se orienta a maximizar el potencial del desarrollo infantil desde el nacimiento hasta los 13 años; la adecuada nutrición, cuidados de salud y socialización, haciendo énfasis en los primeros mil días de vida... en espacios sanos, seguros y estimulantes...""",REVIEW,2,0.75,Normas-sustantivas-CEN-CINAI-30-09-2021.pdf,"en espacios sanos, seguros y estimulantes...","gastronómica e idiosincracia de las comunidades, contribuyendo al mejoramiento del estado nutricional y de la salud en general. DIRECCIÓN NACIONAL DE CEN-CINAI DIRECCIÓN TÉCNICA- UNAT-UIVCD Fecha: 23/08/2021 Versión: 1 Normas técnicas Sustantivas Página 15 de 20 Dirección Nacional de CEN-CINAI “Crecimiento y Desarrollo Infantil” 15 de 20 De la esquina suroeste del parque Braulio Carrillo 100 metros al sur, Avenida 4 y 6, Calle 14 Tel: 2258-7918 / Fax: 2223-6689 / Código Postal 10103 www.cen-cinai.go.cr API-EC-N-01 Norma para Atención Integral de niñas y niños Intramuros Servicio: Atención y Protección Infantil Orientación Conceptual Dirección Nacional de CEN CINAI Norma: Atención Integral de niñas y niños intramuros Código: API-EC-N-01 Tipo de Actividad: Sustantiva Supervisión: Jefatura de la Oficina Local. Asesoría Técnica: Área Técnica de las Direcciones Regionales. Supervisión del cumplimiento: Director (a) Regional. Evaluación: Dirección Técnica con sus dos unidades La Atención Integral es una atención cotidiana basada en el enfoque de derechos de las niñas y los niños de recibir; protección, cuidado, educación, nutrición y salud, desde entornos favorables, sanos, seguros y estimulantes, mediante los cuáles se propicia su óptimo desarrollo. Las modalidades para brindar los servicios de atención integral infantil son diversas, de acuerdo a la capacidad institucional y necesidades de las familias y la comunidad. El modelo de Educación Cotidiana y Protección Infantil que brinda la Dirección Nacional de CEN-CINAI está sustentado en una atención integral para el desarrollo óptimo, desde un enfoque de derechos y en el respeto a las necesidades evolutivas de los niñas y las niños. Este modelo contiene 6 ejes transversales con principios y valores que guían el quehacer en las acciones institucionales, concordantes con los principios de defensa y goce pleno de los derechos de los niños y las niñas, que establece la población costarricense. Los ejes transversales que corresponde a los principios de",,,
abierta_068,abierta,Analice cómo se seleccionan los materiales de apoyo según la prioridad del caso de malnutrición.,"La selección de materiales está condicionada por el Plan de Atención Interdisciplinario y el nivel de prioridad asignado al caso. Para los casos de Prioridad 1 y 2 (Grupos A, B, D y G), que presentan malnutrición severa o riesgo de retraso, se asignan kits completos de estimulación infantil y modelos de réplicas de alimentos para educación intensiva en el hogar. Estos beneficiarios reciben rotafolios educativos específicos y guías de planes de estimulación personalizados que el profesional utiliza durante las visitas domiciliarias o sesiones de apoyo. En contraste, para casos de menor riesgo o con desarrollo normal (Verde), se utilizan principalmente materiales impresos informativos y recomendaciones generales de promoción de la salud. Esta distribución diferenciada asegura que los recursos más especializados se focalicen en revertir las condiciones de mayor vulnerabilidad biológica y social.","La selección de materiales de apoyo (contemplados en el Anexo 7) está directamente vinculada con la clasificación del Nivel de Prioridad (Prioridades 1, 2, 3 y 4) e indicadores de riesgo del niño:
1. **Casos de Prioridad 1 (Gravedad Máxima - Grupos A, B, D, G):** Requieren la asignación prioritaria de insumos de apoyo biológico y familiar intensivo: asignación prioritaria del paquete de alimentos **DAF**, entrega del **Bolso/Kit de estimulación infantil con la guía impresa** para la familia, y el uso de **modelos o réplicas de alimentos** y **rotafolios grandes/pequeños** durante las visitas domiciliarias y sesiones individuales intensivas de Nutrición y Psicología.
2. **Casos de Prioridad 2 (Gravedad Media - Grupos C, E, H):** Se seleccionan materiales enfocados en la reorientación de hábitos y apoyo sociofamiliar: rotafolios educativos para la preparación de leche e higiene, réplicas de alimentos para la estimación de porciones en consejería dietética y guías de planes de estimulación.
3. **Casos de Prioridad 3 y 4 (Prioridad Menor / Protección - Grupos F, I, J):** Se utilizan principalmente guías grupales para mantener el seguimiento del desarrollo y supervisión del cumplimiento del año de protección DAF.","""Estrategias de abordaje y materiales de apoyo... según nivel de prioridad... DAF, kits de estimulación infantil, réplicas de alimentos, rotafolios...""",REVIEW,3,0.75,Procedimiento_Atencin_Interdisciplinaria_Malnutricin_Versin_02_2020.pdf,Estrategias de abordaje y materiales de apoyo...,"violencia doméstica Análisis cuadro 4: Con base en los hallazgos se analiza la cantidad de niños y niñas que presentan situaciones de riesgo que afecten su salud. d) Datos de priorización : Cuadro 5. Cantidad de niños y niñas con malnutrición según priorización reportada en el último seguimiento. Dirección Regional ______________________, año Dato Cantidad de niños y niñas con malnutrición según priorización reportada en el último seguimiento Oficina Local 1 (n=108) Oficina Local 2 (n=92) Oficina Local 3 (n=81) Total regional Prioridad 1 0 28 11 39 Prioridad 2 0 10 25 35 Prioridad 3 0 4 29 33 Prioridad 4 0 50 16 66 Análisis cuadro 5: Con base en los resultados obtenidos se analiza la cantidad de niños y niñas según prioridad y las acciones de respuesta oportuna que se están brindando. “Crecimiento y desarrollo infantil” DIRECCIÓN NACIONAL DE CEN CINAI PÁGINA 104 DE 140 VERSIÓN: 02 PROCEDIMIENTO PROCEDIMIENTO PARA LA ATENCIÓN INTERDISCIPLINARIA DEL NIÑO O NIÑA CON MALNUTRICIÓN CÓDIGO: PRO-AI- AIM-P-01 e) Reflexiones del equipo interdisciplinario sobre los principales hallazgos obtenidos por Oficina Local: se incluye en este apartado una reflexión integrada por Oficina Local de los principales hallazgos en los cuadros 2, 3, 4 y 5 de manera que sea insumo para el acompañamiento en cada Oficina Local. OBJETIVO 3. Lecciones aprendidas en la aplicación de las tareas que contempla el procedimiento de atención interdisciplinaria del niño o niña con malnutrición: Describir las estrategias en los siguientes cuadros: a) Estrategias exitosas empleadas para la atención del niño o niña con malnutrición: de las acciones realizadas, rescatar los principales logros que se obtuvieron en la aplicación del procedimiento de atención interdisciplinaria del niño o niña con malnutrición. Además, con base a la experiencia indicar cuales materiales de apoyo han sido funcionales y útiles. Cuadro 6. Estrategias exitosas",,,
abierta_072,abierta,Explique cómo se clasifican los resultados de la Lista de Cotejo de Patrones de Hábitos de Salud (Cumple / No Cumple).,"La clasificación se realiza mediante la observación directa o la entrevista a la persona cuidadora, evaluando conductas cotidianas relacionadas con la alimentación, higiene y descanso. Se clasifica como ""Cumple"" cuando el niño o niña ejecuta de forma sistemática el comportamiento saludable esperado para su etapa de desarrollo, como el lavado de manos o el consumo de agua. Por el contrario, se marca como ""No Cumple"" cuando la conducta está ausente o se realiza de forma incorrecta, lo que se interpreta como un factor de riesgo para la salud integral. Los resultados de esta lista de cotejo se registran obligatoriamente cada vez que se aplica la prueba EDIN II en menores de 6 años. Esta información cualitativa complementa la valoración biológica y permite que el equipo interdisciplinario diseñe estrategias educativas específicas para corregir hábitos inadecuados en el hogar.","La Lista de Cotejo de Patrones de Hábitos de Salud es un instrumento complementario a la prueba EDIN II que evalúa la presencia de hábitos protectores de salud en el niño (alimentación, higiene, sueño, descanso, eliminación, vestido y seguridad):
1. **Criterios de Calificación de los Ítems:** Cada hábito o conducta observada/consultada a la madre se califica de forma dicotómica como **Cumple** o **No Cumple**.
2. **Clasificación del Resultado Global:**
   - **Cumple:** Ocurre cuando el niño manifiesta la totalidad de los hábitos de salud esperados para su rango de edad (o la proporción mínima normada), indicando un entorno de crianza protector.
   - **No Cumple:** Ocurre cuando el niño presenta ausencia o incorrección en hábitos clave de salud (p. ej., higiene deficiente, patrones de sueño alterados o conductas de riesgo).
3. **Acción Derivada:** Un resultado de ""No Cumple"" orienta al personal y al equipo interdisciplinario a incorporar acciones de consejería específica y educación al grupo familiar (PCD-GF-N-01) en el Plan de Atención para corregir los hábitos alterados.","""Lista de cotejo patrones de hábitos de salud... Cumple / No cumple... Expediente de la niña y niño... Cada vez que se aplica el EDIN II.""",REVIEW,2,0.8,Manual-EDIN-II-final-2020.pdf,Lista de cotejo patrones de hábitos de salud...,"R A 3 A V R A 3 A V R A 3 A V R A 3 A V R A 3 A V R A 3 A V R A 3 A V R A 3 A V R A 3 A V R A 3 A V R A 3 A V R A 3 A V R A 3 A V R A 3 A V R A 3 A V R A 3 A V R A 3 A V R A RESULTADO RESULTADO RESULTADO RESULTADO RESULTADO RESULTADO RESULTADO RESULTADO RESULTADO RESULTADO RESULTADO RESULTADO RESULTADO RESULTADO RESULTADO RESULTADO RESULTADO RESULTADO RESULTADO DE LA VALORACIÓN NEUROLÓGICA GLOBAL PERSONA EVALUADORA PERSONA EVALUADORA PERSONA EVALUADORA *Instrumento adaptado de: Formato Único de Aplicación Prueba EDI, México RESULTADO RESULTADO MG L MF C SA REFLEJO 1 R V REFLEJO 2 R V REFLEJO 3 R V REFLEJO 4 R V REFLEJO 5 R V REFLEJO 6 R V REFLEJO 7 R V REFLEJO 8 R V REFLEJO 9 R V LISTA DE COTEJO DE PATRONES 103 El objetivo de la lista de cotejo de patrones es complementar la evaluación de la prue- ba EDIN-II al determinar la existencia o no de hábitos que impactan el desarrollo infan- til, por lo tanto, para todos los enunciados se solicitará la referencia de la persona en - cargada. Si el niño o la niña no cumple con alguno de los patrones, se brindará la edu - cación oportuna para fomentar ese hábito, pues la ausencia de un conjunto de hábitos puede jugar un papel como factor de riesgo, así como la presencia se convertiría en un factor protector. La lista incluye patrones de alimentación, eliminación, sueño y descanso, higiene y vestido para los infantes más pequeños, se agrega el patrón de seguridad en",,,
abierta_073,abierta,Describa las tareas del profesional en Nutrición de la Oficina Local en el acompañamiento técnico del personal ASSC.,"El nutricionista de la Oficina Local tiene la tarea primordial de brindar modelaje y asesoría en sitio al personal ASSC para asegurar la técnica correcta en la toma de peso y talla. Supervisa periódicamente que los equipos antropométricos estén debidamente calibrados y en condiciones óptimas para el uso diario. Asimismo, acompaña en la interpretación de las gráficas de crecimiento para evitar errores en el ploteo de puntos y en la identificación de tendencias negativas. El profesional también capacita al personal asistente en el manejo del software Anthro para la verificación de casos complejos y en el llenado correcto de los instrumentos de detección inicial. Estas tareas de acompañamiento técnico garantizan que la vigilancia nutricional en los establecimientos mantenga los estándares de calidad exigidos por la Dirección Nacional.","Las tareas del Profesional en Nutrición de la Oficina Local en el acompañamiento técnico del personal ASSC (ASSC 2 y ASSC 3) abarcan:
1. **Modelaje y Asesoría Técnica:** Brindar acompañamiento técnico presencial y modelaje en las técnicas correctas de toma de medidas antropométricas (peso, longitud y talla), ploteo de curvas de crecimiento, cálculo de edad y registro de datos en las hojas de respuesta del expediente.
2. **Verificación de la Clasificación Nutricional (Software Anthro):** Actuar como responsable de verificar la clasificación antropométrica y obtener el puntaje Z exacto (con dos decimales y signo) utilizando la calculadora del software Anthro para los indicadores correspondientes.
3. **Control de Calidad de los Tamizajes:** Revisar la veracidad y calidad de los datos recolectados por el ASSC en los formularios físicos de detección antes de ingresarlos en la herramienta digital Excel.
4. **Capacitación Continua:** Formar al personal ASSC en la identificación de errores de medición o ploteo y en el uso de los manuales operativos de evaluación nutricional.","""Oficina Local acompañamiento técnico: Nutrición... Identificación del caso: ASSC3, ASSC2, Profesional de establecimiento. Clasificación nutricional: Profesional de Oficina Local [Nutrición]...""",REVIEW,3,0.8333,Procedimiento_Vigilancia_Crecimientoydesarrollo_intrayextramurosUIVCD.pdf,"Identificación del caso: ASSC3, ASSC2, Profesional de establecimiento.","la Oficina Local respectiva, las niñas o niños detectados con necesidades especiales en su crecimiento, desarrollo y entorno social donde vive y crece. Se refieren al equipo interdisciplinario de Oficina Local todos los casos de niñas o niños que se detectan con: a) Malnutrición en cualquiera de los indicadores antropométricos: obesidad, sobrepeso, peso alto, desnutrición, desnutrición severa, baja talla o baja talla severa, bajo peso y bajo peso severo y se completan correctamente todos los datos solicitados en el instrumento de detección del niño o niña con malnutrición. b) Rezago en el desarrollo en la prueba EDIN II: con resultado global rojo c) Rezago en el desarrollo en la prueba EVADE: con resultados 1 o 0 puntos sin logro en la edad anterior. d) Condición especial en su crecimiento y desarrollo: acondroplasia, parálisis cerebral, enfermedades crónicas, Síndrome Down y otros e) Condición de riesgo psicosocial: violencia intrafamiliar, abandono infantil, abuso, bajos recursos socioeconómicos y otros, para que el equipo Oficina Local gestione referencia al PANI, Ministerio Público, INAMU, IMAS, MEP, Municipalidad o donde corresponda. f) Niñas y niños con rezago en comunicación y lenguaje, que después de a) Instructivo e instrumento de detección de niña o niño con malnutrición. b) Procedimiento de atención interdisciplinaria niñas o niños con malnutrición. c) Manual para la estimulación del lenguaje. a) Instrumentos de referencia a equipo interdisciplinario. b) Boleta VE01 Permanente toda vez que se detecte un caso con malnutrición o rezago en su desarrollo o condición de riesgo psicosocial. ASSC3 ASSC2 Profesional de establecimiento DIRECCIÓN NACIONAL DE CEN-CINAI DIRECCIÓN TÉCNICA UNIDAD DE INVESTIGACIÓN Y VIGILANCIA DEL CRECIMIENTO Y DESARROLLO PÁGINA 28 DE 45 VERSIÓN: 01 PROCEDIMIENTO PROCEDIMIENTO VIGILANCIA DEL CRECIMIENTO Y DESARROLLO INFANTIL EN LA MODALIDAD INTRAMUROS Y EXTRAMUROS CÓDIGO: PRO-CD-P-01 “CRECIMIENTO Y DESARROLLO MATERNO-INFANTIL” N° Tarea Método Documentos de referencia e instrumentos",,,
abierta_078,abierta,Explique la importancia de la actualización constante de la normativa institucional ante cambios en las pruebas de desarrollo (como el paso de EDIN a EDIN II).,"La actualización normativa, liderada por la UIVCD, garantiza que la vigilancia institucional se base en la evidencia científica más reciente y en instrumentos validados por la academia, como el paso a la escala EDIN II validada por la UCR. Mantener los manuales operativos al día permite unificar las técnicas de medición a nivel nacional, reduciendo los sesgos en la detección de rezagos. Esto es crítico para el SISVENDIS 2023, ya que herramientas más sensibles permiten capturar hitos del desarrollo de forma precisa, orientando mejor la asignación de recursos y estrategias de estimulación. Una normativa desactualizada comprometería la calidad del dato y, por ende, la efectividad de las políticas públicas dirigidas a la primera infancia.","La actualización constante de la normativa institucional ante avances o cambios en los instrumentos de evaluación (como la transición de la escala EDIN simplificada a la prueba EDIN II) es fundamental por las siguientes razones de gestión pública y rigor técnico:
1. **Validez y Confiabilidad Científica:** La prueba EDIN II incorpora tablas estandarizadas, nuevos materiales físicos y un sistema de calificación tipo semáforo por hito (Verde, Amarillo, Rojo) validado por la Universidad de Costa Rica, lo que exige adecuar las normas para evitar diagnósticos desactualizados de rezago o riesgo.
2. **Alineamiento de los Procedimientos y Herramientas Digitales:** Reclama la modificación inmediata de los manuales operativos (PRO-CD-P-01, PRO-AI-AIM-P-01), los instructivos de detección y las macros de la herramienta Excel para registrar correctamente las nuevas variables de desarrollo y sus criterios de priorización.
3. **Comparabilidad y Evaluación de Efectos Nacionales:** Como señala el SISVENDIS 2023, cambiar la escala de medición modifica los parámetros de la serie histórica nacional. La normativa debe actualizarse para redefinir los criterios metodológicos de los estudios de efectos institucionales (efecto de mejora, mantiene o cae) y garantizar la rendición de cuentas del país.","""Mantener actualizada la documentación normativa que regula la implementación del SISVENDIS... La Dirección Nacional de CEN-CINAI adopta el tamizaje actualizado EDIN II... lo que requiere modificar los criterios de efectos de mejora...""",REVIEW,2,0.75,Procedimiento_Atencin_Interdisciplinaria_Malnutricin_Versin_02_2020.pdf,La Dirección Nacional de CEN-CINAI adopta el tamizaje actualizado EDIN II...,"niña presenta cambio de edad a mayor de 6 años, se debe aplicar el EVADE. No se comparan resultados de EDIN y EVADE. 8. Si entre un seguimiento y otro NO hay cambio de edad, ni signo de alerta para una nueva evaluación, NO se anota en la herramienta los resultados del desarrollo. En observaciones del seguimiento y en expediente interdisciplinario de niñas y niños con malnutrición, se anota que mantiene su condición. “Crecimiento y desarrollo infantil” DIRECCIÓN NACIONAL DE CEN CINAI PÁGINA 50 DE 140 VERSIÓN: 02 PROCEDIMIENTO PROCEDIMIENTO PARA LA ATENCIÓN INTERDISCIPLINARIA DEL NIÑO O NIÑA CON MALNUTRICIÓN CÓDIGO: PRO-AI- AIM-P-01 9. Si el niño o niña se encuentra en proceso de implementación de un plan o recomendaciones en el hogar, se anota en observaciones de la herramienta y en expediente interdisciplinario de niñas y niños con malnutrición. Por lo anterior, puede que el número de seguimiento en el estado nutricional no sea el mismo que en el nivel de desarrollo. Una vez que entre en vigencia el EDIN II, para niñas y niños de 0 meses a 6 años de edad: 1. La evaluación del desarrollo EDIN II (para menores de 6 años) se realiza al momento de la detección de niños o niñas con malnutrición, en misma fecha o muy próxima a la evaluación antropométrica. Los resultados obtenidos se registran en el instrumento respectivo y en la herramienta de seguimiento interdisciplinario de niños o niñas con malnutrición. 2. Si luego de la aplicación del tamizaje en el nivel de desarrollo, el resultado global presenta los siguientes criterios, se procede según se indica a continuación: Verde Desarrollo normal: la niña o niño cumple con los hitos del desarrollo correspondiente a su grupo de edad. Acciones: Mantener las actividades que favorezcan la promoción del desarrollo. Se brindan recomendaciones",,,
abierta_090,abierta,"Analice cómo el modelo SISVENDIS 2023 integra la vigilancia de la ""diversidad alimentaria mínima"" como un determinante crítico que complementa la valoración antropométrica tradicional.","El SISVENDIS 2023 trasciende la medición del peso y talla al incluir la consulta sobre diversidad alimentaria como un tamizaje regular registrado en el expediente. Esta variable evalúa si el niño consume alimentos de al menos cuatro grupos distintos en las últimas 24 horas, permitiendo detectar carencias de micronutrientes incluso si el peso es aparentemente normal. Al integrar este dato en la herramienta de vigilancia, la institución puede identificar hogares con inseguridad alimentaria cualitativa de forma temprana. Este complemento es vital para las ""acciones de doble propósito"", ya que permite orientar la educación nutricional hacia la calidad de la dieta, previniendo tanto la desnutrición oculta como la obesidad.","El modelo SISVENDIS 2023 integra la vigilancia de la **Diversidad Alimentaria Mínima** (adoptando los estándares internacionales de la FAO y USAID, 2018) como un determinante clave de la calidad nutricional:
1. **Operatividad de la Medición:** Evalúa mediante cuestionario la cantidad de grupos de alimentos consumidos por la niña o el niño en las últimas 24 horas (estableciendo como logro la ingesta de 5 o más grupos de alimentos).
2. **Complementariedad con la Valoración Antropométrica:**
   - La evaluación antropométrica tradicional (peso y talla) refleja las consecuencias biológicas acumuladas en el cuerpo (masa magra, adiposidad o crecimiento óseo).
   - La diversidad alimentaria mide la calidad cualitativa de la dieta e ingesta de micronutrientes esenciales en el hogar en tiempo real.
3. **Utilidad Preventiva:** Permite detectar tempranamente patrones dietéticos deficientes y vacíos de micronutrientes antes de que se manifiesten en las curvas de crecimiento como desnutrición o sobrepeso, orientando recomendaciones escritas inmediatas a la familia para corregir la alimentación en la vivienda.","""Consulta sobre diversidad alimentaria mínima: Cantidad de grupos de alimentos consumidos por la niña o niño en las últimas 24 horas... Logro: 5 grupos o más... La finalidad de este cuestionario es reflejar un puntaje de diversidad alimentaria, de tal forma que se logre Reforzar el consumo de los otros grupos de alimentos no consumidos...""",NO_MATCH,4,0.3077,SISVENDIS-2023.pdf,Consulta sobre diversidad alimentaria mínima: Cantidad de grupos de alimentos consumidos por la niña o niño en las últimas 24 horas...,"y así contribuir a alcanzar su mejor potencial de crecimiento y desarrollo infantil. 3. Documentar y sistematizar en los conocimientos en recolección, procesamiento, análisis, control de calidad del dato y divulgación de la información sobre la situación del estado de nutrición, del nivel del desarrollo y de salud de los niñas y niños. 4. Brindar asistencia técnica , supervisión capacitante, asesoría técnica y acompañamiento técnico de manera continua con respecto a las acciones de vigilancia del estado nutricional, nivel del desarrollo y salud que se ejecutan en los tres niveles de gestión; orientado hacia el análisis de los resultados para la identificación de acciones prioritarias y pertinentes en la mejora de la atención de las niñas y niños. 5. Apoyar y promover el desarrollo de la investigación de interés para la vigilancia del crecimiento y desarrollo, en procura de la innovación y evaluación de las estrategias de atención de las niñas y niños que asisten a los servicios de los CEN-CINAI. C. Roles: Con respecto a los roles de las personas funcionarias en el cumplimiento del SISVENDIS, estos se interrelacionan y articulan en la implementación de los procedimientos vigentes, en la siguiente figura se resume los roles de los diferentes actores institucionales: Figura 4. Roles y responsabilidades en la implementación del SISVENDIS ASSC2, ASSC3, Encargada de CINAI y otros • Toma de tamizajes con calidad y oportunidad • Registro en instrumentos correspondientes • Actualización de expedientes o información individual de la niña o niño • Comunicar resultados de tamizajes a los grupos familiares • Referir casos que se detectan con resultados no esperados para su edad o presentan signos de alerta DIRECCIÓN NACIONAL DE CEN-CINAI Código: DNCC-DT-UIVCD-MAN-04-2023 DIRECCIÓN TÉCNICA Unidad de Investigación y Vigilancia Crecimiento y Desarrollo Fecha: 17/07/2023 Versión: 1 Sistema de vigilancia del estado nutricional, del desarrollo infantil",,,
abierta_091,abierta,"Explique el manejo administrativo y técnico de un niño con estatus migratorio ""indocumentado"" dentro del sistema de vigilancia, detallando cómo se registra su información sin vulnerar su derecho a la atención.","CEN-CINAI garantiza la atención integral de toda persona menor de edad independientemente de su condición migratoria, fundamentado en el enfoque de derechos de la niñez. Administrativamente, la herramienta digital permite ingresar la palabra ""indocumentado"" o códigos alfanuméricos provisionales en el campo de identificación para no bloquear el proceso de ingreso. Técnicamente, el niño recibe todos los tamizajes de crecimiento, desarrollo y salud bajo el mismo protocolo que un beneficiario con documentos nacionales. Esta práctica asegura que la vigilancia epidemiológica institucional sea inclusiva y que el menor reciba los servicios de nutrición y protección necesarios mientras se regulariza su situación jurídica en el país.","El manejo administrativo y técnico para niños o niñas con estatus migratorio ""indocumentado"" garantiza el pleno respeto a su derecho a la salud e inclusión:
1. **Manejo Administrativo (Enfoque de Derechos):**
   - Basándose en el principio de equidad social y en el Código de la Niñez y la Adolescencia, la falta de documentos de identidad oficiales (cédula, pasaporte, carnet de residencia) o la condición migratoria irregular **no constituye una barrera ni motivo de rechazo** para el estudio de selección ni para el ingreso a los servicios de CEN-CINAI.
2. **Manejo Técnico y Registro Digital:**
   - En el campo de Identificación de los formularios físicos y de la *Herramienta para el seguimiento interdisciplinario* en Excel, la norma indica escribir expresamente la palabra **""indocumentado""** o **""sin documentos""**.
   - Esto permite aperturar el expediente clínico oficial en la Oficina Local, asignarle un código interno de establecimiento e integrarlo en la herramienta digital sin bloquear las fórmulas del sistema ni los filtros de priorización (Grupos A al J).
3. **Acompañamiento Social:**
   - El equipo interdisciplinario (especialmente la persona profesional en Trabajo Social) coordina mediante la red intersectorial (RISA / PANI / Registro Civil) para apoyar a la familia en las gestiones de filiación o regularización identificatoria del menor, sin interrumpir en ningún momento la atención de su crecimiento y desarrollo.","""Si la persona no posee ningún tipo de documento, anote la palabra sin documentos en este espacio."" / ""Identificación: Filtro Pueden ser datos numéricos, alfanuméricos, indocumentado."" / ""Todas las niñas, niños... en condición de pobreza o riesgo social se le aplicará el estudio de selección...""",NO_MATCH,2,0.4,Procedimiento_Atencin_Interdisciplinaria_Malnutricin_Versin_02_2020.pdf,"Si la persona no posee ningún tipo de documento, anote la palabra sin documentos en este espacio.","información y lo archive como respaldo, para posteriormente, proceder a ingresar los datos en la “Herramienta para el seguimiento interdisciplinario del niño o niña con malnutrición”. • Los datos que contienen un asterisco en el margen izquierdo (*), no se digitan en la herramienta, pero se pueden incluir en el espacio de observaciones. Recuerde: conforme con la responsabilidad de toda persona funcionaria pública y los lineamientos de control interno, toda la información que se reporte debe ser veraz y contar con la documentación que la respalda. R E G I S T R O DE DAT O S : Digitado en Herramienta: Marcar la casilla si la información contenida en el instrumento de detección del niño o niña con malnutrición fue digitada en la herramienta del mismo nombre. Fech a: Anotar el día, mes y año en que se digitó la información contenida en el instrumento de detección del niño o niña con malnutrición en la herramienta del mismo nombre. Ejemplo 10/02/2019 “Crecimiento y desarrollo infantil” DIRECCIÓN NACIONAL DE CEN CINAI PÁGINA 65 DE 140 VERSIÓN: 02 PROCEDIMIENTO PROCEDIMIENTO PARA LA ATENCIÓN INTERDISCIPLINARIA DEL NIÑO O NIÑA CON MALNUTRICIÓN CÓDIGO: PRO-AI- AIM-P-01 1. DAT O S PE R S O NAL E S Nombre del establecimiento: Anote el nombre del establecimiento donde el niño o niña recibe los servicios. Fech a de llenado: Anote en el espacio el día, mes y año en que realizó el llenado de los datos del niño o la niña detectado con malnutrición solicitados en este instrumento. Ej. 26/06/2019 Nomb re del niñ o ( a) : Escriba con letra clara y legible el primer apellido del niño o niña, luego el segundo apellido y finalmente el nombre completo. S ex o: Anote una X en el paréntesis correspondiente. Si el sexo es hombre marca",,,
abierta_092,abierta,"Describa la evolución histórica de los informes de ""Datos Básicos"" desde el año 2002 hasta la actualidad, destacando el cambio del procesamiento manual a la digitalización en Excel por niveles.","Históricamente, los informes de ""Datos Básicos"" iniciaron como resúmenes manuales de tamizajes que se enviaban físicamente para su consolidación nacional, lo que generaba retrasos importantes en el análisis. A partir de la implementación de modelos como SISVENDI y el actual SISVENDIS 2023, el proceso se ha digitalizado mediante herramientas Excel estandarizadas en las Oficinas Locales. Esto permite que la información de cada niño se digite localmente y fluya electrónicamente hacia los niveles regionales para la generación de informes automáticos de ejecución programática. Esta evolución ha mejorado drásticamente la oportunidad y calidad del dato, permitiendo a los tomadores de decisión contar con infografías de tendencias nacionales en tiempo real.","La evolución histórica del informe de ""Datos Básicos"" dentro de CEN-CINAI refleja una transición tecnológica e institucional estructurada en cuatro fases:
1. **Etapa Inicial de Procesamiento Manual (1996 - 2008):** Los resultados de la vigilancia se recolectaban anualmente de forma manual en formularios impresos desde los expedientes de cada CEN y CINAI. Se enviaban al nivel central para la elaboración manual de un único informe nacional impreso con cifras del país y regiones de salud.
2. **Transición a la Digitalización en Excel (2009 - 2010):** La UIVCD actualiza el instrumento de recolección y diseña la primera herramienta estandarizada en Excel. Esto permitió descentralizar el procesamiento de datos por niveles de gestión (local, regional y nacional), haciendo posible que cada Oficina Local y Dirección Regional analizara sus propios resultados para tomar decisiones priorizadas.
3. **Consolidación y Series Históricas (2011 - 2017):** Se agregan series históricas de datos desde el año 2002, reportes cantón/provincia y resúmenes ejecutivos tipo brochure.
4. **Período 2018 a la Actualidad:** El informe anual se especializa en tres publicaciones (caracterización socioeconómica, estado nutricional y desarrollo infantil) acompañadas de infografías. En 2023 se consolida la digitalización con herramientas Excel vinculadas para captura por establecimiento, consolidación por Oficina Local, consolidación por Dirección Regional y consolidación nacional.","""...donde se recopilaba de forma manual y anual, los datos de todos los expedientes... A partir del año 2010, la UIVCD actualiza el instrumento para recolección de datos básicos y se diseña una herramienta en Excel para el registro, consolidación y uso en cada uno de los niveles de gestión (local, regional y nacional)...""",NO_MATCH,5,0.5909,SISVENDIS-2023.pdf,"A partir del año 2010, la UIVCD actualiza el instrumento para recolección de datos básicos y se diseña una herramienta en Excel para el registro, consolidación y uso en cada uno de los niveles de gestión (local, regional y nacional)...","4 y 6, Calle 14 Tel: 2258-7918 / dir.nacional@cen-cinai.go.cr / www.cen-cinai.go.cr de decisión conocer la situación de vigilancia del crecimiento y desarrollo de la población atendida en sus ámbitos geográficos de cobertura. Como parte del procedimiento, se contempla una serie de instrumentos, herramientas Excel y formatos de reportes e infografías para uso en los diferentes niveles de gestión, seguidamente el detalle: Instrumentos y sus respectivos instructivos: • Formulario de consolidados tamizajes por niña o niño, uno para clientes inscritos en intramuros y otro para uso en extramuros. • Guía para tabulación de los datos recopilados en el formulario datos de vigilancia: salud, crecimiento y desarrollo infantil. • Formulario datos de vigilancia: salud, crecimiento y desarrollo infantil por establecimiento e Instructivo Orientaciones e instrucciones para el uso y llenado de: consolidado de tamizajes, la guía de tabulación datos de vigilancia: salud, crecimiento y desarrollo infantil. Herramientas: • Herramienta en Excel de Datos Básicos de vigilancia para uso de Oficina Local • Consolidado de Herramienta en Excel de Datos Básicos de vigilancia de las oficinas loc ales, para uso de Área Técnica Regional • Consolidado de Herramienta en Excel de Datos Básicos de vigilancia de las direcciones regionales para uso de la Unidad de Investigación y Vigilancia del Crecimiento y Desarrollo. Formatos de reporte e infografías: • Datos básicos para uso de Oficina Local • Datos básicos para uso de Área Técnica Regional • Formatos de infografía de datos básicos para uso de Oficina Local • Formatos de infografía de datos básicos para uso de Área Técnica Regional En la siguiente figura 5 se resumen las acciones contempladas para la recolección, análisis y divu lgación de la información de vigilancia en los diferentes niveles de gestión según lo contemplado en el SISVENDIS: DIRECCIÓN NACIONAL DE CEN-CINAI Código: DNCC-DT-UIVCD-MAN-04-2023 DIRECCIÓN TÉCNICA Unidad de",,,
