question_id,category,question,ground_truth,authoritative_evidence,response_A,response_B,response_C
corta_001,corta,¿Cuáles son los criterios antropométricos que activan la referencia de un niño al proceso de atención interdisciplinaria en CEN-CINAI?,"Los criterios incluyen clasificaciones de obesidad, sobrepeso, desnutrición o desnutrición severa (en Peso para Talla o IMC), bajo peso o bajo peso severo (en Peso para Edad), y baja talla o baja talla severa (en Talla para Edad).","Source document: Procedimiento_Atencin_Interdisciplinaria_Malnutricin_Versin_02_2020.pdf; Procedimiento_Vigilancia_Crecimientoydesarrollo_intrayextramurosUIVCD.pdf
Page/section: Procedimiento_Atencin_Interdisciplinaria_Malnutricin_Versin_02_2020.pdf: Páginas 39-45 de 140; Procedimiento_Vigilancia_Crecimientoydesarrollo_intrayextramurosUIVCD.pdf: Página 31 de 45 (Tarea 1)
Supporting excerpt: ""a) Malnutrición por defecto o exceso en uno o más de los indicadores antropométricos: obesidad, sobrepeso, peso alto, desnutrición, desnutrición severa, baja talla o baja talla severa, bajo peso y bajo peso severo...""","No tengo suficiente información en el contexto proporcionado para especificar los criterios antropométricos que activan la referencia de un niño al proceso de atención interdisciplinaria en CEN-CINAI. El contexto menciona que existen procedimientos para la referencia de casos detectados con necesidades especiales en crecimiento y desarrollo, pero no detalla los criterios antropométricos específicos.","No tengo suficiente información para responder a la pregunta sobre los criterios antropométricos específicos que activan la referencia de un niño al proceso de atención interdisciplinaria en CEN-CINAI. El texto proporcionado menciona la detección de malnutrición y necesidades especiales en el crecimiento y desarrollo, pero no especifica los criterios antropométricos detallados.","La información proporcionada en el contexto no menciona específicamente los criterios antropométricos que activan la referencia de un niño al proceso de atención interdisciplinaria en CEN-CINAI. Por lo tanto, no tengo suficiente información para responder la pregunta."
corta_002,corta,¿Qué disciplinas conforman el equipo interdisciplinario de una Oficina Local de CEN-CINAI y cuál es la función de cada una en el proceso de atención?,"El equipo está conformado por profesionales en Nutrición, Psicología, Docencia y Terapia de Lenguaje. Sus funciones incluyen la valoración, detección, atención y seguimiento de los casos, así como la ejecución de estrategias individuales, familiares o grupales según su especialidad.","Source document: Procedimiento_Vigilancia_Crecimientoydesarrollo_intrayextramurosUIVCD.pdf; SISVENDIS-2023.pdf; Procedimiento_Atencin_Interdisciplinaria_Malnutricin_Versin_02_2020.pdf
Page/section: Procedimiento_Vigilancia_Crecimientoydesarrollo_intrayextramurosUIVCD.pdf: Páginas 39-40 de 45; SISVENDIS-2023.pdf: Página 50 de 79; Procedimiento_Atencin_Interdisciplinaria_Malnutricin_Versin_02_2020.pdf: Páginas 67 y 75 de 140
Supporting excerpt: ""Las Oficinas Locales cuentan con un equipo de profesionales en las especialidades de Nutrición, Psicología, Educación Preescolar y Terapia de Lenguaje..."" / ""...Seguimiento a la niña o niño con sobrepeso u obesidad (Nutricionista)... rezago en desarrollo (Psicología)... problemas de lenguaje (Terapeuta de Lenguaje)...""","El equipo interdisciplinario de una Oficina Local de CEN-CINAI está principalmente integrado por especialistas en Nutrición, Psicología, Educación Preescolar y Terapia de Lenguaje. Sin embargo, el contexto proporcionado no especifica la función particular de cada disciplina en el proceso de atención. Se menciona que estos profesionales realizan la atención interdisciplinaria con un enfoque de salud pública, considerando las determinantes sociales de la salud en el entorno y siguiendo los principios de atención primaria en salud, pero no se detalla la función específica de cada disciplina.","Según el contexto proporcionado, el equipo interdisciplinario de una Oficina Local de CEN-CINAI está integrado principalmente por especialidades de:

1. **Nutrición**: Se enfoca en la evaluación y mejora de la nutrición de las niñas y los niños, lo que es crucial para su crecimiento y desarrollo saludable.
2. **Psicología**: Contribuye al equipo con el apoyo emocional y psicológico necesario para las niñas y los niños, así como para sus familias, abordando aspectos como el desarrollo emocional y la salud mental.
3. **Educación Preescolar**: Ayuda en la evaluación y promoción del desarrollo cognitivo y educativo de las niñas y los niños, preparándolos para su ingreso al sistema educativo formal.
4. **Terapia de Lenguaje**: Se centra en el desarrollo y mejora de las habilidades comunicativas y del lenguaje en las niñas y los niños, lo que es fundamental para su integración social y educativa.

La función de cada una de estas disciplinas en el proceso de atención es brindar una evaluación y apoyo integral a las niñas y los niños, considerando sus necesidades nutricionales, emocionales, educativas y de comunicación. El equipo interdisciplinario trabaja de manera colaborativa para diseñar estrategias de atención personalizadas, basadas en las necesidades específicas de cada niño o niña, con el objetivo de promover su crecimiento y desarrollo de manera óptima y segura.

En este contexto, la atención interdisciplinaria se caracteriza por ser integral, considerando los determinantes sociales de la salud y siguiendo los principios de atención primaria en salud, como el acceso a la atención, la equidad, la orientación a la justicia social y la participación de la comunidad. El equipo mantiene criterios de ética, respeto y calidad profesional, y se compromete a guardar la confidencialidad de la información sensible y privada de las niñas y los niños.","El equipo interdisciplinario de una Oficina Local de CEN-CINAI está integrado por especialistas en Nutrición, Psicología, Educación Preescolar y Terapia de Lenguaje. Cada disciplina desempeña un papel específico en el proceso de atención:

1. **Nutrición**: Se encarga de evaluar y gestionar las necesidades nutricionales de las niñas y niños, detectando y abordando casos de malnutrición o riesgos relacionados con el estado nutricional.

2. **Psicología**: Trabaja en la evaluación y apoyo emocional y cognitivo de las niñas y niños, así como en su desarrollo psicosocial, identificando factores de riesgo y promoviendo estrategias de resiliencia.

3. **Educación Preescolar**: Se enfoca en el desarrollo cognitivo, social y emocional de las niñas y niños, asegurando un entorno educativo adecuado y promoviendo habilidades básicas para el aprendizaje.

4. **Terapia de Lenguaje**: Identifica y aborda problemas de desarrollo del lenguaje y comunicación, implementando intervenciones terapéuticas para mejorar las habilidades de comunicación y expresión.

Estas disciplinas trabajan de manera colaborativa, integrando sus enfoques para proporcionar una atención integral que considera las determinantes sociales de la salud y promueve el crecimiento y desarrollo óptimo de las niñas y niños."
corta_003,corta,¿Con qué frecuencia mínima debe revisar el equipo interdisciplinario de la Oficina Local el Instrumento de detección de un niño o niña con malnutrición?,El equipo interdisciplinario debe analizar y priorizar los casos al menos una vez al mes.,"Source document: Procedimiento_Atencin_Interdisciplinaria_Malnutricin_Versin_02_2020.pdf
Page/section: Página 19 de 140 (Sección 2.3 Factor f) y Páginas 28 y 33 de 140 (Tarea 15)
Supporting excerpt: ""Sesiones de análisis interdisciplinario de casos para el seguimiento oportuno y acorde a la prioridad de cada caso, efectuadas al menos una vez al mes, en cada Oficina Local."" / ""Al menos una vez al mes, en sesión de trabajo del equipo interdisciplinario, conforme progreso de casos con malnutrición.""","La información proporcionada no especifica una frecuencia mínima para la revisión del Instrumento de detección de un niño o niña con malnutrición por parte del equipo interdisciplinario de la Oficina Local. Se menciona que se debe completar la boleta VE01 (Anexo 1) cuando se detecta malnutrición, pero no se establece una periodicidad para la revisión del instrumento de detección. Por lo tanto, no tengo suficiente información para responder a la pregunta con precisión.","Permanente, toda vez que se detecte un caso con malnutrición.","La frecuencia mínima con la que el equipo interdisciplinario de la Oficina Local debe revisar el Instrumento de detección de un niño o niña con malnutrición no está explicitamente mencionada en el contexto proporcionado. Sin embargo, se menciona que se debe completar la boleta VE01 (Anexo 1) al momento de la selección y cuando se detecte un caso de malnutrición. Además, se establece que los casos de malnutrición deben ser referidos al equipo interdisciplinario y notificados al Área Rectora más cercana. Sin embargo, no se proporciona una frecuencia específica para las revisiones del instrumento de detección.

Respuesta: No tengo suficiente información para determinar la frecuencia mínima con la que el equipo interdisciplinario debe revisar el Instrumento de detección de un niño o niña con malnutrición."
corta_004,corta,¿Qué información debe contener el expediente/instrumento de seguimiento de un niño referido al proceso de atención interdisciplinaria?,"Debe contener datos generales (identificación, sexo, nacimiento, dirección), resultados de tamizajes de crecimiento y desarrollo, datos de salud individual, el plan de atención interdisciplinario, las estrategias empleadas y las referencias realizadas.","Source document: Procedimiento_Atencin_Interdisciplinaria_Malnutricin_Versin_02_2020.pdf
Page/section: Páginas 77 de 140 (Instructivo de Seguimiento) y Páginas 121-122 de 140 (Anexo 8)
Supporting excerpt: ""El expediente de atención interdisciplinaria de niño o niña con malnutrición comprende lo siguiente: 1. Copia del Instrumento de detección del niño o niña con malnutrición debidamente completo. 2. Originales de todos los Instrumentos de seguimiento... 3. Todo expediente deberá estar foliado.""","El contexto proporcionado no especifica exactamente qué información debe contener el expediente/instrumento de seguimiento de un niño referido al proceso de atención interdisciplinaria. Sin embargo, se menciona que los instrumentos de seguimiento deben ser completados y formar parte del expediente, y que se deben registrar datos del crecimiento y desarrollo, así como observaciones clave y la fecha estimada del próximo seguimiento. Para obtener detalles precisos sobre la información específica que debe contener el instrumento de seguimiento, sería necesario consultar el Anexo 4 mencionado, que contiene los instrumentos e instructivos de detección, seguimiento y referencia. Por lo tanto, no tengo suficiente información detallada en el contexto proporcionado para responder completamente a la pregunta.","El expediente/instrumento de seguimiento de un niño referido al proceso de atención interdisciplinaria debe contener la siguiente información:

1. Copia del Instrumento de detección del niño o niña con malnutrición debidamente completo.
2. Originales de todos los Instrumentos de seguimiento al niño o niña con malnutrición debidamente completos y que respaldan cada seguimiento realizado por el equipo interdisciplinario.
3. Datos del crecimiento y desarrollo recopilados en cada seguimiento.
4. Observaciones y recomendaciones para continuar con el plan de atención del niño o niña con malnutrición.
5. Acciones a realizar en el hogar para la recuperación de la malnutrición.
6. Fecha estimada del próximo seguimiento.
7. Información sobre la entrega de material de apoyo para uso en el hogar, si es necesario.
8. Actualización del Plan de atención interdisciplinario para niño y niña con malnutrición.

Además, el expediente debe estar foliado y los datos deben estar registrados en la herramienta para el seguimiento del niño o niña con malnutrición.","El expediente/instrumento de seguimiento de un niño referido al proceso de atención interdisciplinaria debe contener:

1. **Copia del Instrumento de detección** del niño o niña con malnutrición, debidamente completo.
2. **Originales de todos los Instrumentos de seguimiento** realizados por el equipo interdisciplinario (itinerante), que respaldan cada seguimiento.
3. **Folio** en el expediente para identificar cada documento.
4. **Datos registrados** en la herramienta ""Crecimiento y desarrollo infantil"", que incluyen:
   - Datos del crecimiento y desarrollo recopilados en cada seguimiento.
   - Observaciones y recomendaciones para continuar con el plan de atención.
   - Fecha estimada del próximo seguimiento.
5. **Actualización del Plan de atención interdisciplinario**, considerando acciones a realizar en el hogar y entrega de material de apoyo si es necesario.
6. **Respeto a la confidencialidad** y ética profesional, con anotaciones especializadas realizadas por profesionales en su propia documentación si es necesario, sin archivarlas como parte del expediente.

Además, se deben considerar los aspectos del uso de la información descritos en el apartado de alcance del procedimiento, y cualquier miembro del equipo interdisciplinario y jefatura de Oficina Local tendrá acceso al expediente, que se archiva en la sede de la Oficina Local correspondiente."
corta_005,corta,"¿Qué debe hacer el equipo interdisciplinario si, después de tres meses de aplicar estrategias, un niño o niña no logra superar el rezago identificado en el nivel de desarrollo (resultado amarillo)?","El equipo interdisciplinario debe actualizar la estrategia de abordaje y el plan de estimulación, registrando el nuevo seguimiento en la herramienta respectiva.","Source document: Procedimiento_Atencin_Interdisciplinaria_Malnutricin_Versin_02_2020.pdf
Page/section: Página 52 de 140 (Anexo 2, numeral 2, criterio Amarillo)
Supporting excerpt: ""Luego de tres meses de aplicación de las estrategias se verifica si fue superado el rezago en las áreas respectivas. Si los niños o niñas no logran superar el rezago, el equipo interdisciplinario actualiza la estrategia de abordaje y el plan de estimulación. Se registra el seguimiento en la herramienta de seguimiento al niño o niña con malnutrición.""","Si, después de tres meses de aplicar estrategias, un niño o niña no logra superar el rezago identificado en el nivel de desarrollo (resultado amarillo), el equipo interdisciplinario actualiza la estrategia de abordaje y el plan de estimulación. Se registra el seguimiento en la herramienta de seguimiento al niño o niña con malnutrición.","El equipo interdisciplinario debe actualizar la estrategia de abordaje y el plan de estimulación. Luego, se registra el seguimiento en el instrumento respectivo y en la herramienta de seguimiento al niño o niña con malnutrición.","Si, después de tres meses de aplicar estrategias, un niño o niña no logra superar el rezago identificado en el nivel de desarrollo (resultado amarillo), el equipo interdisciplinario debe actualizar la estrategia de abordaje y el plan de estimulación. Además, se brindan recomendaciones a los padres o persona encargada del niño o niña para guiarles en las acciones que pueden realizar desde el hogar. Cuando sea necesario, se realiza la referencia respectiva a la institución y especialidad que compete. Se registra el seguimiento en la herramienta correspondiente y en la herramienta de seguimiento al niño o niña con malnutrición."
corta_006,corta,¿Con qué frecuencia mínima debe reunirse el equipo interdisciplinario de una Oficina Local para el análisis de casos activos?,El equipo debe realizar sesiones de análisis de casos para el seguimiento oportuno al menos una vez al mes en cada Oficina Local.,"Source document: Procedimiento_Atencin_Interdisciplinaria_Malnutricin_Versin_02_2020.pdf
Page/section: Página 19 de 140 (Sección 2.3 Factor f) y Página 28 de 140 (Tarea 15)
Supporting excerpt: ""Sesiones de análisis interdisciplinario de casos para el seguimiento oportuno y acorde a la prioridad de cada caso, efectuadas al menos una vez al mes, en cada Oficina Local.""",El equipo interdisciplinario de una Oficina Local debe reunirse al menos una vez al mes para el análisis de casos activos.,Al menos una vez al mes.,El equipo interdisciplinario de una Oficina Local debe reunirse al menos una vez al mes para el análisis de casos activos.
corta_007,corta,"Según el Instrumento de Referencia y Contrarreferencia, ¿cuáles son las tres posibles decisiones que puede tomar el equipo interdisciplinario respecto al seguimiento de un caso?","Según el Anexo 4: Se da de alta (el problema se resolvió), Tratamiento subsecuente (requiere seguimiento terapéutico), o Se refiere a otro nivel de atención.","Source document: Procedimiento_Atencin_Interdisciplinaria_Malnutricin_Versin_02_2020.pdf; Manual-operativo-Evaluacion-estado-nutricional-2019.pdf
Page/section: Procedimiento_Atencin_Interdisciplinaria_Malnutricin_Versin_02_2020.pdf: Páginas 70 y 87 de 140; Manual-operativo-Evaluacion-estado-nutricional-2019.pdf: Página 28 de 48
Supporting excerpt: ""Marque con una equis para identificar si el caso: Se da de alta (el problema detectado se atendió y se resolvió), Tratamiento subsecuente (el niño requiere seguimiento en su abordaje terapéutico) o si Se refiere a otro nivel de atención.""","No tengo suficiente información en el contexto proporcionado para responder cuáles son las tres posibles decisiones que puede tomar el equipo interdisciplinario respecto al seguimiento de un caso según el Instrumento de Referencia y Contrarreferencia. El contexto menciona el ""Instrumento de referencia y contra referencia"" (Anexo 4: Instrumentos e instructivos de detección, seguimiento y referencia), pero no especifica las decisiones particulares que el equipo puede tomar.","No tengo suficiente información para responder a la pregunta. El texto proporcionado no menciona explícitamente las posibles decisiones que puede tomar el equipo interdisciplinario respecto al seguimiento de un caso según el Instrumento de Referencia y Contrarreferencia. El Anexo 4 se menciona como ""Instrumentos e instructivos de detección, seguimiento y referencia"", pero no se proporciona información detallada sobre las decisiones específicas que se pueden tomar.","Según el contexto proporcionado, no se mencionan las tres posibles decisiones que puede tomar el equipo interdisciplinario respecto al seguimiento de un caso. Por lo tanto, no tengo suficiente información para responder la pregunta."
corta_008,corta,"¿A qué instituciones externas puede referirse un caso mediante el Instrumento de Referencia y Contrarreferencia Intersectorial, y qué información debe incluir la contrarreferencia?","Puede referirse a la CCSS (EBAIS), PANI, IMAS, Ministerio Público, MEP o CONAPDIS. La contrarreferencia debe incluir fecha, identificación, sexo, nombre completo, fecha de nacimiento, dirección exacta y nombre del encargado legal.","Source document: Procedimiento_Atencin_Interdisciplinaria_Malnutricin_Versin_02_2020.pdf; Manual-operativo-Evaluacion-estado-nutricional-2019.pdf
Page/section: Procedimiento_Atencin_Interdisciplinaria_Malnutricin_Versin_02_2020.pdf: Páginas 68, 70 y 86-88 de 140; Manual-operativo-Evaluacion-estado-nutricional-2019.pdf: Páginas 28-29 de 48
Supporting excerpt: ""Se refiere a: ( ) MEP ( ) CCSS ( ) CEN-CINAI ( ) PANI ( ) IMAS ( ) M. Justicia ( ) Otro..."" / ""En este espacio describa los resultados de su intervención y las recomendaciones... Marque con una equis para identificar si el caso: Se da de alta, Tratamiento subsecuente o si Se refiere a otro nivel de atención.""","El contexto proporcionado no especifica claramente a qué instituciones externas puede referirse un caso mediante el Instrumento de Referencia y Contrarreferencia Intersectorial. Sin embargo, se menciona que en el caso de una contrarreferencia, se debe especificar el nombre del servicio al que se refiere el caso si se opta por esa opción. La contrarreferencia debe contener la firma y el nombre del profesional que realiza la contrarreferencia, así como su código de inclusión en el Colegio Profesional respectivo o su número de cédula. Además, se debe anotar el nombre de la institución que envía la referencia y su número de teléfono, y marcar con una equis si el caso se da de alta, requiere tratamiento subsecuente o se refiere a otro nivel de atención. También se debe indicar a quién se manda copia de la contrarreferencia, como el expediente, archivo de RISA, base de datos, u otras instancias que se especifiquen. No se proporciona una lista específica de instituciones externas a las que se pueden referir los casos.","Según el contexto proporcionado, el Instrumento de Referencia y Contrarreferencia Intersectorial se utiliza para referir casos a servicios que brindan atención a la población, específicamente en el contexto de la atención interdisciplinaria para niños y niñas con malnutrición. La contrarreferencia debe incluir información como:

* El nombre del servicio o institución que envía la contrarreferencia
* El teléfono del servicio o institución
* El detalle de la contrarreferencia, que incluye:
 + Los resultados de la intervención
 + Las recomendaciones para el profesional o profesionales que hicieron la referencia
 + La indicación de si el caso se da de alta, requiere tratamiento subsecuente o se refiere a otro nivel de atención
* El nombre y firma del profesional que hace la contrarreferencia, junto con su código de inclusión en el Colegio Profesional respectivo o su número de cédula.

En cuanto a las instituciones externas a las que puede referirse un caso, el contexto no proporciona una lista específica, pero menciona que la contrarreferencia puede ser enviada a ""otro nivel de atención"" y que debe especificarse el nombre del servicio a que se refiere. También se menciona que la contrarreferencia puede ser enviada a la Red Integrada e Intersectorial de Servicios de Atención al Desarrollo de la Niñez (RISA).","A través del Instrumento de Referencia y Contrarreferencia Intersectorial, un caso puede ser referido a instituciones externas como servicios de salud, Ministerio de Educación Pública, o cualquier otro servicio especializado según las necesidades del niño o niña. La contrarreferencia debe incluir:

1. **Datos Generales**:
   - Fecha de realización.
   - Identificación del niño/a (número de identificación, sexo, nombre completo, fecha de nacimiento).
   - Dirección exacta del domicilio.
   - Información de los padres o encargados legales (nombres completos y números de identificación).

2. **Detalle de la Contrarreferencia**:
   - Nombre del profesional que realiza la contrarreferencia y su firma.
   - Código o número de cédula del profesional.
   - Sello del profesional o institución.
   - Fecha de recepción y sello del equipo intersectorial, si corresponde.
   - Indicación de si el caso se da de alta, requiere tratamiento subsecuente o se refiere a otro nivel de atención, especificando el servicio al que se refiere.

3. **Copias**:
   - Se debe marcar con una equis las opciones de copia: Expediente, Archivo de RISA, Base de datos, o indicar ""Otro"" si se tramita a otra instancia.

Además, se debe sellar la contrarreferencia antes de enviarla."
corta_009,corta,¿Cómo se consolida y reporta la información del proceso de atención interdisciplinaria desde el nivel local hacia los niveles regional y nacional?,El nivel local digita los datos en una herramienta Excel y envía el consolidado al nivel regional; la Dirección Regional elabora un informe consolidado que remite a la UIVCD en el nivel central para estudios de efectos de país.,"Source document: Procedimiento_Atencin_Interdisciplinaria_Malnutricin_Versin_02_2020.pdf; SISVENDIS-2023.pdf
Page/section: Procedimiento_Atencin_Interdisciplinaria_Malnutricin_Versin_02_2020.pdf: Páginas 33-35, 81 y 98 de 140; SISVENDIS-2023.pdf: Páginas 44-46 y 54 de 79
Supporting excerpt: ""Oficina Local: Recopila y digita en la herramienta Excel los datos de cada formulario de cada CEN-CINAI a su cargo elabora el consolidado local y envía el consolidado al nivel regional. Área Técnica Regional: Elabora el consolidado de dirección regional y envía el consolidado al nivel nacional...""","La información del proceso de atención interdisciplinaria se consolida y reporta desde el nivel local hacia los niveles regional y nacional a través de la herramienta de seguimiento interdisciplinario de niños y niñas con malnutrición. La Jefatura de Área Técnica Regional solicita el envío de esta herramienta de cada Oficina Local para su revisión, análisis y control de calidad de forma colaborativa con el equipo interdisciplinario de Área Técnica. Se realizan acciones de mejora y se utiliza un instrumento de autoevaluación y supervisión del procedimiento. La herramienta se envía cada cuatrimestre (abril, agosto, diciembre), y se hace una supervisión al menos una vez por año. Además, se elabora un informe regional anual de la atención interdisciplinaria de los niños y niñas con malnutrición, que incluye estrategias de seguimiento infantil, las supervisiones realizadas y los cuadros de salida de la herramienta de seguimiento. Este informe se envía al nivel nacional como parte del sistema de vigilancia nutricional de CEN-CINAI. Posteriormente, la Jefatura de Área Técnica Regional envía las herramientas completas y actualizadas de las Oficinas Locales a la Unidad de Investigación y Vigilancia del Crecimiento y Desarrollo.","La información del proceso de atención interdisciplinaria se consolida y reporta desde el nivel local hacia los niveles regional y nacional a través de la herramienta de seguimiento interdisciplinario del niño o niña con malnutrición. Esta herramienta se actualiza cada cuatrimestre (abril, agosto, diciembre) y se envía a la Jefatura de Área Técnica Regional para su revisión, análisis y control de calidad. 

Posteriormente, la Jefatura de Área Técnica Regional elabora un informe anual de atención interdisciplinaria de los niños y niñas con malnutrición, que incluye las estrategias de seguimiento infantil, las supervisiones realizadas y los cuadros de salida de la herramienta de seguimiento interdisciplinario del niño o niña con malnutrición. Este informe se envía al nivel nacional como parte del sistema de vigilancia nutricional de CEN-CINAI.

Además, la Jefatura de Área Técnica Regional envía las herramientas completas y actualizadas de las Oficinas Locales a la Unidad de Investigación y Vigilancia del Crecimiento y Desarrollo de la Dirección Nacional de CEN-CINAI, como insumo para la evaluación de efectos en el estado nutricional y nivel del desarrollo.","La información del proceso de atención interdisciplinaria se consolida y reporta desde el nivel local hacia los niveles regional y nacional a través de herramientas específicas y procedimientos establecidos. En las Oficinas Locales, se utiliza la ""herramienta de seguimiento interdisciplinario de niños y niñas con malnutrición"", la cual es revisada, analizada y controlada en calidad por la Jefatura de Área Técnica Regional. Posteriormente, esta herramienta, junto con el instrumento de autoevaluación y supervisión, se envía al nivel central como insumo para evaluar los efectos en el estado nutricional y el desarrollo. Además, se elabora un informe regional anual que incluye las estrategias de seguimiento infantil, las supervisiones realizadas y los cuadros de salida de la herramienta de seguimiento, el cual se envía al nivel nacional como parte del sistema de vigilancia nutricional de CEN-CINAI."
corta_010,corta,¿Cuáles son las condiciones bajo las cuales un caso de atención interdisciplinaria puede darse por concluido o cerrado?,El caso se concluye cuando el niño o niña alcanza la recuperación del estado nutricional normal y supera los rezagos en el desarrollo u otras condiciones especiales identificadas en el seguimiento.,"Source document: Procedimiento_Atencin_Interdisciplinaria_Malnutricin_Versin_02_2020.pdf
Page/section: Páginas 25 de 140 (Tarea 15), 31-32 de 140 (Tarea 16), 69 de 140 (Instructivo del Instrumento) y 125 de 140 (Anexo 8)
Supporting excerpt: ""Egreso por evolución satisfactoria: Se refiere al egreso que el equipo interdisciplinario le dará al niño o niña porque durante el seguimiento presenta una evolución satisfactoria en su estado nutricional..."" / ""Egreso de CEN-CINAI: Se refiere cuando el niño o niña se fue del establecimiento o de la comunidad con o sin justificación...""","Según el contexto proporcionado, una condición bajo la cual un caso de atención interdisciplinaria puede darse por concluido o cerrado es cuando se registre el ""Egreso por evolución"". Esto implica que el niño o niña ha evolucionado favorablemente y, por ende, ya no requiere continuar con el seguimiento. Sin embargo, el contexto no proporciona una lista exhaustiva de todas las condiciones bajo las cuales un caso puede darse por concluido, por lo que podría haber otras razones no mencionadas en el texto proporcionado.","Según el contexto proporcionado, un caso de atención interdisciplinaria puede darse por concluido o cerrado bajo las siguientes condiciones:

1. **Egreso por evolución**: Se refiere a que el niño o niña ha evolucionado positivamente y ya no requiere la atención interdisciplinaria.
2. **Egreso de CEN-CINAI**: Se refiere a que el niño o niña se ha ido del establecimiento o de la comunidad, con o sin justificación, y por lo tanto se debe egresar del seguimiento.

Estas condiciones se mencionan en el documento ""Procedimiento_Atencin_Interdisciplinaria_Malnutricin_Versin_02_2020.pdf"" como parte del proceso de actualización del plan de atención interdisciplinaria.","Las condiciones bajo las cuales un caso de atención interdisciplinaria puede darse por concluido o cerrado son las siguientes:

1. **Continúa**: El equipo interdisciplinario decide que al niño o niña se le debe continuar brindando el seguimiento.

2. **Egreso de CEN-CINAI**: El niño o niña se fue del establecimiento o de la comunidad con o sin justificación, por lo que se debe egresar del seguimiento.

3. **Egreso por evolución**: El caso se cierra debido a la evolución favorable del niño o niña, lo que indica que ya no requiere atención interdisciplinaria.

Estas condiciones se mencionan en el contexto proporcionado, específicamente en el documento ""Procedimiento_Atencin_Interdisciplinaria_Malnutricin_Versin_02_2020.pdf""."
corta_011,corta,¿Cuáles son las cinco áreas del desarrollo que evalúa la prueba EDIN II según el procedimiento de vigilancia?,"Motora gruesa, motora fina, socioafectiva, lenguaje y cognoscitiva.","Source document: Manual-EDIN-II-final-2020.pdf; Procedimiento_Vigilancia_Crecimientoydesarrollo_intrayextramurosUIVCD.pdf; SISVENDIS-2023.pdf
Page/section: Manual-EDIN-II-final-2020.pdf: Página 1 de 331; Procedimiento_Vigilancia_Crecimientoydesarrollo_intrayextramurosUIVCD.pdf: Página 22 de 45; SISVENDIS-2023.pdf: Páginas 31, 33 y 71 de 79
Supporting excerpt: ""...permite evaluar el desarrollo infantil de los 0 meses a los 6 años de edad en las siguientes áreas del desarrollo: motora gruesa, motora fina, cognitiva, lenguaje y socioafectiva.""","Según el contexto proporcionado, la prueba EDIN II evalúa el desarrollo en las siguientes cinco áreas:

1. Motora gruesa
2. Motora fina
3. Cognitiva
4. Lenguaje
5. Socioafectiva","Las cinco áreas del desarrollo que evalúa la prueba EDIN II son: 

1. Motora gruesa
2. Motora fina
3. Cognitiva
4. Lenguaje
5. Socioafectiva.","Las cinco áreas del desarrollo que evalúa la prueba EDIN II según el procedimiento de vigilancia son:

1. Motora gruesa
2. Motora fina
3. Cognitiva
4. Lenguaje
5. Socioafectiva"
corta_012,corta,¿Cuál es el plazo máximo para que un funcionario realice la referencia a la Oficina Local tras detectar un riesgo en el crecimiento o desarrollo?,El procedimiento establece que la referencia debe ser permanente toda vez que se detecte un caso con malnutrición o rezago en su desarrollo.,"Source document: Procedimiento_Vigilancia_Crecimientoydesarrollo_intrayextramurosUIVCD.pdf
Page/section: Página 36 de 45 (Sección 3.2 Segunda Disposición)
Supporting excerpt: ""...detecta alguna necesidad o problema en el crecimiento, desarrollo, condición de salud o riesgo social de la niña o niño, deberá en el plazo máximo de cinco días hábiles hacer la referencia respectiva a la Jefatura de Oficina Local...""",El plazo máximo para que un funcionario realice la referencia a la Oficina Local tras detectar un riesgo en el crecimiento o desarrollo es de cinco días hábiles.,El plazo máximo es de cinco días hábiles.,El plazo máximo para que un funcionario realice la referencia a la Oficina Local tras detectar un riesgo en el crecimiento o desarrollo es de cinco días hábiles.
corta_013,corta,¿Qué gráficas específicas deben utilizarse para la valoración nutricional de niños nacidos pretérmino hasta las 50 semanas gestacionales?,Se deben utilizar las gráficas de crecimiento para niños nacidos pretérmino específicas para cada sexo.,"Source document: Procedimiento_Vigilancia_Crecimientoydesarrollo_intrayextramurosUIVCD.pdf; DVS_norma_nacional_uso_graficas_antropometricas_valoracion_nutriciol_0-19_2017.pdf
Page/section: Procedimiento_Vigilancia_Crecimientoydesarrollo_intrayextramurosUIVCD.pdf: Página 42 de 45 (Sección b1); DVS_norma_nacional_uso_graficas_antropometricas_valoracion_nutriciol_0-19_2017.pdf: Página 7
Supporting excerpt: ""b1. Gráficas de Fenton, 2013 1: se utiliza en niñas y niños pretérmino, aquellos nacidos antes de las 37 semanas de gestación, con edad de hasta 50 semanas gestacionales""","Para la valoración nutricional de niños nacidos pretérmino hasta las 50 semanas gestacionales, se deben utilizar las gráficas de Fenton, 2013. Estas gráficas se usan en niños pretérmino, aquellos nacidos antes de las 37 semanas de gestación, con edad hasta 50 semanas gestacionales inclusive.","Las gráficas de Fenton, 2013, se utilizan para la valoración nutricional de niños nacidos pretérmino hasta las 50 semanas gestacionales.","Para la valoración nutricional de niños nacidos pretérmino hasta las 50 semanas gestacionales, se deben utilizar las **gráficas de Fenton, 2013**. Estas gráficas se aplican a niños nacidos antes de las 37 semanas de gestación y consideran la edad gestacional, que se calcula sumando las semanas de vida intrauterina y las semanas postnacimiento."
corta_014,corta,Mencione tres tipos de objetos que el personal debe pedir a los niños que saquen de sus bolsillos antes de pesarlos.,"Piedras, bolinchas (canicas) y trompos, entre otros objetos que puedan alterar el peso.","Source document: Manual-operativo-Evaluacion-estado-nutricional-2019.pdf
Page/section: Página 28 de 48 (Sección C. Pasos previos, numeral 3.d)
Supporting excerpt: ""...revisen los bolsillos de sus ropas y saquen cualquier objeto que porte como piedras, bolinchas, trompos etc., indíqueles un lugar seguro donde colocarlas...""","Según el contexto proporcionado, el personal debe pedir a los niños que saquen de sus bolsillos objetos como piedras, bolinchas, y trompos antes de pesarlos.","Según el contexto proporcionado, tres tipos de objetos que el personal debe pedir a los niños que saquen de sus bolsillos antes de pesarlos son:

1. Piedras
2. Bolinchas
3. Trompos","c. Recuerde las mediciones deben realizarse preferiblemente cuando la niña y el niño estén en buen estado de salud. Es importante indagar si presenta algún síntoma de enfermedad que pueda afectar su peso, enfermedades o síntomas como los siguientes: diarrea, fiebre alta, resfríos acompañados de inapetencia, vómito, etc. Si están enfermos, hay que citarlos de nuevo con alguno de los padres, para medirlos cuando la 29 Manual operativo para la evaluación del estado Nutricional con medidas antropométricas de las niñas y los niños de los CEN-CINAI niña o el niño estén en la mejor condición. d. Para tomar el peso solicite al niño o niña que se quite los zapatos, revisen los bolsillos de sus ropas y saquen cualquier objeto que porte como piedras, bolinchas, trompos etc., indíqueles un lugar seguro donde colocarlas y explique al terminar las mediciones se los regresará por completo todas sus pertenencias. En caso de contar con la presencia de la madre, padre o responsable, solicítele su colaboración para que el niño o niña se sienta más seguro en lo que hace e. Para tomar la longitud o la talla solicite al niño o niña que deben quitar o retirar sombreros, boinas, gorras o cualquier prensa de pelo, diadema o peinado como trenza o cola que interfiera con la medición de la talla o longitud. En caso de contar con la presencia de la madre, padre o responsable, solicítele su colaboración para que el niño o niña se sienta más seguro en lo que hace. f. Realice las mediciones una seguida de la otra de manera que no pase mucho tiempo entre una

Respuesta: piedras, bolinchas, trompos."
corta_015,corta,"Según el modelo 2023, ¿cuál es la unidad organizativa responsable de coordinar la armonización de la normativa con la UNAT?",La Unidad de Investigación y Vigilancia del Crecimiento y Desarrollo (UIVCD) es la unidad responsable de mantener la coordinación con la Unidad de Normalización y Asistencia Técnica (UNAT) para este fin.,"Source document: SISVENDIS-2023.pdf
Page/section: Página 37 de 79 (Figura 4: Roles y responsabilidades en la implementación del SISVENDIS)
Supporting excerpt: ""Equipo UIVCD y Jefatura... Mantener coordinación con la Unidad de Normalización y Asistencia Técnica (UNAT) sobre la armonización y actualización de la normativa relacionada con los servicios sustantivos""","Según el contexto proporcionado, la Unidad de Investigación de Crecimiento y Desarrollo (UIVCD) es la responsable de mantener la coordinación con la Unidad de Normalización y Asistencia Técnica (UNAT) sobre la armonización y actualización de la normativa relacionada con los servicios sustantivos.","Según el texto proporcionado, la unidad organizativa responsable de coordinar la armonización de la normativa con la Unidad de Normalización y Asistencia Técnica (UNAT) es la Unidad de Investigación y Vigilancia del Crecimiento y Desarrollo (UIVCD).","La unidad organizativa responsable de coordinar la armonización de la normativa con la UNAT, según el modelo 2023, es la Unidad de Investigación y Vigilancia del Crecimiento y Desarrollo (UIVCD)."
corta_016,corta,¿Qué significan las siglas EDIN y en qué caso específico de detección se debe completar esta boleta?,EDIN significa Evaluación del Desarrollo Integral de la Niña y el Niño; se completa al detectar un caso con malnutrición.,"Source document: Manual-EDIN-II-final-2020.pdf; Procedimiento_Atencin_Interdisciplinaria_Malnutricin_Versin_02_2020.pdf; Procedimiento_Vigilancia_Crecimientoydesarrollo_intrayextramurosUIVCD.pdf
Page/section: Manual-EDIN-II-final-2020.pdf: Página 1 de 331; Procedimiento_Atencin_Interdisciplinaria_Malnutricin_Versin_02_2020.pdf: Páginas 16 y 21 de 140; Procedimiento_Vigilancia_Crecimientoydesarrollo_intrayextramurosUIVCD.pdf: Página 22 de 45
Supporting excerpt: ""Prueba para la evaluación del desarrollo integral de la niña y el niño de 0 meses a 6 años de edad (EDIN II)"" / ""Se realiza la evaluación del desarrollo EDIN o EVADE... toda vez que se detecte un caso con malnutrición...""","La sigla EDIN significa ""Evaluación del Desarrollo Integral de la Niña y el Niño"". Según el contexto proporcionado, la boleta del EDIN II se completa cada vez que se aplica la prueba para evaluar el desarrollo infantil de niños de 0 meses a 6 años de edad en las áreas de motora gruesa, motora fina, cognitiva, lenguaje y socioafectiva. No se especifica un caso específico de detección para completar la boleta, sino que se refiere a su uso general como parte del proceso de evaluación del desarrollo infantil.","EDIN son las siglas de ""Evaluación del Desarrollo Integral de la Niña y el Niño"". La boleta de EDIN se debe completar en el caso de evaluación del desarrollo infantil en niños y niñas de 0 a 6 años de edad, como instrumento de tamizaje para detectar posibles alteraciones en las áreas del desarrollo motora gruesa, motora fina, cognitiva, lenguaje y socioafectiva.","EDIN significa Evaluación del Desarrollo Integral de la Niña y el Niño. Se debe completar esta boleta en casos de detección de alteraciones en el desarrollo infantil, específicamente para evaluar las áreas de motora gruesa, motora fina, cognitiva, lenguaje y socioafectiva en niños de 0 meses a 6 años de edad."
corta_017,corta,¿Con qué frecuencia se debe aplicar el control de placa bacteriana (odontograma) a los niños que reciben el servicio de API?,"Se debe aplicar de forma trimestral para los niños que reciben el servicio intramuros. Específicamente, el procedimiento de vigilancia indica que se realiza en el primer, segundo y cuarto trimestre del año para niños mayores de 3 años.","Source document: Procedimiento_Vigilancia_Crecimientoydesarrollo_intrayextramurosUIVCD.pdf; SISVENDIS-2023.pdf
Page/section: Procedimiento_Vigilancia_Crecimientoydesarrollo_intrayextramurosUIVCD.pdf: Página 16 de 45 (Tabla 1) y Página 24 de 45 (Tarea 10); SISVENDIS-2023.pdf: Página 35 de 79 (Tabla 3)
Supporting excerpt: ""Detección, valoración y control de placa bacteriana... Se aplica a niñas y niños mayores de tres años una vez cada trimestre.""","El control de placa bacteriana (odontograma) se debe aplicar a los niños que reciben el servicio de API cuatro veces al año, específicamente en los meses de febrero, junio, julio y noviembre.","Según el contexto proporcionado, el control de placa bacteriana (odontograma) se aplica a niñas y niños mayores de tres años que asisten a Comidas Servidas y API, y se realiza una vez cada trimestre.",El control de placa bacteriana (odontograma) se debe aplicar a los niños que reciben el servicio de API cada tres meses.
corta_018,corta,¿Cuál es el indicador antropométrico más recomendado para identificar casos de deficiencias nutricionales agudas o emaciación?,Peso para la Talla (P/T) en menores de 5 años; Índice de Masa Corporal (IMC) en mayores de 5 años.,"Source document: Manual-operativo-Evaluacion-estado-nutricional-2019.pdf; Procedimiento_Vigilancia_Crecimientoydesarrollo_intrayextramurosUIVCD.pdf
Page/section: Manual-operativo-Evaluacion-estado-nutricional-2019.pdf: Página 8 de 48; Procedimiento_Vigilancia_Crecimientoydesarrollo_intrayextramurosUIVCD.pdf: Página 8 de 45
Supporting excerpt: ""Peso para la talla (P/T)... Este es el índice más recomendado para identificar casos de deficiencias nutricionales agudas.""","El contexto proporcionado menciona que el indicador antropométrico más recomendado para identificar casos de deficiencias nutricionales agudas es el Peso para la edad. Este indicador refleja el peso corporal en relación a la edad del niño en un día determinado y se usa para evaluar si un niño presenta bajo peso o bajo peso severo. Sin embargo, es importante señalar que la pregunta específicamente sobre la emaciación se relaciona más directamente con el Índice de Masa Corporal (IMC) o el Peso para la talla, aunque el contexto no lo menciona explícitamente para casos agudos. Para responder con precisión a la pregunta sobre emaciación, necesitaríamos más detalles del contexto que relacionen directamente la emaciación con un indicador específico.","El indicador antropométrico más recomendado para identificar casos de deficiencias nutricionales agudas es el peso para la talla. Este indicador se utiliza para evaluar si un niño presenta bajo peso o bajo peso severo en relación con su talla, lo que puede ser un signo de desnutrición o emaciación.","El indicador antropométrico más recomendado para identificar casos de deficiencias nutricionales agudas o emaciación es el **peso para la talla**. Este indicador se utiliza para evaluar si un niño presenta bajo peso para su talla, lo que puede reflejar una condición de desnutrición aguda o emaciación."
corta_019,corta,Cite las tres fuentes o instrumentos técnicos de donde se toman los datos para elaborar el informe anual de SISVENDIS.,"Las fuentes son el Informe Mensual de Servicios CEN-CINAI, el Sistema SIDINACC (a través de la boleta de Caracterización del Ambiente Hogar - CAH) y la Herramienta Excel de vigilancia institucional.","Source document: SISVENDIS-2023.pdf
Page/section: Página 44 de 79 (Sección B. Estudio datos básicos)
Supporting excerpt: ""...el informe contiene los datos registrados por las personas funcionarias de los establecimientos de todo el país y son tomados de tres fuentes o instrumentos técnicos a saber: Informe de ejecución programática del mes de noviembre... SIDINACC... Herramienta Excel de vigilancia...""","No tengo suficiente información en el contexto proporcionado para citar específicamente las tres fuentes o instrumentos técnicos de donde se toman los datos para elaborar el informe anual de SISVENDIS. El contexto menciona varios elementos del proceso de recolección y análisis de datos, pero no detalla las fuentes específicas utilizadas para el informe anual.","No tengo suficiente información para proporcionar las tres fuentes o instrumentos técnicos específicos de donde se toman los datos para elaborar el informe anual de SISVENDIS. El texto proporcionado menciona varios aspectos del sistema de vigilancia y la importancia de la recolección y análisis de datos, pero no especifica tres fuentes o instrumentos técnicos concretos para la elaboración del informe anual.","Según el contexto proporcionado, se mencionan los siguientes instrumentos técnicos y fuentes de datos para elaborar el informe anual de SISVENDIS:

1. **Formulario de datos de vigilancia**: Se menciona que cada año se completa manualmente el Formulario de datos de vigilancia: salud, crecimiento y desarrollo infantil, el cual es enviado a la Oficina Local.

2. **Herramientas digitales y programas informáticos**: Se menciona que se utilizan herramientas digitales y programas informáticos para la captura, procesamiento, análisis y reportería de datos.

3. **Registro de resultados de los tamizajes**: Se menciona que se mantienen actualizados los registros de tamizajes en los expedientes de las niñas y los niños.

Estos son los tres instrumentos técnicos mencionados en el contexto para la recolección y procesamiento de datos en el SISVENDIS."
corta_020,corta,¿Quién es el responsable de brindar acompañamiento técnico y modelaje para asegurar la calidad de la toma de datos en los establecimientos locales?,Las personas profesionales integrantes del equipo interdisciplinario de cada Oficina Local son las responsables directas de brindar este acompañamiento técnico y modelaje al personal de los establecimientos.,"Source document: Procedimiento_Vigilancia_Crecimientoydesarrollo_intrayextramurosUIVCD.pdf
Page/section: Páginas 7, 36 y 39 de 45 (Sección 2.3 Factores de éxito, inciso b y Cuadro 1)
Supporting excerpt: ""Personas funcionarias del nivel local con claridad en su rol en el acompañamiento técnico y modelaje que asegure la calidad en la toma de datos del crecimiento y desarrollo..."" / ""Acompañamiento técnico y modelaje: Equipo de profesionales de atención interdisciplinaria de la Oficina Local...""","Según el contexto proporcionado, el equipo de profesionales de atención interdisciplinaria de la Oficina Local es responsable de brindar acompañamiento técnico al personal de los establecimientos. Además, cuentan con la asesoría técnica del equipo de profesionales del Área Técnica Regional.","Según el contexto proporcionado, el equipo de profesionales de atención interdisciplinaria de la Oficina Local es el responsable de brindar acompañamiento técnico al personal de los establecimientos, quienes implementarán las tareas correspondientes con calidez y calidad en cumplimiento del presente procedimiento. Además, cuentan con el apoyo del profesional de establecimiento y la asesoría técnica del equipo de profesionales del Área Técnica Regional.","El responsable de brindar acompañamiento técnico y modelaje para asegurar la calidad de la toma de datos en los establecimientos locales es el equipo de profesionales de atención interdisciplinaria de la Oficina Local, quienes cuentan con la asesoría técnica del equipo de profesionales del Área Técnica Regional."
corta_021,corta,"¿Cuál es el diámetro estandarizado de la ""Dona"" utilizada como material en la prueba EDIN II?","La ""Dona"" viene en tres tamaños de diámetro: 15 cm, 10 cm y 5 cm.","Source document: Manual-EDIN-II-final-2020.pdf
Page/section: Página 10 de 331 (Lista de materiales por grupos de edad)
Supporting excerpt: ""Dona de 15 cm de diámetro negra com blanco""","El diámetro estandarizado de la ""Dona"" utilizada como material en la prueba EDIN II es de 115 cm de diámetro.","Según el contexto proporcionado, el diámetro estandarizado de la ""Dona"" utilizada como material en la prueba EDIN II es de 115 cm.","El diámetro estandarizado de la ""Dona"" utilizada como material en la prueba EDIN II es de 10 cm."
corta_022,corta,¿Qué tres profesionales supervisaron técnicamente la actualización de las Normas Técnicas Sustantivas en 2021?,"Supervisado técnicamente por Xiomara Molina Retana (Directora Técnica), con asesoría de Merceditas Lizano Vega (Planificación Estratégica) y ejecución de las unidades UNAT y UIVCD.","Source document: Normas-sustantivas-CEN-CINAI-30-09-2021.pdf
Page/section: Página 2 de 20 (Presentación)
Supporting excerpt: ""Las Normas Técnicas han sido realizadas por las Unidades que conforma la Dirección Técnica... bajo la conducción de sus respectivas Jefaturas, Marcela Amador Calvo, Jefatura de UNAT y Eugenia Villalobos Hernández Jefatura de UIVCD, la supervisión técnica de la Directora Técnica, Xiomara Molina Retana...""","Según el contexto proporcionado, la supervisión técnica de la actualización de las Normas Técnicas Sustantivas en 2021 estuvo a cargo de:

1. La Directora Técnica, Xiomara Molina Retana.
2. La señora Merceditas Lizano Vega, de la Unidad de Planificación Estratégica Institucional.
3. La Subdirectora Nacional, Ivannia Bonilla Garita.

Estos tres profesionales mencionados tuvieron roles clave en la supervisión y aval de las normas técnicas sustantivas.","Según el contexto proporcionado, los siguientes profesionales supervisaron técnicamente la actualización de las Normas Técnicas Sustantivas en 2021:

1. Marcela Amador Calvo, Jefatura de UNAT
2. Eugenia Villalobos Hernández, Jefatura de UIVCD
3. Xiomara Molina Retana, Directora Técnica 

Además, contaron con la asesoría de Merceditas Lizano Vega, de la Unidad de Planificación Estratégica Institucional.","Marcela Amador Calvo, Jefatura de UNAT; Eugenia Villalobos Hernández, Jefatura de UIVCD; y Xiomara Molina Retana, Directora Técnica."
corta_023,corta,Mencione el código de la norma que regula específicamente la Selección de clientes y beneficiarias.,El código de la norma es SC-N-01.,"Source document: Normas-sustantivas-CEN-CINAI-30-09-2021.pdf
Page/section: Página 11 de 20 (y páginas 3 y 10)
Supporting excerpt: ""SC-N-01 Norma para Selección"" / ""Norma para Selección de clientes y beneficiarias Código: SC-N-01""",El código de la norma que regula específicamente la Selección de clientes y beneficiarias es SC-N-01.,El código de la norma que regula específicamente la Selección de clientes y beneficiarias es SC-N-01.,El código de la norma que regula específicamente la Selección de clientes y beneficiarias es **SC-N-01**.
corta_024,corta,¿Qué software se menciona en el Anexo 5 para verificar el puntaje Z de los indicadores antropométricos?,"Se menciona el software Anthro de la OMS, el cual cuenta con una calculadora que el profesional en Nutrición debe utilizar para corroborar los datos de detección.","Source document: Procedimiento_Atencin_Interdisciplinaria_Malnutricin_Versin_02_2020.pdf
Page/section: Páginas 42, 62, 63 y 67 de 140
Supporting excerpt: ""b) Software Anthro."" / ""Recordar que el Profesional en Nutrición debe verificar el dato, utilizando la calculadora del software Anthro y completa la casilla de puntaje Z.""",No tengo suficiente información. El contexto proporcionado no menciona un Anexo 5 ni especifica qué software se usa para verificar el puntaje Z de los indicadores antropométricos aparte de referirse al software Anthro para obtener los datos de los indicadores.,El software mencionado es Anthro.,El software mencionado en el contexto para verificar el puntaje Z de los indicadores antropométricos es **Anthro**.
corta_025,corta,¿Cuál es la frecuencia de aplicación de la evaluación cualitativa para niños que reciben el servicio de API?,"Se aplica de forma semestral, específicamente durante el primer y tercer trimestre del año.","Source document: Procedimiento_Vigilancia_Crecimientoydesarrollo_intrayextramurosUIVCD.pdf; SISVENDIS-2023.pdf
Page/section: Procedimiento_Vigilancia_Crecimientoydesarrollo_intrayextramurosUIVCD.pdf: Página 16 de 45; SISVENDIS-2023.pdf: Página 36 de 79
Supporting excerpt: ""Evaluación cualitativa de niñas y niños que reciben API... En el primer y tercer trimestre del año.""",La evaluación cualitativa para niños que reciben el servicio de API se aplica en el primer y tercer trimestre del año.,"La frecuencia de aplicación de la evaluación cualitativa para niños que reciben el servicio de API es semestral, es decir, se aplica dos veces al año, específicamente en el primer y tercer trimestre del año.",La frecuencia de aplicación de la evaluación cualitativa para niños que reciben el servicio de API es en el primer y tercer trimestre del año.
corta_026,corta,¿Qué siglas deben anotarse en el recuadro de edad cuando se utiliza la edad corregida en prematuros?,Se deben anotar las siglas EC para identificar que el valor registrado corresponde a la edad corregida.,"Source document: Procedimiento_Vigilancia_Crecimientoydesarrollo_intrayextramurosUIVCD.pdf
Page/section: Páginas 22 y 24 de 45 (Disposición 3.5)
Supporting excerpt: ""...se anota esta edad en el recuadro y se identifica mediante las iniciales EC""",No tengo suficiente información en el contexto proporcionado para determinar qué siglas deben anotarse en el recuadro de edad cuando se utiliza la edad corregida en prematuros.,No tengo suficiente información para responder a esta pregunta.,"En el contexto proporcionado, no se mencionan las siglas que deben anotarse en el recuadro de edad cuando se utiliza la edad corregida en prematuros. Por lo tanto, no tengo suficiente información para responder esta pregunta."
corta_027,corta,"Según la norma PCD-VCD-N-01, ¿con qué periodicidad mínima se deben aplicar tamizajes de salud?","Se deben aplicar al menos una vez al año (anual) como parte de la vigilancia regular, aunque la frecuencia aumenta según el tipo de tamizaje y la edad del niño, como en el caso del odontograma que es trimestral.","Source document: Normas-sustantivas-CEN-CINAI-30-09-2021.pdf
Page/section: Página 11 de 20 (Norma PCD-VCD-N-01)
Supporting excerpt: ""...aplicando tamizajes de salud al menos una vez al año, para determinar las estrategias de intervención y orientar la toma de decisiones.""","La información proporcionada no especifica una periodicidad mínima para la aplicación de tamizajes de salud según la norma PCD-VCD-N-01. La norma menciona que las acciones de vigilancia deben tener una frecuencia que permita la entrega de servicios efectivos y la medición de los cambios en el crecimiento y desarrollo infantil, pero no se detalla una periodicidad específica en el contexto dado. Por lo tanto, no tengo suficiente información para responder a la pregunta con precisión.","Según la norma PCD-VCD-N-01, la periodicidad mínima para aplicar tamizajes de salud no se especifica de manera directa en el texto proporcionado. Sin embargo, se menciona que ""las acciones de vigilancia deben tener una frecuencia que permita la entrega de servicios efectivos y la medición de los cambios en el crecimiento y desarrollo infantil."" Además, se proporcionan detalles sobre la aplicación de tamizajes específicos con periodicidades definidas, como la evaluación del desarrollo integral, la consulta sobre diversidad alimentaria, y la evaluación cualitativa de niñas y niños que reciben API, pero no se establece una periodicidad mínima general para todos los tamizajes de salud.

Por lo tanto, no tengo suficiente información para proporcionar una respuesta específica sobre la periodicidad mínima para aplicar tamizajes de salud según la norma PCD-VCD-N-01.","Según la norma PCD-VCD-N-01, la periodicidad mínima para aplicar tamizajes de salud no está explicitamente mencionada en el contexto proporcionado. Sin embargo, se menciona que las acciones de vigilancia deben tener una frecuencia que permita la entrega de servicios efectivos y la medición de los cambios en el crecimiento y desarrollo infantil."
corta_028,corta,"¿Qué herramienta de software específica se requiere para que funcione la ""Herramienta para el seguimiento interdisciplinario""?","Se requiere Microsoft Excel, versión 2010 en adelante.","Source document: Procedimiento_Atencin_Interdisciplinaria_Malnutricin_Versin_02_2020.pdf
Page/section: Página 89 de 140 (Anexo 5)
Supporting excerpt: ""...es una herramienta que funciona en Excel 2010 en adelante.""","La ""Herramienta para el seguimiento interdisciplinario"" funciona en Excel 2010 en adelante.",La herramienta de software específica requerida es Excel 2010 o una versión posterior.,Excel 2010 en adelante.
corta_029,corta,¿Cuáles son las dos unidades que integran la Dirección Técnica encargadas de la evaluación de la Norma de Selección?,Las unidades encargadas son la Unidad de Normalización y Asistencia Técnica (UNAT) y la Unidad de Investigación y Vigilancia del Crecimiento y Desarrollo (UIVCD).,"Source document: Normas-sustantivas-CEN-CINAI-30-09-2021.pdf
Page/section: Páginas 2, 3 y 11 de 20
Supporting excerpt: ""Las Normas Técnicas han sido realizadas por las Unidades que conforma la Dirección Técnica; Unidad de Normalización y Asistencia Técnica (UNAT) y la Unidad de Investigación de Crecimiento y Desarrollo (UIVCD)..."" / ""Evaluación: Dirección Técnica, con sus dos unidades""","La Dirección Técnica, con sus dos unidades, es la encargada de la evaluación de la Norma de Selección según el contexto proporcionado. Sin embargo, el nombre específico de estas dos unidades no es mencionado en el texto. Por lo tanto, no puedo proporcionar los nombres exactos de las unidades sin tener esa información específica.","La evaluación de la Norma de Selección es realizada por la Dirección Técnica, con sus dos unidades, que son la Unidad de Normalización y Asistencia Técnica (UNAT) y la Unidad de Investigación de Crecimiento y Desarrollo (UIVCD).",La respuesta no está en el contexto proporcionado.
corta_030,corta,¿Qué material estandarizado se utiliza en el EDIN II para provocar respuestas en el grupo de edad de 0 a 1 mes si la conducta no es espontánea?,Se utiliza un cubo de color (rojo o verde) para evaluar si el niño fija la mirada y sigue el objeto en movimiento.,"Source document: Manual-EDIN-II-final-2020.pdf
Page/section: Páginas 3 y 10 de 331
Supporting excerpt: ""Sonajero (chilindrín) / Dona de 15 cm de diámetro negra con blanco... Si no se presenta háblele, mueva un sonajero (chilindrín) o preséntele un objeto brillante frente a la cara, muévalo lentamente...""","No tengo suficiente información en el contexto proporcionado para responder qué material estandarizado se utiliza específicamente en el EDIN II para provocar respuestas en el grupo de edad de 0 a 1 mes si la conducta no es espontánea. El contexto menciona que existen materiales estandarizados y describe algunos aspectos generales de la prueba, pero no detalla los materiales específicos para cada rango de edad.",No tengo suficiente información para responder a la pregunta. El texto proporcionado no especifica los materiales estandarizados utilizados en el EDIN II para el grupo de edad de 0 a 1 mes.,"El material estandarizado utilizado en el EDIN II para provocar respuestas en el grupo de edad de 0 a 1 mes, cuando la conducta no es espontánea, no está detallado en el contexto proporcionado. Por lo tanto, no tengo suficiente información para responder esta pregunta."
corta_031,corta,Cite el nombre de la norma identificada con el código NUT-EN-N-01.,El nombre de la norma es Norma para Educación Alimentaria Nutricional.,"Source document: Normas-sustantivas-CEN-CINAI-30-09-2021.pdf
Page/section: Páginas 3, 10 y 14 de 20
Supporting excerpt: ""NUT-EN-N-01 Norma para Educación Alimentaria Nutricional""",La norma identificada con el código NUT-EN-N-01 es la Norma para Educación Alimentaria Nutricional.,"La norma identificada con el código NUT-EN-N-01 es la ""Norma para Educación Alimentaria Nutricional"".","La norma identificada con el código NUT-EN-N-01 se titula ""Norma para Educación Alimentaria Nutricional""."
corta_032,corta,"¿Qué debe contener la ""Portada"" del informe anual regional según la guía del Anexo 6?","Debe contener los datos de la institución, el título del informe, la Dirección Regional que lo envía, el nombre completo de los integrantes del equipo técnico responsable y el año.","Source document: Procedimiento_Atencin_Interdisciplinaria_Malnutricin_Versin_02_2020.pdf
Page/section: Página 99 de 140 (Anexo 6, Guía del formato)
Supporting excerpt: ""Portada: Al menos debe contener: datos de la institución, título del informe, Dirección Regional que envía el informe, nombre completo de integrantes del equipo técnico responsable de la elaboración del documento y año (1 página).""","La portada del informe anual regional debe contener al menos los siguientes elementos: datos de la institución, título del informe, Dirección Regional que envía el informe, nombre completo de integrantes del equipo técnico responsable de la elaboración del documento y el año.","La ""Portada"" del informe anual regional debe contener al menos los siguientes datos: 

- Datos de la institución
- Título del informe
- Dirección Regional que envía el informe
- Nombre completo de los integrantes del equipo técnico responsable de la elaboración del documento
- Año.","La portada del informe anual regional debe contener los siguientes elementos:

1. **Datos de la institución**: Incluir los detalles de la institución que elabora el informe.
2. **Título del informe**: Especificar el título del informe, que debe ser claro y descriptivo.
3. **Dirección Regional que envía el informe**: Indicar la Dirección Regional responsable de enviar el informe.
4. **Nombre completo de integrantes del equipo técnico responsable**: Listar los nombres completos de los miembros del equipo técnico que elaboraron el documento.
5. **Año**: Especificar el año correspondiente al informe.

Estos elementos deben presentarse en una sola página, según lo indicado en la guía del Anexo 6."
corta_033,corta,¿En qué meses del año se debe aplicar la herramienta de supervisión del cumplimiento según el Anexo 5?,"Se debe aplicar cada cuatrimestre, específicamente en los meses de abril, agosto y diciembre.","Source document: Procedimiento_Atencin_Interdisciplinaria_Malnutricin_Versin_02_2020.pdf
Page/section: Páginas 34 y 35 de 140 (Tarea 19)
Supporting excerpt: ""Herramienta cada cuatrimestre (abril, agosto, diciembre).""","No tengo suficiente información en el contexto proporcionado para responder a la pregunta sobre en qué meses del año se debe aplicar la herramienta de supervisión del cumplimiento según el Anexo 5, ya que el Anexo 5 no es mencionado en el contexto dado.","No tengo suficiente información para responder a la pregunta. El texto proporcionado no menciona el Anexo 5 ni la herramienta de supervisión del cumplimiento, por lo que no puedo determinar en qué meses del año se debe aplicar.","La información proporcionada no menciona el ""Anexo 5"" ni hace referencia a la herramienta de supervisión del cumplimiento en meses específicos del año. Por lo tanto, no tengo suficiente información para responder la pregunta."
corta_034,corta,Mencione dos materiales de apoyo para el abordaje de la malnutrición que no sean equipos de medición.,"Se mencionan los modelos o réplicas de alimentos y el material impreso de apoyo educativo, como los rotafolios para la alimentación.","Source document: Procedimiento_Atencin_Interdisciplinaria_Malnutricin_Versin_02_2020.pdf
Page/section: Página 107 de 140 (Anexo 7)
Supporting excerpt: ""* Modelos o réplicas de alimentos. * Kits para la estimulación infantil. * Material impreso de apoyo educativo como: rotafolio para la alimentación...""","El contexto proporcionado no menciona específicamente dos materiales de apoyo para el abordaje de la malnutrición que no sean equipos de medición. Se menciona la existencia de ""Lista de materiales de apoyo para el abordaje de niños y niñas con malnutrición"" en el Anexo 7, pero no se detallan qué materiales específicos incluye esa lista fuera de los equipos de medición. Por lo tanto, no puedo proporcionar dos ejemplos concretos basándome únicamente en la información dada.","Según el contexto proporcionado, dos materiales de apoyo para el abordaje de la malnutrición que no son equipos de medición son:

1. Guía de uso de la herramienta para el seguimiento interdisciplinario del niño o la niña con malnutrición (Anexo 5).
2. Instrumento de detección del niño o niña con malnutrición completado (Anexo 4).

Estos materiales de apoyo están diseñados para ayudar en la evaluación, seguimiento y atención interdisciplinaria de niños y niñas con malnutrición, y no son equipos de medición en sí mismos.","De acuerdo con el contexto proporcionado, dos materiales de apoyo para el abordaje de la malnutrición que no sean equipos de medición son:

1. **Guía de uso de la herramienta para el seguimiento interdisciplinario del niño o la niña con malnutrición** (Anexo 5).
2. **Material de apoyo para uso en el hogar**, como kits o recursos educativos para la recuperación de la malnutrición.

Estos materiales se mencionan en el contexto como parte de los instrumentos y apoyos utilizados en el abordaje interdisciplinario de la malnutrición."
corta_035,corta,¿Qué acción debe realizar el profesional si un expediente interdisciplinario va a ser trasladado a otra Oficina Local?,"Debe anotar el traslado en el espacio de observaciones indicando el destino y la fecha, y el profesional respectivo debe contactar a su homólogo en la oficina de destino para transmitir información sensible o informes específicos.","Source document: Procedimiento_Atencin_Interdisciplinaria_Malnutricin_Versin_02_2020.pdf
Page/section: Páginas 122 y 123 de 140 (Anexo 8, Sección Traslado de Expediente)
Supporting excerpt: ""El expediente de atención interdisciplinaria deberá ir en un sobre sellado rotulado con lo siguiente... Junto con el sobre se incluye un oficio firmado por el Jefe de Oficina Local... En el espacio de observaciones del último seguimiento registrado, se anota que el niño o niña se trasladó... el profesional respectivo deberá contactar a su homólogo de la Oficina donde se envió el expediente...""","Si un expediente interdisciplinario va a ser trasladado a otra Oficina Local, el profesional debe asegurarse de que el expediente esté en un sobre sellado y rotulado correctamente, con la información requerida como el nombre de la Oficina Local de destino, el nombre de la región, y la información del remitente. Además, junto con el sobre sellado, se debe incluir un oficio firmado por el Jefe de Oficina Local, dirigido a quien corresponda, indicando que se traslada el expediente de atención interdisciplinaria y pidiendo un acuse de recibido. También, el equipo interdisciplinario que trasladó el expediente debe actualizar el caso en la herramienta de seguimiento, registrando la condición como ""EGRESO"" y anotando en el espacio de observaciones que el niño o niña se trasladó, junto con el nombre del establecimiento, la Oficina Local y la región donde fue trasladado el expediente, y la fecha del traslado.","Según el contexto proporcionado, si un expediente interdisciplinario va a ser trasladado a otra Oficina Local, el profesional debe:

1. Actualizar el caso en la herramienta de seguimiento a niños y niñas con malnutrición, registrando la condición como ""EGRESO"".
2. En el espacio de observaciones del último seguimiento registrado, anotar que el niño o niña se trasladó y escribir el nombre del establecimiento, Oficina Local y Región donde fue trasladado el expediente y la fecha del traslado.
3. Si el profesional custodia anotaciones específicas y sensibles del caso, contactar a su homólogo de la Oficina donde se envió el expediente para transmitir toda la información necesaria para continuar con la atención específica que requiere el caso.

Además, el expediente de atención interdisciplinaria deberá ir en un sobre sellado rotulado con la información correspondiente, incluyendo el nombre del Jefe de Oficina Local de destino, el nombre de la Oficina Local y la Región, y la palabra ""CONFIDENCIAL"".","Si un expediente interdisciplinario va a ser trasladado a otra Oficina Local, el profesional debe:

1. Cumplir con el procedimiento de traslado de expedientes vigente en la institución.
2. Colocar el expediente en un sobre sellado rotulado con:
   - Dirigido a: Jefe de Oficina Local de destino, Nombre de la Oficina Local, Nombre de la Región.
   - Remitente: Nombre de Oficina Local Remitente, Fecha, Sello de la Oficina Local que envía el expediente.
   - Leer claramente la palabra “CONFIDENCIAL” en el sobre sellado.
3. Incluir junto con el sobre un oficio firmado por el Jefe de Oficina Local, dirigido a quien corresponda, indicando que se traslada el expediente de atención interdisciplinaria del niño o niña, y solicitando un acuse de recibido por parte de la Oficina Local receptora.

Además, el profesional debe actualizar el caso en la herramienta de seguimiento, registrando la condición como ""EGRESO"" y anotando en las observaciones que el niño o niña se trasladó, junto con el nombre del establecimiento, Oficina Local y Región de destino, y la fecha del traslado."
corta_036,corta,¿A qué grupo de edad se le aplica la Evaluación del Desarrollo del Escolar (EVADE)?,"Se aplica a niñas, niños y adolescentes en el rango de edad de 6 a 14 años.","Source document: Procedimiento_Vigilancia_Crecimientoydesarrollo_intrayextramurosUIVCD.pdf; SISVENDIS-2023.pdf; Procedimiento_Atencin_Interdisciplinaria_Malnutricin_Versin_02_2020.pdf
Page/section: Procedimiento_Vigilancia_Crecimientoydesarrollo_intrayextramurosUIVCD.pdf: Página 22 de 45; SISVENDIS-2023.pdf: Páginas 32 y 78 de 79; Procedimiento_Atencin_Interdisciplinaria_Malnutricin_Versin_02_2020.pdf: Página 16 de 140
Supporting excerpt: ""Prueba general para la evaluación del desarrollo de niños, niñas y adolescentes de 6 a 14 años de edad (EVADE)""","La Evaluación del Desarrollo del Escolar (EVADE) se aplica a niños, niñas y adolescentes de 6 a 14 años de edad.","La Evaluación del Desarrollo del Escolar (EVADE) se aplica a niños, niñas y adolescentes de 6 a 14 años de edad.","La Evaluación del Desarrollo del Escolar (EVADE) se aplica a niños, niñas y adolescentes de 6 a 14 años de edad."
corta_037,corta,"¿Qué significa un resultado ""¡Valor!"" o ""REFF!"" en las columnas de seguimiento de la herramienta de Excel?","Significa que la herramienta ha detectado datos extremos o no congruentes en el registro de fechas, edades o resultados, lo cual requiere una revisión y corrección de la calidad del dato.","Source document: Procedimiento_Atencin_Interdisciplinaria_Malnutricin_Versin_02_2020.pdf
Page/section: Páginas 94 y 95 de 140 (Anexo 5: Guía de revisión de calidad)
Supporting excerpt: ""Si aparece ¡Valor¡ o REFF¡ debe revisarse faltante de datos, ya que no se ha ingresado lo necesario para el cálculo respectivo, como datos en hoja de detección, fecha de nacimiento etc…""","No tengo suficiente información en el contexto proporcionado para responder a la pregunta sobre el significado de un resultado ""¡Valor!"" o ""REFF!"" en las columnas de seguimiento de la herramienta de Excel.","No tengo suficiente información para responder a la pregunta. En el contexto proporcionado, no se menciona el significado de ""¡Valor!"" o ""REFF!"" en las columnas de seguimiento de la herramienta de Excel.","La información proporcionada en el contexto no menciona ni define los significados de los términos ""¡Valor!"" o ""REFF!"" en las columnas de seguimiento de la herramienta de Excel. Por lo tanto, no tengo suficiente información para responder a esta pregunta."
corta_038,corta,¿Qué indicador antropométrico se utiliza para clasificar el estado nutricional en niños mayores de 5 años?,Se utilizan los indicadores de Índice de Masa Corporal (IMC) y Talla para Edad (T/E).,"Source document: Manual-operativo-Evaluacion-estado-nutricional-2019.pdf; DVS_norma_nacional_uso_graficas_antropometricas_valoracion_nutriciol_0-19_2017.pdf; Procedimiento_Atencin_Interdisciplinaria_Malnutricin_Versin_02_2020.pdf
Page/section: Manual-operativo-Evaluacion-estado-nutricional-2019.pdf: Página 8 de 48; DVS_norma_nacional_uso_graficas_antropometricas_valoracion_nutriciol_0-19_2017.pdf: Página 2; Procedimiento_Atencin_Interdisciplinaria_Malnutricin_Versin_02_2020.pdf: Página 66 de 140
Supporting excerpt: ""Para igual o mayores de 5 años (≥5 años): Se requiere la información de los indicadores IMC (Índice de Masa Corporal) y T/E (Talla para edad).""","En niños, niñas y adolescentes de 5 a menores de 19 años de edad, se deben analizar de manera conjunta los indicadores de talla para edad e IMC (Índice de Masa Corporal) para una adecuada e integral valoración nutricional.","Según el contexto proporcionado, en niños, niñas y adolescentes de 5 a menores de 19 años de edad, se deben analizar de manera conjunta los indicadores de ""talla para edad"" y ""Índice de Masa Corporal (IMC)"" para una adecuada e integral valoración nutricional. 

Por lo tanto, la respuesta es: Talla para edad e Índice de Masa Corporal (IMC).","Para niños y niñas de 5 a menores de 19 años, se utilizan los indicadores de talla para edad e Índice de Masa Corporal (IMC) para evaluar el estado nutricional."
corta_039,corta,¿Cuál es la población objetivo de la norma PCD-GF-N-01?,"La población objetivo es el núcleo familiar de las niñas, niños, adolescentes madres y mujeres embarazadas o en periodo de lactancia que reciben servicios en CEN-CINAI.","Source document: Normas-sustantivas-CEN-CINAI-30-09-2021.pdf
Page/section: Página 18 de 20 (Norma PCD-GF-N-01)
Supporting excerpt: ""Población Objetivo: Familias de clientes y beneficiarias de los diferentes servicios brindados por la Dirección Nacional de CEN-CINAI.""","La población objetivo de la norma PCD-GF-N-01 incluye el grupo familiar, grupos de adolescentes madres, mujeres embarazadas o en periodo de lactancia que requieran el desarrollo de competencias parentales, vínculos democráticos, respetuosos y afectivos y estilos de vida saludable.","La población objetivo de la norma PCD-GF-N-01 son niñas y niños menores de 13 años, adolescentes madres, mujeres embarazadas o en periodo de lactancia que requieren una atención interdisciplinaria para el desarrollo de competencias parentales, vínculos democráticos, respetuosos y afectivos, y estilos de vida saludable.","La población objetivo de la norma PCD-GF-N-01 son los grupos familiares, adolescentes madres, mujeres embarazadas o en periodo de lactancia que requieren acompañamiento en el desarrollo de competencias parentales, vínculos democráticos, respetuosos y afectivos, y estilos de vida saludable."
corta_040,corta,"Según el Anexo 8, ¿cómo debe estar el foliado de un expediente de atención interdisciplinaria?",El expediente debe estar debidamente foliado para garantizar el orden administrativo y la seguridad de la documentación física bajo custodia.,"Source document: Procedimiento_Atencin_Interdisciplinaria_Malnutricin_Versin_02_2020.pdf
Page/section: Página 122 de 140 (Anexo 8, numeral 3)
Supporting excerpt: ""3. Todo expediente deberá estar foliado.""","No tengo suficiente información en el contexto proporcionado para responder cómo debe estar el foliado de un expediente de atención interdisciplinaria según el Anexo 8, ya que el Anexo 8 no es mencionado en el contexto dado. Sin embargo, en uno de los párrafos se menciona que ""Todo expediente deberá estar foliado"", pero no se especifica cómo debe hacerse esto.","No hay información disponible en el contexto proporcionado sobre el Anexo 8. Sin embargo, según el procedimiento para la atención interdisciplinaria del niño o niña con malnutrición, en la página 122, se menciona que ""3. Todo expediente deberá estar foliado"". No se proporcionan detalles adicionales sobre cómo debe estar el foliado, solo que es un requisito para el expediente.","Según el contexto proporcionado, no se menciona un ""Anexo 8"". Por lo tanto, no tengo suficiente información para responder la pregunta."
corta_041,corta,¿Cuál es el objetivo principal de la Lista de Cotejo de Patrones de Hábitos de Salud?,Su objetivo es conocer si el niño o niña cumple o no cumple con las conductas de salud esperadas que impactan su desarrollo integral.,"Source document: SISVENDIS-2023.pdf; Procedimiento_Vigilancia_Crecimientoydesarrollo_intrayextramurosUIVCD.pdf; Manual-EDIN-II-final-2020.pdf
Page/section: SISVENDIS-2023.pdf: Páginas 33 y 72 de 79; Procedimiento_Vigilancia_Crecimientoydesarrollo_intrayextramurosUIVCD.pdf: Página 15 de 45; Manual-EDIN-II-final-2020.pdf: Página 91 de 331
Supporting excerpt: ""Identificar de manera oportuna la existencia o no de hábitos que impactan el desarrollo infantil."" / ""El objetivo de la lista de cotejo de patrones es complementar la evaluación de la prueba EDIN-II al determinar la existencia o no de hábitos que impactan el desarrollo infantil...""","El objetivo principal de la Lista de Cotejo de Patrones de Hábitos de Salud es complementar la evaluación de la prueba EDIN-II al determinar la existencia o no de hábitos que impactan el desarrollo infantil. Si el niño o la niña no cumple con alguno de los patrones, se brindará la educación oportuna para fomentar ese hábito, ya que la ausencia de un conjunto de hábitos puede jugar un papel como factor de riesgo, mientras que su presencia se convierte en un factor protector. La lista incluye patrones de alimentación, eliminación, sueño y descanso, higiene y vestido para los infantes más pequeños, y se agrega el patrón de seguridad en edades más grandes.","El objetivo principal de la Lista de Cotejo de Patrones de Hábitos de Salud es complementar la evaluación de la prueba EDIN-II al determinar la existencia o no de hábitos que impactan el desarrollo infantil, y brindar educación oportuna para fomentar esos hábitos en caso de que no se cumplan, con el fin de prevenir factores de riesgo y promover factores protectores para el desarrollo saludable de los niños y niñas.","El objetivo principal de la Lista de Cotejo de Patrones de Hábitos de Salud es complementar la evaluación de la prueba EDIN-II al determinar la existencia o no de hábitos que impactan el desarrollo infantil. Si el niño o la niña no cumple con alguno de los patrones, se brindará la educación oportuna para fomentar ese hábito, pues la ausencia de un conjunto de hábitos puede jugar un papel como factor de riesgo, así como la presencia se convertiría en un factor protector."
corta_042,corta,¿Qué profesional es el responsable de brindar acompañamiento técnico en la ejecución de tamizajes en la Oficina Local?,"Los profesionales integrantes del equipo interdisciplinario (Nutrición, Psicología, Docencia, Terapia de Lenguaje) de cada Oficina Local son los responsables.","Source document: Procedimiento_Vigilancia_Crecimientoydesarrollo_intrayextramurosUIVCD.pdf; Normas-sustantivas-CEN-CINAI-30-09-2021.pdf
Page/section: Procedimiento_Vigilancia_Crecimientoydesarrollo_intrayextramurosUIVCD.pdf: Páginas 7 y 39 de 45; Normas-sustantivas-CEN-CINAI-30-09-2021.pdf: Página 17 de 20
Supporting excerpt: ""Acompañamiento técnico y modelaje: Equipo de profesionales de atención interdisciplinaria de la Oficina Local..."" / ""Acompañamiento técnico: Profesional de equipo interdisciplinario de Oficina Local""","Según el contexto proporcionado, el equipo interdisciplinario de cada Oficina Local es responsable de brindar acompañamiento técnico al personal de los establecimientos. Sin embargo, el documento especifica que el acompañamiento técnico en particular para la ejecución de tamizajes y evaluaciones es proporcionado por el equipo de profesionales de la Oficina Local, bajo la supervisión y asesoría técnica del equipo de Área Técnica Regional. El cuadro 1 menciona que el ""Oficina Local acompañamiento técnico"" es realizado por el ""Área Técnica"", lo que sugiere que el rol de brindar acompañamiento técnico recae en el equipo de Área Técnica Regional.","Según el contexto proporcionado, el profesional responsable de brindar acompañamiento técnico en la ejecución de tamizajes en la Oficina Local es el equipo de profesionales de atención interdisciplinaria de la Oficina Local, quienes cuentan con el apoyo del profesional de establecimiento.","El profesional responsable de brindar acompañamiento técnico en la ejecución de tamizajes en la Oficina Local es el equipo interdisciplinario de profesionales de la Oficina Local, quienes cuentan con la asesoría técnica del equipo de profesionales del Área Técnica Regional."
corta_043,corta,Mencione el código de la norma que regula la Atención Integral de niños Extramuros.,El código de la norma es API-EX-N-07.,"Source document: Normas-sustantivas-CEN-CINAI-30-09-2021.pdf
Page/section: Páginas 3, 10 y 16 de 20
Supporting excerpt: ""API-EX-N-07 Norma de Educación Extramuros a niñas y niños menores de 13 años"" / ""Norma para Atención Integral de niñas y niños Extramuros Código: API-EX-N-07""","La pregunta solicita el código de la norma que regula la Atención Integral de niños Extramuros, pero el contexto proporcionado no menciona específicamente un código para la atención extramuros. Se menciona una ""Norma de Educación Extramuros a niñas y niños menores de 13 años"", pero no se proporciona un código específico para esta norma en el texto dado. Por lo tanto, no tengo suficiente información para proporcionar el código solicitado.",El código de la norma que regula la Atención Integral de niños Extramuros es API-EX-N-07.,El código de la norma que regula la Atención Integral de niños Extramuros es **API-EX-N-07**.
corta_044,corta,¿Qué técnica se utiliza para evaluar ítems que el niño no puede ejecutar en el momento pero que la madre conoce?,Se utiliza la entrevista o reporte de la madre (o cuidadora) para acreditar conductas que no son observadas de forma espontánea durante la evaluación.,"Source document: Manual-EDIN-II-final-2020.pdf; SISVENDIS-2023.pdf
Page/section: Manual-EDIN-II-final-2020.pdf: Páginas 3, 91 de 331; SISVENDIS-2023.pdf: Página 20 de 79
Supporting excerpt: ""Pida referencia a la persona encargada sobre la conducta en el hogar..."" / ""Por observación o entrevista a madre o responsable..."" / ""...se solicitará la referencia de la persona encargada.""","Según el contexto proporcionado, cuando el niño no puede ejecutar un ítem durante la evaluación, se solicita referencia a la persona encargada (madre o cuidador) sobre la conducta del niño en el hogar. Esto implica preguntar a la persona encargada sobre la conducta del niño en situaciones específicas para obtener información sobre habilidades o comportamientos que el niño pueda tener pero que no demostró durante la evaluación formal. Por ejemplo, se le puede preguntar si el niño utiliza la cuchara para comer, si necesita ayuda para comer, o si reconoce canciones conocidas.","La técnica que se utiliza para evaluar ítems que el niño no puede ejecutar en el momento pero que la madre conoce es la ""referencia a la persona encargada"". Esto implica pedirle a la madre o persona encargada del niño que proporcione información sobre el comportamiento o habilidad del niño en situaciones específicas, lo que permite al evaluador obtener una visión más completa del desarrollo del niño.","La técnica utilizada para evaluar ítems que el niño no puede ejecutar en el momento pero que la madre conoce es pedir referencia a la persona encargada. Por ejemplo, se le solicita a la madre o cuidador que indique cómo se comporta el niño en situaciones específicas, como cuando quiere algo que está lejos o cómo come."
corta_045,corta,¿Cuál es el plazo máximo para realizar el primer seguimiento de un caso clasificado como Prioridad 1?,El primer seguimiento debe realizarse en un plazo máximo de un mes después del análisis y priorización del caso.,"Source document: Procedimiento_Atencin_Interdisciplinaria_Malnutricin_Versin_02_2020.pdf
Page/section: Páginas 39 y 46 de 140 (Sección 5: Frecuencia del abordaje de cada seguimiento)
Supporting excerpt: ""Prioridad 1: Primer seguimiento, después del análisis y priorización: Máximo un mes después.""",El plazo máximo para realizar el primer seguimiento de un caso clasificado como Prioridad 1 es un mes después del análisis y priorización.,"Según el contexto proporcionado, el plazo máximo para realizar el primer seguimiento de un caso clasificado como Prioridad 1 es de un mes después del análisis y priorización.",El plazo máximo para realizar el primer seguimiento de un caso clasificado como Prioridad 1 es un mes después del análisis y priorización.
corta_046,corta,¿Qué datos personales del niño se consideran obligatorios en el encabezado de las hojas de respuesta del EDIN II?,"Son obligatorios el nombre completo, número de identificación, sexo y la edad exacta (años y meses) al momento de la evaluación.","Source document: Manual-EDIN-II-final-2020.pdf; Procedimiento_Vigilancia_Crecimientoydesarrollo_intrayextramurosUIVCD.pdf
Page/section: Manual-EDIN-II-final-2020.pdf: Página 91 de 331; Procedimiento_Vigilancia_Crecimientoydesarrollo_intrayextramurosUIVCD.pdf: Página 24 de 45
Supporting excerpt: ""NOMBRE: ___________________ SEXO: MAS FEM PERSONA ENCARGADA: ________________ EDAD: ___ CONTACTO: ______________"" / ""En cada hoja de respuesta debe incluirse los datos solicitados en el encabezado...""","El contexto proporcionado no especifica qué datos personales del niño son obligatorios en el encabezado de las hojas de respuesta del EDIN II. Por lo tanto, no tengo suficiente información para responder a la pregunta.",No tengo suficiente información para determinar qué datos personales del niño se consideran obligatorios en el encabezado de las hojas de respuesta del EDIN II.,"En el contexto proporcionado, no se mencionan específicamente los datos personales del niño que se consideran obligatorios en el encabezado de las hojas de respuesta del EDIN II. Por lo tanto, no tengo suficiente información para responder la pregunta."
corta_047,corta,¿Qué norma técnica sustantiva tiene un carácter transversal a todas las modalidades de atención?,Las normas de Selección (SC-N-01) y de Asistencia Técnica (AT-N-01) tienen un carácter transversal y encuadre común para todos los servicios institucionales.,"Source document: Normas-sustantivas-CEN-CINAI-30-09-2021.pdf
Page/section: Páginas 3 y 11 de 20 (Norma SC-N-01)
Supporting excerpt: ""Norma de Selección Código: SC-N-01 Vinculación transversal a todas modalidades de atención y servicios""","La norma técnica sustantiva que tiene un carácter transversal a todas las modalidades de atención es la **Norma para Asistencia Técnica** con el código **AT-N-01**. Según el contexto proporcionado, esta norma se vincula transversalmente a todas las modalidades de atención y servicios.",La norma para Asistencia Técnica (Código: AT-N-01) y la norma de Selección (Código: SC-N-01) tienen un carácter transversal a todas las modalidades de atención.,La norma técnica sustantiva que tiene un carácter transversal a todas las modalidades de atención es la **AT-N-01 Norma para Asistencia Técnica**.
corta_048,corta,"Según el Anexo 7, ¿qué tipo de modelos se utilizan para la educación alimentaria?",Se utilizan modelos o réplicas de alimentos para estimar tamaños de porciones y mejorar la exactitud de la educación alimentaria.,"Source document: Procedimiento_Atencin_Interdisciplinaria_Malnutricin_Versin_02_2020.pdf
Page/section: Página 118 de 140 (Anexo 7)
Supporting excerpt: ""MODELOS O REPLICAS DE ALIMENTOS: Las réplicas o modelos de alimentos son materiales de apoyo para estimar los tamaños de las porciones de alimentos. Ayudan a evaluar la ingesta dietética ya que mejora la exactitud de los datos obtenidos y facilita el reporte de las cantidades...""","No tengo suficiente información en el contexto proporcionado para responder a la pregunta sobre qué tipo de modelos se utilizan para la educación alimentaria según el Anexo 7, ya que el Anexo 7 no es mencionado en el contexto dado. Sin embargo, dentro del contexto se mencionan ""modelos o réplicas de alimentos"" que se usan en la educación nutricional, pero esto no está especificado como parte de un Anexo 7.","Según el texto proporcionado, se utilizan réplicas o modelos de alimentos para la educación alimentaria, los cuales ayudan a estimar los tamaños de las porciones de alimentos y evaluar la ingesta dietética.","Según el contexto proporcionado, en el Anexo 7 se mencionan ""modelos o réplicas de alimentos"" como materiales de apoyo para estimar los tamaños de las porciones de alimentos. Estos modelos ayudan a evaluar la ingesta dietética, mejoran la exactitud de los datos obtenidos y facilitan el reporte de las cantidades de los alimentos. Son útiles, duraderos y prácticos para ser empleados en educación nutricional a las personas usuarias de los servicios.

Respuesta: Según el Anexo 7, se utilizan modelos o réplicas de alimentos para la educación alimentaria."
corta_049,corta,¿Quién autoriza oficialmente las Normas Técnicas Sustantivas de la Dirección Nacional?,La Dirección Nacional de CEN-CINAI otorga el aval oficial y la autorización para la vigencia de las normas.,"Source document: Normas-sustantivas-CEN-CINAI-30-09-2021.pdf
Page/section: Página 2 de 20 (Presentación)
Supporting excerpt: ""Son autorizadas por Lidia María Conejo Morales, Directora, Dirección Nacional de CEN-CINAI.""","Lidia María Conejo Morales, Directora de la Dirección Nacional de CEN-CINAI, autoriza oficialmente las Normas Técnicas Sustantivas.","Lidia María Conejo Morales, Directora de la Dirección Nacional de CEN-CINAI.","Lidia María Conejo Morales, Directora de la Dirección Nacional de CEN-CINAI, autoriza oficialmente las Normas Técnicas Sustantivas."
corta_050,corta,"¿En qué periodo gestacional se considera a un niño como ""pretérmino"" para efectos de la corrección de edad?",Se considera pretérmino a todo niño nacido antes de las 37 semanas de gestación.,"Source document: Procedimiento_Vigilancia_Crecimientoydesarrollo_intrayextramurosUIVCD.pdf; Manual-EDIN-II-final-2020.pdf; DVS_norma_nacional_uso_graficas_antropometricas_valoracion_nutriciol_0-19_2017.pdf
Page/section: Procedimiento_Vigilancia_Crecimientoydesarrollo_intrayextramurosUIVCD.pdf: Páginas 41 y 42 de 45; Manual-EDIN-II-final-2020.pdf: Página 2 de 331; DVS_norma_nacional_uso_graficas_antropometricas_valoracion_nutriciol_0-19_2017.pdf: Página 2
Supporting excerpt: ""La edad corregida, se calcula en aquellas niñas y niños pretérmino (nacidos antes de las 37 semanas de gestación)..."" / ""...en las niñas y niños nacidos pretérmino (nacidos antes de las 37 semanas de gestación)...""","Un niño se considera ""pretérmino"" para efectos de la corrección de edad si nace antes de las 37 semanas de gestación.","Según el contexto proporcionado, un niño se considera ""pretérmino"" si nace antes de las 37 semanas de gestación. Esto es relevante para efectos de la corrección de edad en la evaluación del desarrollo y el estado nutricional.","Un niño se considera ""pretérmino"" para efectos de la corrección de edad si nació antes de las 37 semanas de gestación."
corta_051,corta,¿Qué áreas de desarrollo evalúa específicamente la prueba EVADE?,"Evalúa cinco áreas: motora gruesa, motora fina, lenguaje, cognitiva y socioafectiva.","Source document: SISVENDIS-2023.pdf; Procedimiento_Vigilancia_Crecimientoydesarrollo_intrayextramurosUIVCD.pdf
Page/section: SISVENDIS-2023.pdf: Páginas 33 y 78 de 79; Procedimiento_Vigilancia_Crecimientoydesarrollo_intrayextramurosUIVCD.pdf: Página 22 de 45
Supporting excerpt: ""...en cinco áreas del desarrollo: Motora Gruesa, Motora Fina, Lenguaje, Cognitiva y Socioafectiva.""","La prueba EVADE evalúa específicamente las áreas de motora gruesa, motora fina, cognitiva, lenguaje y socioafectiva.","La prueba EVADE evalúa específicamente las siguientes áreas de desarrollo: motora gruesa, motora fina, cognitiva, lenguaje y socioafectiva.","La prueba EVADE evalúa específicamente las siguientes áreas del desarrollo: motora gruesa, motora fina, cognitiva, lenguaje y socioafectiva."
corta_052,corta,¿Qué documento orienta la elaboración del Diagnóstico de establecimiento (DISSEN)?,El documento de orientación es el Manual metodológico para la elaboración del Diagnóstico de establecimiento (DISSEN).,"Source document: Procedimiento_Atencin_Interdisciplinaria_Malnutricin_Versin_02_2020.pdf; SISVENDIS-2023.pdf
Page/section: Procedimiento_Atencin_Interdisciplinaria_Malnutricin_Versin_02_2020.pdf: Páginas 16 y 109 de 140; SISVENDIS-2023.pdf: Páginas 43 y 50 de 79
Supporting excerpt: ""Manual metodológico y Documento de Información Socioeconómica, de Nutrición y de Salud de establecimiento CEN-CINAI (DISSEN). Es el documento que orienta sobre la elaboración del DISSEN de cada establecimiento.""","El manual metodológico para la elaboración del Diagnóstico establecimiento CEN-CINAI y comunidades: variables socioeconómicas, de salud, educación y nutrición (DISSEN) orienta la elaboración del Diagnóstico de establecimiento (DISSEN).","El documento que orienta la elaboración del Diagnóstico de establecimiento (DISSEN) es el ""Manual Metodológico Elaboración Diagnóstico"". Este manual es mencionado en el contexto proporcionado como el documento que guía la elaboración del DISSEN, que es un instrumento que recoge información sobre las variables socioeconómicas, de salud, educación y nutrición de los establecimientos CEN-CINAI y sus comunidades.","El documento que orienta la elaboración del Diagnóstico de establecimiento (DISSEN) es el **Manual metodológico elaboración Diagnóstico establecimiento CEN-CINAI y comunidades: variables socioeconómicas, de salud, educación y nutrición (DISSEN)**, elaborado por la Dirección Técnica, Unidad de Investigación y Vigilancia Crecimiento y Desarrollo de la Dirección Nacional de CEN-CINAI en 2018."
corta_053,corta,¿Cómo se clasifica a un niño que no cumple hitos de su edad pero sí los de la edad anterior?,Se clasifica como un caso de rezago en el desarrollo (identificado con el color amarillo).,"Source document: Manual-EDIN-II-final-2020.pdf; SISVENDIS-2023.pdf; Procedimiento_Atencin_Interdisciplinaria_Malnutricin_Versin_02_2020.pdf
Page/section: Manual-EDIN-II-final-2020.pdf: Página 7 de 331; SISVENDIS-2023.pdf: Páginas 78-79 de 79; Procedimiento_Atencin_Interdisciplinaria_Malnutricin_Versin_02_2020.pdf: Páginas 52 y 60 de 140
Supporting excerpt: ""Rezago en el desarrollo: la niña o el niño no cumple con las conductas esperadas para su grupo de edad, pero no se considera un retraso significativo porque logra las conductas de la edad anterior.""","Según el contexto proporcionado, si un niño no cumple con los hitos del desarrollo correspondientes a su grupo de edad, pero sí logra las conductas de la edad anterior, se califica como ""Rezago en el desarrollo"". Esto no se considera un retraso significativo.","Según el contexto proporcionado, un niño que no cumple con los hitos de su edad pero sí con los de la edad anterior se clasifica como tener ""Rezago en el desarrollo"". Esto se interpreta como que el niño o niña no cumple con las conductas esperadas para su grupo de edad, pero no se considera un retraso significativo porque logra las conductas de la edad anterior. En la escala de colores, esto se representa como ""Amarillo"".","Un niño que no cumple los hitos de su edad pero sí los de la edad anterior se clasifica como ""Rezago en el desarrollo""."
corta_054,corta,¿Qué material del kit EDIN II se utiliza para evaluar la interacción con objetos en los primeros meses?,Se utilizan materiales estandarizados como el sonajero o el cubo (rojo o verde) para observar la fijación y seguimiento de objetos.,"Source document: Manual-EDIN-II-final-2020.pdf
Page/section: Páginas 10, 19 y 25 de 331
Supporting excerpt: ""Dona de 15 cm de diámetro negra con blanco... Sonajero (chilindrín)... 3. Al colocarle un sonajero (chilindrín) en sus manos lo mueve... 2. Interactúa con los objetos que tiene alrededor.""","No tengo suficiente información en el contexto proporcionado para determinar qué material específico del kit EDIN II se utiliza para evaluar la interacción con objetos en los primeros meses. El contexto menciona que existen materiales necesarios para cada área de desarrollo, pero no especifica qué material se usa para evaluar la interacción con objetos en particular.",No tengo suficiente información para responder a la pregunta sobre qué material del kit EDIN II se utiliza para evaluar la interacción con objetos en los primeros meses. El texto proporcionado no especifica los materiales utilizados para evaluar la interacción con objetos en los primeros meses en el kit EDIN II.,"El material del kit EDIN II que se utiliza para evaluar la interacción con objetos en los primeros meses no está mencionado explícitamente en el contexto proporcionado. Por lo tanto, no tengo suficiente información para responder correctamente."
corta_055,corta,¿Cuál es la periodicidad del informe anual de atención interdisciplinaria?,Tiene una periodicidad anual y debe remitirse en el mes de febrero del año siguiente.,"Source document: Procedimiento_Atencin_Interdisciplinaria_Malnutricin_Versin_02_2020.pdf
Page/section: Páginas 34 de 140 (Tarea 20) y 98 de 140 (Anexo 6)
Supporting excerpt: ""Elaborar informe regional de la atención interdisciplinaria del niño o niña con malnutrición... Periodicidad: Anual, Mes de febrero del año siguiente.""","El informe anual de atención interdisciplinaria se envía en el mes de febrero del año siguiente, según el contexto proporcionado.","El informe anual de atención interdisciplinaria se elabora una vez al año, específicamente en el mes de febrero del año siguiente.",El informe anual de atención interdisciplinaria se elabora cada año y se envía en el mes de febrero del año siguiente.
corta_056,corta,"Según la norma PCD-ID-N-06, ¿cuándo debe recibir un niño atención interdisciplinaria profesional?","Debe recibirla cuando se detecte malnutrición en sus indicadores antropométricos, un resultado de riesgo de retraso (rojo) en su desarrollo o condiciones de riesgo psicosocial.","Source document: Normas-sustantivas-CEN-CINAI-30-09-2021.pdf
Page/section: Página 19 de 20 (Norma PCD-ID-N-06)
Supporting excerpt: ""Toda niña o niño, adolescente madre, mujer embarazada o en periodo de lactancia, inscritos en los servicios de CEN-CINAI, debe recibir atención interdisciplinaria profesional, cuando se detectan necesidades de apoyo especial en su crecimiento, desarrollo, salud o en el entorno social donde vive...""","Según la norma PCD-ID-N-06, un niño debe recibir atención interdisciplinaria profesional cuando se detectan necesidades de apoyo especial en su crecimiento, desarrollo, salud o en el entorno social donde vive.","Según la norma PCD-ID-N-06, un niño debe recibir atención interdisciplinaria profesional cuando se detectan necesidades de apoyo especial en su crecimiento, desarrollo, salud o en el entorno social donde vive.","Según la norma PCD-ID-N-06, un niño debe recibir atención interdisciplinaria profesional cuando se detectan necesidades de apoyo especial en su crecimiento, desarrollo, salud o en el entorno social donde vive, para potencializar su salud y desarrollo de forma óptima y segura."
corta_057,corta,¿Qué dato antropométrico es indispensable para que el programa Anthro sume o reste 0.7 cm automáticamente?,"Es indispensable indicar si la medición fue realizada acostado o de pie, además de la edad exacta del niño.","Source document: Procedimiento_Atencin_Interdisciplinaria_Malnutricin_Versin_02_2020.pdf; Manual-operativo-Evaluacion-estado-nutricional-2019.pdf
Page/section: Procedimiento_Atencin_Interdisciplinaria_Malnutricin_Versin_02_2020.pdf: Páginas 66 y 81 de 140; Manual-operativo-Evaluacion-estado-nutricional-2019.pdf: Página 13 de 48
Supporting excerpt: ""Medición: Marque con una X en el paréntesis correspondiente si el niño o niña fue medido acostado o de pie. Recuerde que esta información es importante, dado que al registrar los datos en el programa Anthro este automáticamente suma o resta los 0.7 cm. dependiendo de cómo se haya evaluado el menor.""","El dato antropométrico indispensable para que el programa Anthro sume o reste 0.7 cm automáticamente es la postura en la que se midió al niño o niña, es decir, si fue medido acostado o de pie.","La posición en la que se midió al niño o niña, es decir, si fue medido acostado o de pie.","El dato antropométrico indispensable para que el programa Anthro sume o reste 0.7 cm automáticamente es la posición en la que se midió al niño o niña, es decir, si fue medido acostado o de pie."
corta_058,corta,¿Qué debe hacer el equipo si el rezago (amarillo) persiste tras tres meses de estrategias?,"El equipo debe actualizar el plan de atención y la estrategia de estimulación, y si no hay mejoría, valorar la referencia a servicios de salud externos.","Source document: Procedimiento_Atencin_Interdisciplinaria_Malnutricin_Versin_02_2020.pdf
Page/section: Páginas 52 y 60 de 140 (Anexo 2, numeral 2)
Supporting excerpt: ""Luego de tres meses de aplicación de las estrategias se verifica si fue superado el rezago en las áreas respectivas. Si los niños o niñas no logran superar el rezago, el equipo interdisciplinario actualiza la estrategia de abordaje y el plan de estimulación. Se registra el seguimiento en la herramienta de seguimiento al niño o niña con malnutrición.""","Si el rezago (amarillo) persiste tras tres meses de estrategias, el equipo interdisciplinario actualiza la estrategia de abordaje y el plan de estimulación. Se registra el seguimiento en la herramienta de seguimiento al niño o niña con malnutrición.","Si el rezago (amarillo) persiste tras tres meses de estrategias, el equipo interdisciplinario debe actualizar la estrategia de abordaje y el plan de estimulación. También deben registrar el seguimiento en el instrumento respectivo y en la herramienta de seguimiento al niño o niña con malnutrición.","Si el rezago (amarillo) persiste tras tres meses de estrategias, el equipo interdisciplinario debe actualizar la estrategia de abordaje y el plan de estimulación. Además, se brindan recomendaciones a los padres o persona encargada del niño o niña para guiarles en las acciones que pueden realizar desde el hogar. Cuando sea necesario, se realiza la referencia respectiva a la institución y especialidad que compete. Se registra el seguimiento en la herramienta correspondiente y en la herramienta de seguimiento al niño o niña con malnutrición."
corta_059,corta,Mencione dos indicadores de riesgo familiar que se registran en el instrumento de detección.,Se registran indicadores como el hacinamiento y la inadecuada disposición de desechos sólidos o basura.,"Source document: Procedimiento_Atencin_Interdisciplinaria_Malnutricin_Versin_02_2020.pdf
Page/section: Páginas 10 de 140 (Definiciones), 40-45 de 140 y 93 de 140
Supporting excerpt: ""* Hogar con violencia intrafamiliar... * Hogar sin agua apta para consumo humano... * Inadecuada disposición de excretas... * Inadecuada disposición de basuras...""",Dos indicadores de riesgo familiar que se registran en el instrumento de detección son el abuso de drogas y/o alcohol y el abuso sexual.,"Abuso de drogas y/o alcohol, abuso sexual.","Abuso de drogas y/o alcohol, abuso sexual, abandono infantil, trabajo infantil, aspectos relacionados con el vínculo que afecten la seguridad, entre otros que el equipo considere pertinente."
corta_060,corta,¿Cuál es el código de la norma para Investigaciones Operativas?,El código es PCD-IO-N-01.,"Source document: Normas-sustantivas-CEN-CINAI-30-09-2021.pdf
Page/section: Páginas 3 y 20 de 20
Supporting excerpt: ""PCD-IO-N-01 Norma para: Investigaciones Operativas""",El código de la norma para Investigaciones Operativas es PCD-IO-N-01.,El código de la norma para Investigaciones Operativas es PCD-IO-N-01.,El código de la norma para Investigaciones Operativas es **PCD-IO-N-01**.
corta_061,corta,¿Qué material se usa para la prueba de agudeza auditiva en mayores de 3 años?,"Se utiliza el kit de tarjetas estandarizado de la ""Prueba Auditiva de las Tarjetas en Costa Rica"".","Source document: Procedimiento_Vigilancia_Crecimientoydesarrollo_intrayextramurosUIVCD.pdf; SISVENDIS-2023.pdf
Page/section: Procedimiento_Vigilancia_Crecimientoydesarrollo_intrayextramurosUIVCD.pdf: Páginas 24 y 28 de 45; SISVENDIS-2023.pdf: Páginas 33 y 75 de 79
Supporting excerpt: ""...uso de la cartilla de prueba auditiva de las tarjetas y lo descrito en el manual operativo."" / ""Cartilla aplicada para la evaluación de la agudeza auditiva: Es la prueba auditiva de las tarjetas...""","Según el contexto proporcionado, el material que se usa para la prueba de agudeza auditiva en mayores de 3 años es un sonajero, también conocido como ""chilindrín"".","Según el contexto proporcionado, el material utilizado para la prueba de agudeza auditiva en niños mayores de 3 años son ""tarjetas"". Sin embargo, en otro fragmento del contexto, se menciona el uso de un ""sonajero (chilindrín)"" en algunas evaluaciones relacionadas con el desarrollo infantil, pero específicamente para la prueba auditiva de las tarjetas, se hace referencia a las ""tarjetas"" como el material utilizado.",El material utilizado para la prueba de agudeza auditiva en niños y niñas mayores de 3 años es el **sonajero (chilindrín)**.
corta_062,corta,¿En qué casos específicos se establece el uso del perímetro braquial como medición antropométrica alternativa?,"Se utiliza oficialmente para la valoración nutricional de niñas y niños que presentan necesidades especiales de crecimiento, tales como aquellos con parálisis cerebral infantil (PCI).","Source document: SISVENDIS-2023.pdf; Procedimiento_Vigilancia_Crecimientoydesarrollo_intrayextramurosUIVCD.pdf
Page/section: SISVENDIS-2023.pdf: Páginas 31 y 50 de 79; Procedimiento_Vigilancia_Crecimientoydesarrollo_intrayextramurosUIVCD.pdf: Páginas 13 y 45 de 45
Supporting excerpt: ""En el manual abarca la evaluación nutricional para niñas y niños con Síndrome de Down, acondroplasia y parálisis cerebral infantil (PCI). Asimismo, las mediciones antropométricas alternativas incluidas en este manual son la altura rodilla, perímetro braquial y circunferencia cefálica.""","El contexto proporcionado no especifica casos específicos en los que se use el perímetro braquial como una medición antropométrica alternativa. Se menciona que el perímetro braquial o del brazo se toma en la línea perpendicular del brazo izquierdo, en el punto equidistante de ambos extremos del húmero: acromion y olecranon, y que su magnitud permite medir indirectamente la masa muscular y grasa total, pero no se dan casos específicos en los que se use como alternativa. Por lo tanto, no tengo suficiente información para responder a la pregunta de manera precisa.","Según el contexto proporcionado, el perímetro braquial se utiliza como medición antropométrica para medir indirectamente la masa muscular y grasa total. Se toma en la línea perpendicular del brazo izquierdo, en el punto equidistante de ambos extremos del húmero: acromion y olecranon. Sin embargo, no se especifican casos específicos en los que se establece el uso del perímetro braquial como medición antropométrica alternativa. 

Se menciona que la altura rodilla es una medida altamente relacionada con la estatura y puede ser utilizada en personas con problemas de espina dorsal o con limitaciones para ponerse de pie, pero no se proporciona información similar para el perímetro braquial. Por lo tanto, no tengo suficiente información para responder a esta pregunta de manera específica.","El perímetro braquial se establece como una medición antropométrica alternativa en casos específicos, como cuando se desea medir indirectamente la masa muscular y grasa total. Se toma en la línea perpendicular del brazo izquierdo, en el punto equidistante de ambos extremos del húmero: acromion y olecranon."
corta_063,corta,¿Cómo se identifica visualmente la tendencia de crecimiento de un niño en las gráficas del expediente?,Se identifica trazando una línea recta que conecte los puntos marcados como resultado de dos o más evaluaciones nutricionales sucesivas.,"Source document: Manual-operativo-Evaluacion-estado-nutricional-2019.pdf; Procedimiento_Vigilancia_Crecimientoydesarrollo_intrayextramurosUIVCD.pdf; DVS_norma_nacional_uso_graficas_antropometricas_valoracion_nutriciol_0-19_2017.pdf
Page/section: Manual-operativo-Evaluacion-estado-nutricional-2019.pdf: Páginas 14-15 de 48; Procedimiento_Vigilancia_Crecimientoydesarrollo_intrayextramurosUIVCD.pdf: Página 21 de 45; DVS_norma_nacional_uso_graficas_antropometricas_valoracion_nutriciol_0-19_2017.pdf: Página 5
Supporting excerpt: ""Tendencia: una vez realizado el ploteo, se traza una línea que conecte los puntos ploteados para observar la tendencia y evolución del crecimiento de la niña o niño evaluado."" / ""Tendencia: Evolución de dos o más mediciones en el tiempo, se puede visualizar en el tiempo trazando una línea que se realiza al unir dos o más puntos en una gráfica...""","Visualmente, la tendencia de crecimiento de un niño en las gráficas del expediente se identifica trazando una línea que conecta los puntos de crecimiento marcados en la gráfica. Esta línea puede presentarse de varias formas:

- Una línea ascendente indica un crecimiento normal, ya que muestra que la talla del niño aumenta con el tiempo.
- Una línea horizontal sugiere que la talla del niño no ha aumentado, lo que puede ser una alerta, ya que indica que el niño no está creciendo al ritmo esperado. Sin embargo, es normal que el ritmo de crecimiento desacelere a partir de los 16 años en niñas y a partir de los 17 años en niños, por lo que una línea horizontal en estas edades podría considerarse normal.
- Si la línea de tendencia entre los puntos marcados en cualquiera de las curvas de crecimiento se ubica entre el percentil 3 y el 97, se considera una evaluación óptima del crecimiento postnatal. Sin embargo, una línea de tendencia estacionaria (plana) en los diferentes indicadores, aunque se ubique entre los percentiles 3 y 97, debe considerarse como una evaluación no óptima del crecimiento, lo que implica un seguimiento más continuo.","La tendencia de crecimiento de un niño se identifica visualmente en las gráficas del expediente mediante la observación de la línea trazada en la gráfica de talla para edad. Si la línea es ascendente, indica un crecimiento normal. Si la línea es horizontal, puede ser una alerta de que el niño no está creciendo al ritmo esperado. Además, se debe considerar que una línea de tendencia estacionaria (plana) en los diferentes indicadores, aunque se ubique entre los percentiles 3 y 97, debe considerarse como una evaluación no óptima del crecimiento.","Para identificar visualmente la tendencia de crecimiento de un niño en las gráficas del expediente, se deben observar las siguientes indicaciones:

1. **Gráficas de Crecimiento Somático**: Estas gráficas se construyen a partir de patrones de crecimiento de referencia y permiten plotear los datos de peso, talla y edad. Las gráficas deben estar integradas en el expediente y actualizadas con los datos completos, según el sexo y grupo de edad del niño.

2. **Interpretación de la Tendencia**:
   - **Línea Ascendente**: Indica un crecimiento normal, ya que la talla aumenta con el tiempo.
   - **Línea Horizontal**: Sugeriría que el niño no está creciendo al ritmo esperado, lo que podría ser una alerta. Sin embargo, es normal que el ritmo de crecimiento desacelere a partir de los 16 años en niñas y 17 años en niños.
   - **Línea Descendente**: Indica un posible problema de crecimiento que requiere atención.

3. **Gráficas de Índice de Masa Corporal (IMC) para Edad**: En estas gráficas, la edad está en el eje x y el IMC en el eje y. Los valores de IMC se interpretan en términos de desviaciones estándar (DE):
   - **IMC ≥2 DE**: Obesidad.
   - **IMC <2 y ≥1 DE**: Peso superior al promedio.
   - **IMC <1 DE**: Peso inferior al promedio.

4. **Gráficas de Perímetro Cefálico para Edad**: Estas gráficas se utilizan para niños de 0-3 años. Los valores se interpretan como:
   - **Perímetro Cefálico >2 DE**: Macrocefalia.
   - **Perímetro Cefálico < -2 DE**: Microcefalia.

5. **Gráficas para Niños Nacidos Pretérmino**: Estas gráficas consideran la edad gestacional y se utilizan para evaluar el crecimiento postnatal. La tendencia se considera óptima si se mantiene entre los percentiles 3 y 97. Una tendencia estacionaria (plana) en los indicadores, aunque dentro de los percentiles, implica un seguimiento más continuo.

En resumen, la tendencia de crecimiento se identifica observando la dirección de la línea trazada en las gráficas (ascendente, horizontal o descendente) y comparando los valores antropométricos con los patrones de referencia establecidos."
corta_064,corta,¿Cuál es el número máximo de evaluaciones subsecuentes de la prueba EDIN II que permite registrar la herramienta digital?,El formato de registro en la herramienta digital institucional contempla columnas para capturar la evaluación inicial y el seguimiento de hasta tres evaluaciones subsecuentes.,"Source document: Procedimiento_Atencin_Interdisciplinaria_Malnutricin_Versin_02_2020.pdf; SISVENDIS-2023.pdf
Page/section: Procedimiento_Atencin_Interdisciplinaria_Malnutricin_Versin_02_2020.pdf: Página 89 de 140 (Anexo 5); SISVENDIS-2023.pdf: Página 31 de 79
Supporting excerpt: ""Hoja para registro de resultados de la prueba... Permite registrar la evaluación inicial y tres subsecuentes.""","La herramienta permite registrar la evaluación inicial y tres subsecuentes, lo que significa que el número máximo de evaluaciones subsecuentes que puede registrar es tres.",La herramienta digital permite registrar la evaluación inicial y tres subsecuentes de la prueba EDIN II.,La herramienta digital para la prueba EDIN II permite registrar la evaluación inicial y tres subsecuentes.
corta_065,corta,¿Qué población integra específicamente el Grupo J (Prioridad 4) en el proceso de atención?,Este grupo está integrado por niños y niñas en servicio DAF que han recuperado su estado nutricional normal en todos los indicadores y se encuentran cumpliendo su año de protección.,"Source document: Procedimiento_Atencin_Interdisciplinaria_Malnutricin_Versin_02_2020.pdf
Page/section: Páginas 38 y 45 de 140 (Grupo J)
Supporting excerpt: ""Grupo J Prioridad 4: Niños y niñas que reciben DAF y han recuperado su estado nutricional normal en todos los indicadores, por lo tanto, se inicia el año de protección en DAF a partir de la valoración del estado nutricional donde se reporta en estado nutricional normal.""","No tengo suficiente información en el contexto proporcionado para determinar específicamente qué población integra el Grupo J (Prioridad 4) en el proceso de atención. El contexto menciona cifras relacionadas con la priorización, pero no define claramente qué criterios se usan para clasificar a los niños y niñas en la Prioridad 4.",No tengo suficiente información para determinar qué población integra específicamente el Grupo J (Prioridad 4) en el proceso de atención. El texto proporcionado no menciona explícitamente el Grupo J o su composición.,"La información proporcionada en el contexto no menciona específicamente qué población integra el Grupo J (Prioridad 4) en el proceso de atención. Por lo tanto, no tengo suficiente información para responder esta pregunta."
corta_066,corta,¿Cuál es el objetivo técnico de aplicar la corrección de edad en la evaluación de niños nacidos pretérmino?,Su objetivo es compensar de forma parcial el periodo de vida intrauterina faltante para evaluar al menor según su madurez biológica real y evitar diagnósticos erróneos.,"Source document: Procedimiento_Vigilancia_Crecimientoydesarrollo_intrayextramurosUIVCD.pdf; Manual-EDIN-II-final-2020.pdf
Page/section: Procedimiento_Vigilancia_Crecimientoydesarrollo_intrayextramurosUIVCD.pdf: Página 41 de 45; Manual-EDIN-II-final-2020.pdf: Página 2 de 331
Supporting excerpt: ""...con la finalidad de que se compense de forma parcial el periodo de vida intrauterina, que le hizo falta al menor para culminar la formación y crecimiento óptimo.""","El objetivo técnico de aplicar la corrección de edad en la evaluación de niños nacidos pretérmino es compensar parcialmente el periodo de vida intrauterina que le faltó al menor para culminar la formación y crecimiento óptimo. Esto permite valorar el desarrollo de las conductas alcanzadas hasta el momento de manera más precisa, evitando evaluar a la niña o al niño con ítems de un grupo de edad que no les corresponde.","El objetivo técnico de aplicar la corrección de edad en la evaluación de niños nacidos pretérmino es compensar de forma parcial el período de vida intrauterina que le faltó al menor para culminar su formación y crecimiento óptimo, permitiendo una evaluación más precisa de su desarrollo.","El objetivo técnico de aplicar la corrección de edad en la evaluación de niños nacidos pretérmino es compensar parcialmente el periodo de vida intrauterina que les faltó para culminar la formación y crecimiento óptimo, permitiendo valorar el desarrollo de las conductas alcanzadas hasta dicho momento."
corta_067,corta,¿Qué instrumentos técnicos nacionales sirven de base para los contenidos de la norma de Educación Alimentaria Nutricional?,Las acciones y contenidos educativos de esta norma técnica se fundamentan en los lineamientos establecidos por las Guías Alimentarias vigentes en el país.,"Source document: Normas-sustantivas-CEN-CINAI-30-09-2021.pdf
Page/section: Páginas 7 y 14 de 20 (Norma NUT-EN-N-01)
Supporting excerpt: ""...basados en lineamientos científicos vigentes como por ejemplo las Guías Alimentarias, haciendo uso de técnicas apropiadas, de acuerdo con las necesidades de los grupos etarios atendidos en CEN-CINAI...""","La información proporcionada no menciona específicamente qué instrumentos técnicos nacionales sirven de base para los contenidos de la norma de Educación Alimentaria Nutricional. Por lo tanto, no tengo suficiente información para responder a la pregunta con precisión.",No tengo suficiente información para responder a esta pregunta.,"Los instrumentos técnicos nacionales que sirven de base para los contenidos de la norma de Educación Alimentaria Nutricional son:

1. **Guías Alimentarias**: Se mencionan como lineamientos científicos vigentes que se utilizan para orientar la educación alimentaria nutricional.

2. **Norma para Educación Alimentaria Nutricional (Código: NUT-EN-N-01)**: Esta norma establece los criterios y actividades para promover hábitos alimentarios saludables y estilos de vida saludables.

3. **Guía de Manejo de Alimentos**: Proporciona lineamientos para la cadena alimentaria, incluyendo selección, almacenamiento, conservación, preparación y distribución de alimentos, así como higiene y manejo de desechos.

4. **Guía de Selección y Compra de Alimentos para los Servicios de Alimentos CEN-CINAI a Nivel Nacional**: Facilita criterios unificados para adquirir productos alimenticios, garantizando características organolépticas, inocuidad y calidad.

Estos instrumentos forman la base técnica para la implementación de la norma de Educación Alimentaria Nutricional, asegurando que las actividades y estrategias estén respaldadas por criterios científicos y de calidad."
corta_068,corta,¿Bajo qué condición específica se debe aplicar el Test de detección de dificultades de lenguaje a un menor?,Se aplica a niños que presentan rezago o riesgo en el área de comunicación y lenguaje tras haber agotado un plan de estimulación previo sin mostrar mejoría.,"Source document: Procedimiento_Vigilancia_Crecimientoydesarrollo_intrayextramurosUIVCD.pdf; SISVENDIS-2023.pdf
Page/section: Procedimiento_Vigilancia_Crecimientoydesarrollo_intrayextramurosUIVCD.pdf: Páginas 15 y 27 de 45; SISVENDIS-2023.pdf: Página 34 de 79
Supporting excerpt: ""Test de Lenguaje a casos referidos con nivel de rezago en el área de lenguaje y problemas de comunicación.""","El contexto proporcionado no especifica una condición específica única bajo la cual se debe aplicar el Test de detección de dificultades de lenguaje a un menor, sino que menciona que este test se utiliza para detectar dificultades del lenguaje en áreas como la fonética, semántica, pragmática, léxico, morfología, sintaxis y fonología, y que puede ser aplicado a niños de 2 años a 6 años y 11 meses. Sin embargo, se menciona que niños y niñas mayores de 3 años con dificultades en el desarrollo del lenguaje pueden ser sometidos a este test. Por lo tanto, la condición específica más cercana sería la presencia de dificultades en el desarrollo del lenguaje en niños mayores de 3 años.","Según el contexto proporcionado, el Test de detección de dificultades de lenguaje se aplica a menores de 2 años a 6 años y 11 meses, específicamente para detectar dificultades del lenguaje en áreas como fonética, semántica, pragmática, léxico, morfología, sintaxis y fonología. Además, se menciona que se aplica anual o semestralmente, dependiendo del resultado de la primera evaluación, y se utiliza para niños y niñas que reciben servicios de CEN-CINAI intramuros y extramuros que presentan rezago en su lenguaje y dificultades de comunicación, y que el plan de estimulación del lenguaje no presentó mejoría.",El Test de detección de dificultades de lenguaje debe aplicarse a menores que presentan dificultades en el desarrollo del lenguaje y que no han mostrado mejoría con el plan de estimulación del lenguaje.
corta_069,corta,¿Cuál es el eje transversal que garantiza el bienestar integral de la niñez en los sistemas de vigilancia de CEN-CINAI?,El enfoque de derechos de la niñez es el eje transversal que rige el diseño de los modelos operativos y los sistemas de vigilancia institucional.,"Source document: Normas-sustantivas-CEN-CINAI-30-09-2021.pdf; SISVENDIS-2023.pdf
Page/section: Normas-sustantivas-CEN-CINAI-30-09-2021.pdf: Páginas 4, 6 y 15 de 20; SISVENDIS-2023.pdf: Página 42 de 79
Supporting excerpt: ""...que aseguren la atención óptima del niño y la niña menor de 13 años y que impulsan el desarrollo de su potencial como sujeto integral de derechos.""","El contexto proporcionado no menciona específicamente un ""eje transversal que garantiza el bienestar integral de la niñez en los sistemas de vigilancia de CEN-CINAI"". Se menciona que hay 6 ejes transversales con principios y valores que guían el quehacer en las acciones institucionales, pero no se especifica cuál de ellos se encarga directamente del bienestar integral de la niñez en los sistemas de vigilancia. Por lo tanto, no tengo suficiente información para responder a la pregunta concretamente.","No tengo suficiente información para determinar específicamente cuál de los ejes transversales es el que garantiza el bienestar integral de la niñez en los sistemas de vigilancia de CEN-CINAI, ya que el texto proporcionado menciona varios principios y valores que guían el quehacer en las acciones institucionales, pero no especifica claramente un eje transversal único dedicado a este propósito.","El eje transversal que garantiza el bienestar integral de la niñez en los sistemas de vigilancia de CEN-CINAI es el de ""Aprender a cuidar su salud: de acuerdo con las etapas de desarrollo, promocionando Estilos de Vida Saludables en un marco de protagonismo activo del niño y la niña."""
corta_070,corta,¿Qué mobiliario específico se utiliza para aplicar la prueba de desarrollo en niños de grupos de edad mayores?,"Según los instructivos, para los grupos de edad mayores se debe utilizar una mesa y dos sillas, reservando el uso de la colchoneta para lactantes.","Source document: Manual-EDIN-II-final-2020.pdf
Page/section: Página 2 de 331 (Condiciones para la aplicación de la prueba)
Supporting excerpt: ""Además, el lugar debe contar con una colchoneta para evaluar las conductas en las niñas y los niños más pequeños. Para los de mayor edad, se utilizará una mesa y dos sillas...""","Para los niños de grupos de edad mayores, se utiliza una mesa y dos sillas, una para la persona examinadora y otra para el niño.","Para aplicar la prueba de desarrollo en niños de grupos de edad mayores, se utiliza una mesa y dos sillas, una para la persona examinadora y otra para la niña o el niño.","Para aplicar la prueba de desarrollo en niños de grupos de edad mayores, se utiliza una mesa y dos sillas: una para la persona examinadora y otra para el niño o la niña."
corta_071,corta,¿Qué término se debe anotar en el campo de identificación de la herramienta digital cuando el menor no posee documentos de identidad?,"El procedimiento permite registrar la palabra ""indocumentado"" o un código alfanumérico provisional para garantizar el acceso al servicio sin exclusiones.","Source document: Procedimiento_Atencin_Interdisciplinaria_Malnutricin_Versin_02_2020.pdf
Page/section: Páginas 64, 90 y 91 de 140 (Instructivo del Instrumento y Anexo 5)
Supporting excerpt: ""Si la persona no posee ningún tipo de documento, anote la palabra sin documentos en este espacio."" / ""Identificación... Filtro Pueden ser datos numéricos, alfanuméricos, indocumentado.""","Si la persona encargada del niño/a no posee ningún tipo de documento, se debe anotar la palabra ""sin documentos"" en el campo de identificación.","Según el contexto proporcionado, si la persona (en este caso, el menor) no posee ningún tipo de documento de identidad, se debe anotar la palabra ""sin documentos"" en el espacio correspondiente a la identificación.","Si el menor no posee documentos de identidad, se debe anotar la palabra ""sin documentos"" en el campo correspondiente."
corta_072,corta,¿Quiénes son los responsables de ejercer la función gerencial de supervisión técnica y del cumplimiento en los establecimientos?,"Esta responsabilidad recae en las Jefaturas de Oficina Local, las Jefaturas de Área Técnica Regional (ATE) y la Dirección Regional respectiva.","Source document: Procedimiento_Atencin_Interdisciplinaria_Malnutricin_Versin_02_2020.pdf; Procedimiento_Vigilancia_Crecimientoydesarrollo_intrayextramurosUIVCD.pdf
Page/section: Procedimiento_Atencin_Interdisciplinaria_Malnutricin_Versin_02_2020.pdf: Página 36 de 140 (Formulario FAES); Procedimiento_Vigilancia_Crecimientoydesarrollo_intrayextramurosUIVCD.pdf: Páginas 8 y 36 de 45
Supporting excerpt: ""Jefaturas de Área Técnica y de Oficina Local con claridad de su rol gerencial como garante de la importancia del cumplimiento del procedimiento, para uso en toma de decisiones, mediante el monitoreo del cumplimiento de programación de actividades de sus equipos.""","Según el contexto proporcionado, la Jefatura de Oficina Local es la persona responsable de ejercer la función gerencial de la programación y monitoreo de las actividades a nivel de Oficina Local y establecimientos, lo cual garantiza el cumplimiento del procedimiento. Asimismo, la Jefatura de Área Técnica Regional tiene claridad en su rol técnico como garante de la supervisión y asesoría técnica de las actividades del procedimiento. Por lo tanto, ambas jefaturas tienen roles clave en la supervisión técnica y el cumplimiento en los establecimientos.","Según el contexto proporcionado, los responsables de ejercer la función gerencial de supervisión técnica y del cumplimiento en los establecimientos son:

1. La Jefatura de Área Técnica de la Región: es la persona responsable de conducir al equipo de Área Técnica en las acciones de supervisión y acompañamiento técnico.
2. La Jefatura de Oficina Local: es la persona responsable de conducir la ejecución del procedimiento, mediante la divulgación, programación y monitoreo de las acciones a realizar por parte de las personas funcionarias de establecimiento CEN-CINAI.

En resumen, son los jefes de Área Técnica y de Oficina Local quienes ejercen la función gerencial de supervisión técnica y del cumplimiento en los establecimientos.",La Jefatura de Oficina Local es la persona responsable de ejercer la función gerencial de supervisión técnica y del cumplimiento en los establecimientos.
corta_073,corta,"¿Qué componentes de salud, además de nutrición y desarrollo, integra el modelo operativo SISVENDIS 2023?",Integra formalmente la vigilancia de la salud oral mediante la detección de placa bacteriana y la identificación de higiene oral mala.,"Source document: SISVENDIS-2023.pdf; Procedimiento_Vigilancia_Crecimientoydesarrollo_intrayextramurosUIVCD.pdf
Page/section: SISVENDIS-2023.pdf: Páginas 31-36 y 79 de 79; Procedimiento_Vigilancia_Crecimientoydesarrollo_intrayextramurosUIVCD.pdf: Página 16 de 45
Supporting excerpt: ""...tales como: estado nutricional, nivel del desarrollo menores de seis años, nivel del desarrollo de niñas y niños en edad escolar, detección de dificultades de lenguaje, agudeza visual, agudeza auditiva, salud oral, diversidad alimentaria mínima, frecuencia de consumo de alimentos, evaluación cualitativa de niñas y niños que reciben API...""","El modelo operativo SISVENDIS 2023 integra la salud en general, además de la nutrición y el desarrollo infantil. Esto se puede inferir de la descripción que menciona ""Sistema de vigilancia del estado nutricional, del desarrollo infantil y salud en CEN-CINAI"", lo que implica que la salud en su conjunto es uno de los componentes que se monitorea junto con la nutrición y el desarrollo infantil.","El modelo operativo SISVENDIS 2023 integra, además de nutrición y desarrollo, el componente de salud infantil.","El modelo operativo SISVENDIS 2023 integra componentes de salud adicionales a la nutrición y el desarrollo infantil, como la atención temprana y oportuna de condiciones de riesgo que podrían limitar el potencial de desarrollo de las niñas y los niños. Además, se menciona la importancia de la vigilancia del estado nutricional, el desarrollo infantil y la salud, lo que implica un enfoque integral que incluye aspectos socioeconómicos de la población atendida."
corta_074,corta,¿Qué acción administrativa confirma que la información del instrumento físico de detección ya fue ingresada al sistema digital?,"El funcionario responsable debe marcar con una ""X"" el recuadro específico de ""Digitado en herramienta"" ubicado en el instrumento físico de detección.","Source document: Procedimiento_Atencin_Interdisciplinaria_Malnutricin_Versin_02_2020.pdf
Page/section: Páginas 64 y 77 de 140 (Instructivo del Instrumento de Detección)
Supporting excerpt: ""Digitado en Herramienta: Marcar la casilla si la información contenida en el instrumento de detección del niño o niña con malnutrición fue digitada en la herramienta del mismo nombre.""","La acción administrativa que confirma que la información del instrumento físico de detección ya fue ingresada al sistema digital es marcar la casilla indicada en el documento, la cual señala que la información contenida en el instrumento de detección del niño o niña con malnutrición fue digitada en la herramienta del mismo nombre, y anotar la fecha en que se realizó dicha acción.","La acción administrativa que confirma que la información del instrumento físico de detección ya fue ingresada al sistema digital es ""Marcar la casilla"" en el campo ""Digitado en Herramienta"" del instrumento de detección del niño o niña con malnutrición. Esto indica que la información contenida en el instrumento de detección fue digitada en la herramienta del mismo nombre.","La acción administrativa que confirma que la información del instrumento físico de detección ya fue ingresada al sistema digital es marcar la casilla ""Digitado en Herramienta"" en el instrumento de detección, lo que indica que los datos han sido ingresados en la ""Herramienta para el seguimiento interdisciplinario del niño o niña con malnutrición""."
corta_075,corta,"¿A partir de cuántas semanas de gestación se clasifica técnicamente a un recién nacido como ""a término""?",Se clasifica como nacido a término a aquel menor cuyo periodo gestacional se ubica entre las 38 y 41 semanas.,"Source document: Procedimiento_Vigilancia_Crecimientoydesarrollo_intrayextramurosUIVCD.pdf; Procedimiento_Atencin_Interdisciplinaria_Malnutricin_Versin_02_2020.pdf; DVS_norma_nacional_uso_graficas_antropometricas_valoracion_nutriciol_0-19_2017.pdf
Page/section: Procedimiento_Vigilancia_Crecimientoydesarrollo_intrayextramurosUIVCD.pdf: Página 41 de 45; Procedimiento_Atencin_Interdisciplinaria_Malnutricin_Versin_02_2020.pdf: Página 68 de 140; DVS_norma_nacional_uso_graficas_antropometricas_valoracion_nutriciol_0-19_2017.pdf: Página 2
Supporting excerpt: ""Un nacimiento a término se considera a partir de 40 semanas de gestación... Se aplica edad corregida si nace antes de las 37 semanas de gestación."" / ""38-41 s (si corresponde a 38-41 Semanas a término).""",Un nacimiento a término se considera a partir de 40 semanas de gestación.,A partir de 40 semanas de gestación se considera un nacimiento a término.,"A partir de 40 semanas de gestación se clasifica técnicamente a un recién nacido como ""a término""."
corta_076,corta,¿Cuál es la finalidad principal de la prueba EDIN II dentro del sistema de vigilancia?,"Funciona como un instrumento de tamizaje rápido para detectar tempranamente riesgos en el desarrollo integral, no para el diagnóstico clínico de patologías.","Source document: Manual-EDIN-II-final-2020.pdf; SISVENDIS-2023.pdf; Procedimiento_Vigilancia_Crecimientoydesarrollo_intrayextramurosUIVCD.pdf
Page/section: Manual-EDIN-II-final-2020.pdf: Página 1 de 331; SISVENDIS-2023.pdf: Páginas 31 y 71 de 79; Procedimiento_Vigilancia_Crecimientoydesarrollo_intrayextramurosUIVCD.pdf: Página 22 de 45
Supporting excerpt: ""...instrumento de tamizaje, de realización rápida y sencilla, que permite evaluar el desarrollo infantil de los 0 meses a los 6 años de edad en las siguientes áreas del desarrollo: motora gruesa, motora fina, cognitiva, lenguaje y socioafectiva.""","La finalidad principal de la prueba EDIN II dentro del sistema de vigilancia es evaluar el desarrollo infantil en las áreas de motora gruesa, motora fina, cognitiva, lenguaje y socioafectiva, para niños de 0 meses a 6 años de edad. Esta evaluación permite identificar el nivel de desarrollo de las niñas y los niños y detectar posibles retrasos o riesgos de rezago en su desarrollo integral.","La finalidad principal de la prueba EDIN II es evaluar el desarrollo integral de las niñas y los niños desde los 0 meses hasta los 6 años de edad, en áreas como motora gruesa, motora fina, cognitiva, lenguaje y socioafectiva, con el fin de identificar posibles alteraciones en el desarrollo y proporcionar una base para la toma de decisiones en cuanto a la atención y el apoyo necesario para cada niño.","La finalidad principal de la prueba EDIN II dentro del sistema de vigilancia es evaluar el desarrollo infantil de los niños y niñas de 0 meses a 6 años de edad en las áreas de motora gruesa, motora fina, cognitiva, lenguaje y socioafectiva, con el fin de identificar posibles alteraciones y garantizar una adecuada aplicación del instrumento de tamizaje."
corta_077,corta,¿Qué condiciones de vulnerabilidad regula la norma SC-N-01 para el ingreso de personas usuarias a los servicios?,"Regula el ingreso por diversas condiciones, incluyendo malnutrición biológica, riesgo social, condición de pobreza y otras necesidades especiales.","Source document: Normas-sustantivas-CEN-CINAI-30-09-2021.pdf
Page/section: Páginas 10 y 11 de 20 (Norma SC-N-01)
Supporting excerpt: ""Todas las niñas, niños, adolescentes madres, mujeres en periodo de gestación o lactancia, en condición de pobreza o riesgo social, se le aplicará el estudio de selección...""","La norma SC-N-01 regula el ingreso de personas usuarias a los servicios para niñas y niños menores de 13 años, adolescentes madres y mujeres en periodo de gestación y lactancia de hogares en condición de pobreza básica o extrema y/o riesgo social. Se enfoca en la población en situación de pobreza o riesgo social, desde la gestación hasta menos de 13 años.","Según la norma SC-N-01, las condiciones de vulnerabilidad que se regulan para el ingreso de personas usuarias a los servicios son:

* Pobreza o riesgo social
* Condición de pobreza básica o extrema
* Riesgo social, que se considera como el estado en que se encuentran los niños, niñas y sus familias.

Estas condiciones se evalúan a través de la aplicación del instrumento de Caracterización del Ambiente Familiar (CAF) y la Ficha de Inclusión Social, que permiten caracterizar a las familias que solicitan los servicios y priorizar su atención.","La norma SC-N-01 regula el ingreso de personas usuarias a los servicios de CEN-CINAI para aquellas que se encuentran en condiciones de pobreza básica o extrema y/o riesgo social. Esto incluye niñas, niños menores de 13 años, adolescentes madres y mujeres en periodo de gestación o lactancia."
corta_078,corta,¿Cuál es la frecuencia mínima de seguimientos subsecuentes establecida para un caso clasificado como Prioridad 1?,"El procedimiento exige realizar evaluaciones de seguimiento cada dos meses después del primer análisis, lo que equivale a un mínimo de seis evaluaciones por año.","Source document: Procedimiento_Atencin_Interdisciplinaria_Malnutricin_Versin_02_2020.pdf
Page/section: Páginas 39 y 46 de 140 (Sección 5: Frecuencia del abordaje)
Supporting excerpt: ""Prioridad 1: Primer seguimiento, después del análisis y priorización: Máximo un mes después. Seguimientos subsecuentes: Máximo dos meses después del último seguimiento.""",La frecuencia mínima de seguimientos subsecuentes para un caso clasificado como Prioridad 1 es de máximo dos meses después del último seguimiento.,Máximo dos meses después del último seguimiento.,La frecuencia mínima de seguimientos subsecuentes para un caso clasificado como Prioridad 1 es de máximo dos meses después del último seguimiento.
corta_079,corta,¿Qué dato de ingreso es indispensable registrar en la herramienta digital para controlar el cumplimiento del año de protección?,Es obligatorio registrar la modalidad del servicio (específicamente DAF) y la fecha de ingreso para monitorear el periodo de permanencia tras la recuperación nutricional.,"Source document: Procedimiento_Atencin_Interdisciplinaria_Malnutricin_Versin_02_2020.pdf
Page/section: Páginas 31-32 de 140 (Tarea 16) y Página 68 de 140
Supporting excerpt: ""En la herramienta de seguimiento interdisciplinario... se registra que el niño o niña está recuperado y que el periodo de protección inicia y se anota fecha estimada de exclusión del DAF."" / ""Fecha ingreso al DAF: En caso de ser incluido en la modalidad DAF, anote... el día, mes y año...""","La información proporcionada no especifica un dato de ingreso particular como indispensable para controlar el cumplimiento del año de protección en la herramienta digital. Sin embargo, se menciona que se registra en la herramienta que el niño o niña está recuperado y se anota la fecha estimada de exclusión del DAF (Programa de Alimentación Escolar). Esto implica que la fecha de inicio del periodo de protección es un dato importante, ya que se usa para controlar el cumplimiento del año de protección. Por lo tanto, aunque no se menciona explícitamente como ""indispensable"", la fecha es crucial para llevar un seguimiento adecuado. 

Si se requiere una respuesta basada únicamente en la información dada y sin inferencias, entonces no tengo suficiente información para responder qué dato de ingreso es indispensable para controlar el cumplimiento del año de protección.","El dato de ingreso indispensable para registrar en la herramienta digital y controlar el cumplimiento del año de protección es la fecha en que se inició el periodo de protección y la fecha estimada de exclusión del DAF (Desnutrición Aguda o Moderada), así como el peso y la talla del niño o niña a los 10 meses de estar en periodo de protección para verificar su estado nutricional normal.",Fecha estimada de exclusión del DAF.
corta_080,corta,¿Qué unidad técnica del nivel central es la responsable de conducir la vigilancia institucional y los estudios de efectos de país?,La responsabilidad técnica recae en la Unidad de Investigación y Vigilancia del Crecimiento y Desarrollo (UIVCD) de la Dirección Técnica.,"Source document: Procedimiento_Atencin_Interdisciplinaria_Malnutricin_Versin_02_2020.pdf; SISVENDIS-2023.pdf; Procedimiento_Vigilancia_Crecimientoydesarrollo_intrayextramurosUIVCD.pdf
Page/section: Procedimiento_Atencin_Interdisciplinaria_Malnutricin_Versin_02_2020.pdf: Páginas 7 y 35 de 140; SISVENDIS-2023.pdf: Páginas 11 y 42 de 79; Procedimiento_Vigilancia_Crecimientoydesarrollo_intrayextramurosUIVCD.pdf: Página 7 de 45
Supporting excerpt: ""...la Unidad de Investigación y Vigilancia del Crecimiento y Desarrollo, es la unidad organizativa responsable de conducir la adecuada ejecución de los lineamientos técnicos... para insumo en los estudios de efectos de país.""","Según el contexto proporcionado, la Unidad de Investigación y Vigilancia del Crecimiento y Desarrollo (UIVCD) es la unidad técnica del nivel central que conduce el proceso de investigación y el sistema de vigilancia nutricional y del desarrollo materno-infantil. Además, se menciona que el equipo de la UIVCD planifica, ejecuta y reporta acciones de asistencia técnica para mejorar las capacidades en la implementación de procedimientos de vigilancia, y que elabora informes anuales a nivel nacional y planifica estudios de evaluación de efectos relacionados con la vigilancia infantil. Por lo tanto, la UIVCD es la unidad responsable de conducir la vigilancia institucional y realizar estudios de efectos a nivel de país.",La Unidad de Investigación y Vigilancia del Crecimiento y Desarrollo (UIVCD) es la unidad técnica del nivel central responsable de conducir la vigilancia institucional y los estudios de efectos de país.,La Unidad de Investigación y Vigilancia del Crecimiento y Desarrollo (UIVCD) es la unidad técnica del nivel central responsable de conducir la vigilancia institucional y los estudios de efectos de país.
corta_081,corta,¿Qué documento orientador se incluye dentro de los kits de estimulación infantil entregados a las familias?,"El kit incluye la ""Guía de planes de estimulación para la promoción del desarrollo infantil"", la cual contiene las actividades educativas para el hogar.","Source document: Procedimiento_Atencin_Interdisciplinaria_Malnutricin_Versin_02_2020.pdf
Page/section: Página 114 de 140 (Anexo 7)
Supporting excerpt: ""GUÍA PARA EL USO DE LOS MATERIALES QUE CONTIENE EL BOLSO DE ESTIMULACIÓN DEL DESARROLLO INFANTIL. Documento que contiene recomendaciones de actividades que se pueden realizar con los materiales que contiene el Kit de estimulación del desarrollo Infantil. Cada bolso de estimulación contiene la guía impresa.""","El documento menciona que cada bolso de estimulación contiene la guía impresa, lo que implica que se incluye una guía dentro de los kits de estimulación infantil entregados a las familias. Por lo tanto, la respuesta es que se incluye una guía impresa dentro de los kits de estimulación infantil.","El documento orientador que se incluye dentro de los kits de estimulación infantil entregados a las familias es la ""GUÍA PARA EL USO DE LOS MATERIALES QUE CONTIENE EL BOLSO DE ESTIMULACIÓN DEL DESARROLLO INFANTIL"". Cada bolso de estimulación contiene la guía impresa.",El documento orientador que se incluye dentro de los kits de estimulación infantil entregados a las familias es la **Guía para el uso de los materiales que contiene el bolso de estimulación del desarrollo infantil**.
corta_082,corta,¿Cuál es el criterio de edad para determinar si a un niño se le debe medir la longitud (acostado) o la estatura (de pie)?,"En menores de 2 años se mide obligatoriamente la longitud en posición acostada, mientras que la estatura de pie se aplica a partir de los 2 años cumplidos.","Source document: Manual-operativo-Evaluacion-estado-nutricional-2019.pdf; DVS_norma_nacional_uso_graficas_antropometricas_valoracion_nutriciol_0-19_2017.pdf
Page/section: Manual-operativo-Evaluacion-estado-nutricional-2019.pdf: Páginas 5 y 13 de 48; DVS_norma_nacional_uso_graficas_antropometricas_valoracion_nutriciol_0-19_2017.pdf: Página 3
Supporting excerpt: ""La longitud es la medición que se aplica a los niños o niñas menores de dos años o menores de 85 cm en posición decúbito dorsal. La talla es la medida de niños o niñas mayores de dos años o mayores de 85 cm y a adultos en posición de pie.""","Según el contexto proporcionado, si el niño o niña tiene 2 años de edad o más y es capaz de pararse, se mide la estatura de pie. Si el niño o niña es menor de 2 años o no es capaz de ponerse de pie, se mide la longitud en posición acostado boca arriba.","Según el texto, el criterio de edad para determinar si a un niño se le debe medir la longitud (acostado) o la estatura (de pie) es que si el niño o niña tiene 2 años de edad o más y es capaz de pararse, se mide la talla de pie. Si el niño o niña es menor de 2 años, se mide la longitud en posición acostado boca arriba.","El criterio de edad para determinar si a un niño se le debe medir la longitud (acostado) o la estatura (de pie) es el siguiente:

- Si el niño o niña tiene **menos de 2 años**, se mide la longitud en posición acostada boca arriba (decúbito supino).
- Si el niño o niña tiene **2 años o más** y es capaz de pararse, se mide la estatura en posición de pie.

Si un niño menor de 2 años no puede pararse, se mide la longitud en posición acostada y se ajusta restando 0,7 cm para convertirla a estatura."
corta_083,corta,¿Cuál es el contenido técnico principal de las guías establecidas en el Anexo 6 del procedimiento?,El Anexo 6 provee las guías estandarizadas para la elaboración del informe anual de atención interdisciplinaria y el monitoreo del cumplimiento regional.,"Source document: Procedimiento_Atencin_Interdisciplinaria_Malnutricin_Versin_02_2020.pdf
Page/section: Páginas 97, 98 y 99 de 140 (Anexo 6)
Supporting excerpt: ""Anexo 6. Guías para elaboración de informe y monitoreo. Para la elaboración de informe y monitoreo del cumplimiento del procedimiento se requiere: Hoja de reporte al hogar... Bitácora de sesiones... Formato de informe anual regional...""","No tengo suficiente información para determinar el contenido técnico principal de las guías establecidas en el Anexo 6 del procedimiento, ya que el contexto proporcionado no menciona específicamente un ""Anexo 6"" ni describe el contenido de tal sección.","No tengo suficiente información para responder a la pregunta, ya que el Anexo 6 no se encuentra en el contexto proporcionado.","El contenido técnico principal de las guías establecidas en el Anexo 6 del procedimiento incluye:

1. **Manual operativo para la evaluación del estado nutricional con medidas antropométricas de las niñas y niños de los CEN-CINAI.**
2. **Manual para la aplicación de la Prueba para la evaluación del desarrollo integral de la niña y el niño de 0 meses a 6 años de edad (EDIN II).**
3. **Prueba general para la evaluación del desarrollo de niños, niñas y adolescentes de 6 a 14 años de edad (EVADE).**
4. **Manual operativo prueba auditiva de las tarjetas en las niñas y los niños CEN-CINAI.**
5. **Manual operativo para la evaluación de la agudeza visual en las niñas y los niños de los CEN-CINAI.**
6. **Guía para la detección, valoración y control de la placa bacteriana en un CEN o CINAI.**
7. **Carné de desarrollo integral del niño y la niña de la CCSS.**
8. **Rotafolio: Fichas para la evolución del crecimiento y desarrollo infantil.**
9. **Manual de evaluación del estado nutricional de niñas y niños con necesidades especiales en su crecimiento que reciben los servicios de CEN-CINAI.**
10. **Expediente de la niña o niño.**
11. **Otros que determine la Unidad de Investigación y Vigilancia del Crecimiento y Desarrollo.**

Estas guías y manuales operativos se utilizan para la aplicación correcta de técnicas de tamizaje, evaluación, control de calidad, registro de resultados y seguimiento de los casos en el sistema de vigilancia del estado nutricional, desarrollo infantil y salud en CEN-CINAI."
corta_084,corta,"¿Qué opciones de clasificación ofrece el filtro de ""Condición en el seguimiento"" dentro de la herramienta digital?","Permite clasificar y filtrar los casos activos según su estado de egreso, egreso satisfactorio o si el menor continúa en seguimiento.","Source document: Procedimiento_Atencin_Interdisciplinaria_Malnutricin_Versin_02_2020.pdf
Page/section: Páginas 89 y 94 de 140 (Anexo 5)
Supporting excerpt: ""Condición en el seguimiento Filtro Solamente texto (Continua, Egreso, Egreso Satisf.).""","El filtro de ""Condición en el seguimiento"" dentro de la herramienta digital ofrece las siguientes opciones de clasificación: Continua, Egreso, Egreso Satisf.","El filtro de ""Condición en el seguimiento"" ofrece las siguientes opciones de clasificación: Continua, Egreso, Egreso Satisf.","El filtro de ""Condición en el seguimiento"" dentro de la herramienta digital ofrece las siguientes opciones de clasificación: Continua, Egreso, Egreso Satisf."
corta_085,corta,¿En qué modalidades de servicio es obligatorio realizar el control trimestral de placa bacteriana a niños mayores de 3 años?,"Este tamizaje de salud oral es obligatorio únicamente para los niños que asisten a servicios intramuros, como API o Comidas Servidas.","Source document: Procedimiento_Vigilancia_Crecimientoydesarrollo_intrayextramurosUIVCD.pdf; SISVENDIS-2023.pdf
Page/section: Procedimiento_Vigilancia_Crecimientoydesarrollo_intrayextramurosUIVCD.pdf: Páginas 16 y 24 de 45; SISVENDIS-2023.pdf: Páginas 33 y 35 de 79
Supporting excerpt: ""Detección, valoración y control de placa bacteriana... Se aplica a niñas y niños mayores de tres años que asisten a Comidas Servidas y API... Trimestral (intramuros).""",El control trimestral de placa bacteriana a niños mayores de 3 años es obligatorio en la modalidad intramuros.,"Según el contexto proporcionado, el control trimestral de placa bacteriana es obligatorio en la modalidad de servicio ""Intramuros"" para niños mayores de 3 años. En la modalidad ""Extramuros"" no se menciona la frecuencia de aplicación de este control.","En las modalidades de servicio **Intramuros** y **Extramuros**, es obligatorio realizar el control trimestral de placa bacteriana a niños mayores de 3 años."
corta_086,corta,¿A partir de qué edad es obligatorio el uso del indicador de Índice de Masa Corporal (IMC) para la valoración nutricional?,El uso del IMC es obligatorio y estándar para la clasificación del estado nutricional en toda la población mayor de 5 años.,"Source document: DVS_norma_nacional_uso_graficas_antropometricas_valoracion_nutriciol_0-19_2017.pdf; Manual-operativo-Evaluacion-estado-nutricional-2019.pdf; Procedimiento_Vigilancia_Crecimientoydesarrollo_intrayextramurosUIVCD.pdf
Page/section: DVS_norma_nacional_uso_graficas_antropometricas_valoracion_nutriciol_0-19_2017.pdf: Páginas 2 y 26; Manual-operativo-Evaluacion-estado-nutricional-2019.pdf: Páginas 8 y 11 de 48; Procedimiento_Vigilancia_Crecimientoydesarrollo_intrayextramurosUIVCD.pdf: Página 10 de 45
Supporting excerpt: ""Índice de masa corporal para la edad: relaciona el IMC con la edad del individuo, para la valoración del estado nutricional en personas mayores de 5 años de edad.""","Según el contexto proporcionado, el indicador de Índice de Masa Corporal (IMC) se utiliza a partir de los 5 años de edad para la valoración nutricional en Costa Rica.","A partir de los 5 años de edad. Según la norma en Costa Rica, el índice de masa corporal (IMC) se utiliza para la valoración nutricional en personas mayores de 5 años de edad, incluyendo adultos.",A partir de los 5 años de edad es obligatorio el uso del indicador de Índice de Masa Corporal (IMC) para la valoración nutricional.
corta_087,corta,¿Qué requisitos de orden administrativo deben cumplir los instrumentos de registro oficial como expedientes y bitácoras de acuerdos?,"Deben estar debidamente foliados, mantener un orden cronológico estricto y estar bajo custodia física segura en la Oficina Local.","Source document: Procedimiento_Atencin_Interdisciplinaria_Malnutricin_Versin_02_2020.pdf
Page/section: Páginas 121 y 122 de 140 (Anexo 8, numerales 1-4)
Supporting excerpt: ""3. Todo expediente deberá estar foliado."" / ""El expediente completo del niño o niña con malnutrición se archiva en el ampo, folder o archivo que el equipo interdisciplinario ha definido como lugar de custodia..."" / ""Todo funcionario que tenga acceso... deberá acatar lo establecido en la Ley 8968 de Protección de la persona...""","El contexto proporcionado no contiene información específica sobre los requisitos de orden administrativo que deben cumplir los instrumentos de registro oficial como expedientes y bitácoras de acuerdos. Por lo tanto, no tengo suficiente información para responder a la pregunta basándome únicamente en el contexto dado.","Según el contexto proporcionado, los requisitos de orden administrativo que deben cumplir los instrumentos de registro oficial como expedientes y bitácoras de acuerdos son:

1. **Expedientes**:
   - Deben ser archivados en la oficina local correspondiente.
   - Deben contener toda la información relevante sobre el caso, incluyendo notas, informes y resultados de evaluaciones.
   - Deben ser actualizados regularmente con la información más reciente disponible.
   - Deben ser manejados y custodiados por personal autorizado, asegurando la confidencialidad y seguridad de la información.
   - En caso de traslado, deben seguir el procedimiento de traslado de expedientes vigente en la institución, siendo enviado en un sobre sellado y debidamente rotulado.

2. **Bitácoras de acuerdos o reuniones**:
   - Deben incluir registro de participantes, resumen de lo discutido, acuerdos alcanzados y fecha de la próxima reunión.
   - Deben ser llenadas y actualizadas al menos una vez al mes en cada Oficina Local.
   - Deben ser conservadas de manera organizada para futuras referencias.

3. **Registros y documentos**:
   - Todos los registros, incluyendo los de seguimiento y evaluación, deben ser veraces y contar con la documentación que los respalda.
   - La información contenida en los instrumentos de detección y seguimiento debe ser digitada en la herramienta correspondiente, con fecha de digitalización anotada.

4. **Acceso y manejo**:
   - El acceso a los expedientes y documentos debe ser restringido al personal autorizado.
   - Los solicitantes de copias de expedientes deben seguir el procedimiento establecido, que incluye proporcionar información personal y el propósito de la solicitud, y obtener la copia del expediente en un plazo determinado (08 días hábiles).

En resumen, los instrumentos de registro oficial deben ser manejados con profesionalismo, respetando la privacidad y seguridad de la información, y deben seguir los procedimientos establecidos para su creación, actualización, almacenamiento y acceso.","Para responder a la pregunta sobre los requisitos administrativos que deben cumplir los instrumentos de registro oficial como expedientes y bitácoras de acuerdos, analicemos el contexto proporcionado:

1. **Expedientes**: 
   - Deben contener una nota dirigida al Jefe de Oficina Local con el nombre del niño o niña, nombre completo, número de cédula, teléfono del solicitante, tipo de relación parental o legal, y un resumen de por qué se requiere la copia del expediente.
   - La nota debe estar firmada por el solicitante.
   - Cuando una autoridad competente solicite una copia del expediente, debe hacerlo conforme a la legislación vigente.
   - El Jefe de Oficina Local tiene 08 días hábiles para entregar la copia del expediente debidamente foliado.
   - Durante la entrega, se solicita el nombre, firma y fecha de recibido al solicitante o al designado por la autoridad competente.

2. **Bitácoras de acuerdos**:
   - Deben incluir al menos los siguientes elementos en cada sesión de trabajo: registro de participantes, resumen de lo discutido, acuerdos, y fecha de la próxima reunión.

Estos requisitos aseguran que los instrumentos de registro sean completos, claros y cumplen con los procedimientos administrativos establecidos.

Respuesta: Los instrumentos de registro oficial como expedientes y bitácoras de acuerdos deben cumplir con los siguientes requisitos administrativos:
- Expedientes: Incluir una nota con los datos del solicitante, motivo de la solicitud, y estar firmada. La entrega debe realizarse en 08 días hábiles, con registro de nombre, firma y fecha del receptor.
- Bitácoras de acuerdos: Contar con registro de participantes, resumen de discusiones, acuerdos y fecha de la próxima reunión."
corta_088,corta,"¿Qué factores de origen se contemplan en la definición institucional de ""desastre"" como riesgo comunitario?","Se contemplan situaciones de riesgo derivadas de fenómenos de origen natural, tecnológico o antrópico provocado por el hombre.","Source document: Procedimiento_Atencin_Interdisciplinaria_Malnutricin_Versin_02_2020.pdf
Page/section: Página 13 de 140 (Definiciones, Riesgo de desastres) y Página 72 de 140
Supporting excerpt: ""...define desastre como una 'situación o proceso que se desencadena como resultado de un fenómeno de origen natural, tecnológico o provocado por el hombre...'""","Según el contexto proporcionado, la definición institucional de ""desastre"" como riesgo comunitario contempla factores de origen natural, tecnológico o provocado por el hombre. Estos desastres pueden causar alteraciones intensas en las condiciones normales de funcionamiento de la comunidad, incluyendo pérdida de vidas y salud en la población, destrucción o pérdida de bienes de la colectividad y daños severos al ambiente.","Según la definición institucional de ""desastre"" proporcionada por la Comisión Nacional de Emergencia (Ley Nº 8488, 2005), se contemplan los siguientes factores de origen:

1. Fenómenos de origen natural
2. Fenómenos de origen tecnológico
3. Fenómenos provocados por el hombre

Estos factores pueden desencadenar una situación de desastre que cause alteraciones intensas en las condiciones normales de funcionamiento de la comunidad, incluyendo pérdida de vidas y salud, destrucción o pérdida de bienes y daños severos al ambiente.","Según el contexto proporcionado, la definición institucional de ""desastre"" como riesgo comunitario contempla los siguientes factores de origen:

1. **Origen natural**: Fenómenos naturales que pueden desencadenar un desastre.
2. **Origen tecnológico**: Problemas relacionados con la tecnología o infraestructura que puedan causar un desastre.
3. **Origen humano**: Acciones o eventos provocados por el hombre que resulten en un desastre.

Estos factores se mencionan en el contexto como causas que, al interactuar con condiciones de vulnerabilidad en una población, pueden generar alteraciones intensas en el funcionamiento normal de la comunidad, como pérdida de vidas, daños a la salud, destrucción de bienes y daños al ambiente."
corta_089,corta,¿Qué acciones preventivas debe realizar el personal respecto al equipo de medición antes de iniciar una sesión de tamizaje?,"El personal debe verificar que las balanzas y tallímetros estén limpios, en condiciones óptimas de funcionamiento y debidamente calibrados.","Source document: Manual-operativo-Evaluacion-estado-nutricional-2019.pdf
Page/section: Páginas 5 y 6 de 48 (Sección C. Pasos previos: 1. Preparación del equipo y 2. Preparación del lugar)
Supporting excerpt: ""1. Preparación del equipo: a. Para la balanza colóquele las baterías si es electrónica, si es mecánica verifique que las pesas estén en cero. b. Para el tallímetro, el estadiómetro portátil y/ o el infantómetro verifique su estado higiénico y lo legible de sus números.""","El personal debe verificar el estado higiénico y la legibilidad de los números del tallímetro, el estadiómetro portátil y/o el infantómetro. Además, si se utiliza un estadiómetro portátil por ondas ultrasónicas, se deben colocar las baterías.","Según el contexto proporcionado, antes de iniciar una sesión de tamizaje, el personal debe verificar el estado higiénico y la legibilidad de los números del equipo de medición, como el tallímetro, el estadiómetro portátil y/o el infantómetro. Además, en el caso del estadiómetro portátil por ondas ultrasónicas, debe colocarle las baterías.","Para responder a la pregunta ""¿Qué acciones preventivas debe realizar el personal respecto al equipo de medición antes de iniciar una sesión de tamizaje?"", revisemos el contexto proporcionado:

1. **Revisión del equipo de medición**: Se menciona que se debe verificar el estado higiénico y la legibilidad de los números en el tallímetro, estadiómetro portátil y/o infantómetro. Además, para el estadiómetro portátil por ondas ultrasónicas, se deben colocar las baterías.

2. **Preparación del lugar**: Se recomienda buscar un lugar con suficiente luz y ventilación, asegurándose de que el piso sea liso y esté a nivel para calibrar la balanza adecuadamente.

3. **Preparación de documentos**: Se menciona la necesidad de preparar los expedientes y gráficas de crecimiento somático, entre otros documentos.

4. **Cuidados durante las mediciones**: Se indica que la evaluación debe realizarse en presencia de la madre, padre o encargado, y se deben explicar amigablemente las mediciones a los niños y niñas.

Sin embargo, en el contexto proporcionado, no se mencionan acciones preventivas específicas relacionadas con el equipo de medición, como desinfección, calibración o mantenimiento, antes de iniciar una sesión de tamizaje. Por lo tanto, no hay suficiente información para responder la pregunta.

**Respuesta:** No tengo suficiente información para responder la pregunta."
corta_090,corta,¿A qué población específica se dirige la norma de Educación Extramuros identificada con el código API-EX-N-07?,Se dirige a las niñas y niños beneficiarios de la modalidad de Distribución de Leche (DL) para consumo en el hogar.,"Source document: Normas-sustantivas-CEN-CINAI-30-09-2021.pdf
Page/section: Páginas 10 y 16 de 20 (Norma API-EX-N-07)
Supporting excerpt: ""API-EX-N-07 Norma de Educación Extramuros a niñas y niños menores de 13 años... Población Objetivo: Niñas y niños menores de 13 años.""",La norma de Educación Extramuros identificada con el código API-EX-N-07 se dirige a niñas y niños menores de 13 años.,La norma de Educación Extramuros identificada con el código API-EX-N-07 se dirige a niñas y niños menores de 13 años.,La norma de Educación Extramuros identificada con el código API-EX-N-07 se dirige a niñas y niños menores de 13 años.
corta_091,corta,¿Qué siglas se deben anotar para registrar resultados superiores en las áreas de desarrollo evaluadas con la escala simplificada?,"Se debe anotar la letra ""S"" en el recuadro correspondiente para identificar que el menor alcanzó un nivel superior en dicha área.","Source document: Procedimiento_Atencin_Interdisciplinaria_Malnutricin_Versin_02_2020.pdf
Page/section: Página 67 de 140 (Instructivo del Instrumento) y Página 80 de 140
Supporting excerpt: ""EDIN: Superior (anota S) Adecuado (anota A) Bajo (anota B)""","La respuesta no está claramente especificada en el contexto proporcionado. El contexto menciona siglas como ""E DI N E DI N I I"" y explica que se deben anotar letras para diferentes resultados, pero no especifica una sigla única para resultados superiores. Sin embargo, basándose en la información dada, donde se mencionan ""Superior (anota S)"", se podría inferir que la sigla para resultados superiores sería ""S"".","Según el contexto proporcionado, para registrar resultados superiores en las áreas de desarrollo evaluadas, se debe anotar la letra ""S"".",S.
corta_092,corta,¿Qué características antropométricas y de desarrollo definen la asignación de la Prioridad 3 en un caso?,Se asigna a menores con malnutrición que presentan un desarrollo adecuado (Verde) y no tienen factores de riesgo social identificados.,"Source document: Procedimiento_Atencin_Interdisciplinaria_Malnutricin_Versin_02_2020.pdf
Page/section: Páginas 39 de 140, 43 de 140 y 45 de 140 (Grupos F e I)
Supporting excerpt: ""Grupo F Menores de 5 años - Prioridad 3... Condición de malnutrición... No se identifican indicadores de riesgo a nivel individual, familiar o comunitario... Nivel del desarrollo: Resultado adecuado (Verde).""","La asignación de la Prioridad 3 en un caso se define para menores de 5 años y se basa en las siguientes características antropométricas y de desarrollo:

**Características Antropométricas:**
- **Peso para talla:** Desnutrición severa por puntaje Z ≤ -3, desnutrición por puntaje Z ≤ -2 a > -3, sobrepeso por puntaje Z < 3 a ≥ 2, obesidad por puntaje Z ≥ 3.
- **Peso para edad:** Bajo peso severo por puntaje Z ≤ -3, peso alto por puntaje Z ≥ 2, bajo peso por puntaje Z > -3 a ≤ -2.
- **Talla para edad:** Baja talla severa por puntaje Z ≤ -3, baja talla por puntaje Z ≤ -2 a > -3.

**Desarrollo:**
- Resultado adecuado en el nivel de desarrollo, según EDIN II: Verde.

Además, se menciona que no se identifican indicadores de riesgo a nivel individual, familiar o comunitario que afecten el adecuado crecimiento y desarrollo del niño o niña.","La Prioridad 3 se asigna a menores de 5 años con las siguientes características antropométricas y de desarrollo: 

- Condición de malnutrición: 
  - Desnutrición severa por puntaje Z ≤ -3
  - Desnutrición por puntaje Z ≤-2 a >-3
  - Sobrepeso por puntaje Z <3 a ≥ 2
  - Obesidad por puntaje Z ≥ 3
- Peso para edad: 
  - Bajo peso severo por puntaje Z ≤ -3
  - Peso alto por puntaje Z ≥ 2
  - Bajo peso por puntaje Z > -3 a ≤ -2
- Talla para Edad: 
  - Baja talla severa por puntaje Z ≤ -3
  - Baja talla por puntaje Z ≤-2 a >-3
- No se identifican indicadores de riesgo a nivel individual, familiar o comunitario que afecten el adecuado crecimiento y desarrollo del niño o niña.
- Nivel del desarrollo: 
  - EDIN: Resultado adecuado en el nivel desarrollo.
  - EDIN II: Verde","La asignación de la Prioridad 3 se basa en las siguientes características antropométricas y de desarrollo:

1. **Condiciones de malnutrición**:
   - **Peso para talla**:
     - Desnutrición severa (puntaje Z ≤ -3).
     - Desnutrición (puntaje Z ≤ -2 a > -3).
     - Sobrepeso (puntaje Z < 3 a ≥ 2).
     - Obesidad (puntaje Z ≥ 3).
   - **Peso para edad**:
     - Bajo peso severo (puntaje Z ≤ -3).
     - Peso alto (puntaje Z ≥ 2).
     - Bajo peso (puntaje Z > -3 a ≤ -2).
   - **Talla para edad**:
     - Baja talla severa (puntaje Z ≤ -3).
     - Baja talla (puntaje Z ≤ -2 a > -3).

2. **Nivel de desarrollo**:
   - Resultado adecuado en el nivel de desarrollo (EDIN II: Verde).

3. **Otros factores determinantes de la salud**:
   - No se identifican indicadores de riesgo significativos a nivel individual, familiar o comunitario que afecten el adecuado crecimiento y desarrollo del niño o niña.

Estas características definen la priorización como Prioridad 3, lo que implica un seguimiento con una periodicidad de máximo 3 meses después del análisis y priorización, y luego cada 6 meses."
corta_093,corta,¿Qué miembro del equipo es el encargado de completar el registro de datos en el instrumento de seguimiento interdisciplinario?,El llenado puede ser ejecutado por cualquier profesional integrante del equipo interdisciplinario o personal asistente bajo supervisión profesional.,"Source document: Procedimiento_Atencin_Interdisciplinaria_Malnutricin_Versin_02_2020.pdf
Page/section: Páginas 77 y 81 de 140 (Instructivo del Instrumento de Seguimiento)
Supporting excerpt: ""El instrumento es responsabilidad de los miembros del equipo interdisciplinario... la toma de peso, talla y clasificación... puede ser realizada por el ASSC2, profesional de CEN CINAI, ASSC3... la calculadora del software Anthro y completa la casilla de puntaje Z [Profesional en Nutrición].""","El contexto proporcionado no especifica un miembro del equipo particular que sea el encargado de completar el registro de datos en el instrumento de seguimiento interdisciplinario. Sin embargo, menciona que el instrumento es responsabilidad del equipo interdisciplinario, y tareas como la aplicación del test de desarrollo (EDIN), la toma de peso, talla y clasificación del estado nutricional pueden ser realizadas por el ASSC2, profesional de CEN CINAI, ASSC3 y promotores, todo bajo la conducción del equipo interdisciplinario. Por lo tanto, no puedo determinar un miembro específico del equipo que esté encargado de completar el registro de datos sin más información.","El instrumento es responsabilidad de los miembros del equipo interdisciplinario para las sesiones de trabajo del seguimiento que se realiza, no obstante la aplicación del test de desarrollo (EDIN), la toma de peso, talla y clasificación del estado nutricional y otra información que el equipo considere pertinente puede ser realizada por el ASSC2, profesional de CEN CINAI, ASSC3 y promotores, todo bajo la conducción del equipo interdisciplinario.",El profesional de la oficina local responsable del seguimiento del caso es el encargado de completar el registro de datos en el instrumento de seguimiento interdisciplinario.
corta_094,corta,¿Bajo qué condiciones relacionadas con el entorno familiar puede el equipo interdisciplinario otorgar el alta de un caso?,Se otorga cuando se verifica que los riesgos familiares están siendo manejados por el grupo familiar y se ha logrado la recuperación integral del niño.,"Source document: Procedimiento_Atencin_Interdisciplinaria_Malnutricin_Versin_02_2020.pdf
Page/section: Página 25 de 140 (Tarea 15) y Página 58 de 140
Supporting excerpt: ""...dar de alta cuando se recupera estado nutricional."" / ""Una vez el niño o niña mejora su estado nutricional o los riesgos son manejados por el grupo familiar, se puede asignar otra estrategia, de índole grupal o un seguimiento individual más espaciado.""","No tengo suficiente información en el contexto proporcionado para responder a la pregunta sobre las condiciones específicas relacionadas con el entorno familiar bajo las cuales el equipo interdisciplinario puede otorgar el alta de un caso. El contexto menciona el ""egreso por evolución satisfactoria"", pero no detalla las condiciones familiares que podrían influir en dicha decisión.","No tengo suficiente información para responder a la pregunta de manera específica, ya que el contexto proporcionado no menciona explícitamente las condiciones relacionadas con el entorno familiar para otorgar el alta de un caso. Sin embargo, se menciona que el equipo interdisciplinario puede decidir el egreso de un caso si el niño o niña ""se fue del establecimiento o de la comunidad con o sin justificación"" o si presenta ""una evolución satisfactoria en su estado nutricional"". Pero no se proporcionan detalles sobre condiciones específicas del entorno familiar que puedan influir en esta decisión.","La información proporcionada en el contexto no menciona específicamente las condiciones relacionadas con el entorno familiar bajo las cuales el equipo interdisciplinario puede otorgar el alta de un caso. Por lo tanto, no tengo suficiente información para responder esta pregunta."
corta_095,corta,¿Cuáles son las cinco dimensiones del desarrollo integral que evalúa formalmente la prueba EDIN II?,"Evalúa las dimensiones motora gruesa, motora fina, cognitiva, lenguaje y socioafectiva.","Source document: Manual-EDIN-II-final-2020.pdf; Procedimiento_Vigilancia_Crecimientoydesarrollo_intrayextramurosUIVCD.pdf; SISVENDIS-2023.pdf
Page/section: Manual-EDIN-II-final-2020.pdf: Página 1 de 331; Procedimiento_Vigilancia_Crecimientoydesarrollo_intrayextramurosUIVCD.pdf: Página 22 de 45; SISVENDIS-2023.pdf: Páginas 31 y 71 de 79
Supporting excerpt: ""...permite evaluar el desarrollo infantil de los 0 meses a los 6 años de edad en las siguientes áreas del desarrollo: motora gruesa, motora fina, cognitiva, lenguaje y socioafectiva.""","Las cinco dimensiones del desarrollo integral que evalúa formalmente la prueba EDIN II son motora gruesa, motora fina, cognitiva, lenguaje y socioafectiva.","Las cinco dimensiones del desarrollo integral que evalúa formalmente la prueba EDIN II son:

1. Motora gruesa
2. Motora fina
3. Cognitiva
4. Lenguaje
5. Socioafectiva","Las cinco dimensiones del desarrollo integral que evalúa formalmente la prueba EDIN II son:

1. Motora gruesa
2. Motora fina
3. Cognitiva
4. Lenguaje
5. Socioafectiva"
corta_096,corta,¿Cuál es el flujo oficial de información para el envío de informes desde las Oficinas Locales hasta el nivel central?,"Las Oficinas Locales envían datos a la Dirección Regional para su consolidación, y esta remite el informe anual a la UIVCD en el nivel central.","Source document: SISVENDIS-2023.pdf; Procedimiento_Atencin_Interdisciplinaria_Malnutricin_Versin_02_2020.pdf
Page/section: SISVENDIS-2023.pdf: Páginas 44-46 y 54 de 79 (Figura 5); Procedimiento_Atencin_Interdisciplinaria_Malnutricin_Versin_02_2020.pdf: Páginas 33-35 de 140
Supporting excerpt: ""Oficina Local: Recopila y digita en la herramienta Excel los datos... envía el consolidado al nivel regional. Área Técnica Regional: Elabora el consolidado de dirección regional y envía el consolidado al nivel nacional... UIVCD-DT: Elabora el informe nacional...""","El flujo oficial de información para el envío de informes desde las Oficinas Locales hasta el nivel central es el siguiente:

1. Las Oficinas Locales recopilan y digitizan los datos de cada formulario de cada CEN-CINAI a su cargo, elaboran el consolidado local y envían el consolidado al nivel regional.
2. El Área Técnica Regional elabora el consolidado de dirección regional y envía este consolidado al nivel nacional.
3. Finalmente, el nivel nacional, específicamente la Unidad de Investigación y Vigilancia Crecimiento y Desarrollo (UIVCD), recibe la información consolidada y elabora los informes nacionales correspondientes.","Según el contexto proporcionado, el flujo oficial de información para el envío de informes desde las Oficinas Locales hasta el nivel central es el siguiente:

1. Las Oficinas Locales recopilan y digitan los datos en la herramienta Excel y elaboran el consolidado local.
2. Las Oficinas Locales envían el consolidado al Área Técnica Regional.
3. El Área Técnica Regional elabora el consolidado de dirección regional y lo envía al nivel nacional, específicamente a la Unidad de Investigación y Vigilancia del Crecimiento y Desarrollo Infantil (UIVCD).
4. La UIVCD, a su vez, elabora informes nacionales con los datos recibidos desde las Áreas Técnicas Regionales.

En resumen, el flujo de información es: Oficina Local → Área Técnica Regional → Nivel Nacional (UIVCD).","El flujo oficial de información para el envío de informes desde las Oficinas Locales hasta el nivel central es el siguiente:

1. **Oficina Local**: Recopila y digita los datos de cada formulario de cada CEN-CINAI a su cargo. Elabora el consolidado local y envía el consolidado al nivel regional.

2. **Área Técnica Regional**: Recibe el consolidado de la Oficina Local, elabora el consolidado de dirección regional y envía el consolidado al nivel nacional.

3. **Nivel Nacional (UIVCD-DT)**: Recibe el consolidado regional y elabora los informes nacionales, incluyendo el informe nacional de Datos Básicos de caracterización socioeconómica, datos de vigilancia de salud, crecimiento y desarrollo de la población atendida por CEN-CINAI, entre otros.

Este flujo se describe en el contexto proporcionado, específicamente en el documento SISVENDIS-2023.pdf."
corta_097,corta,¿Cuál es el propósito central de la norma de educación dirigida al grupo familiar identificada como PCD-GF-N-01?,Su propósito es proveer aprendizaje a las familias para fortalecer competencias parentales y promover vínculos afectivos seguros y democráticos.,"Source document: Normas-sustantivas-CEN-CINAI-30-09-2021.pdf
Page/section: Página 18 de 20 (Norma PCD-GF-N-01)
Supporting excerpt: ""...con el fin de mejorar las competencias parentales, mejorar la calidad de vida de la familia, facilitar el empoderamiento como sujetos de derechos, promover relaciones vinculares democráticas, respetuosas y afectivas...""","El propósito central de la norma de educación dirigida al grupo familiar identificada como PCD-GF-N-01 es proveer una oportunidad de aprendizaje a las familias para la promoción de la salud, hábitos alimentarios y prácticas para una vida saludable. Esto se hace mediante un espacio de encuentro y conocimiento, con el fin de mejorar las competencias parentales, la calidad de vida de la familia, facilitar el empoderamiento como sujetos de derechos, y promover relaciones vinculares democráticas, respetuosas y afectivas.","El propósito central de la norma de educación dirigida al grupo familiar identificada como PCD-GF-N-01 es proveer una oportunidad de aprendizaje a las familias para la promoción de la salud, hábitos alimentarios y prácticas para una vida saludable, con el fin de mejorar las competencias parentales, la calidad de vida de la familia, facilitar el empoderamiento como sujetos de derechos, promover relaciones vinculares democráticas, respetuosas y afectivas.","El propósito central de la norma de educación dirigida al grupo familiar identificada como PCD-GF-N-01 es proveer una oportunidad de aprendizaje a las familias para la promoción de la salud, hábitos alimentarios y prácticas para una vida saludable, mediante un espacio de encuentro y conocimiento, con el fin de mejorar las competencias parentales, la calidad de vida de la familia, facilitar el empoderamiento como sujetos de derechos, promover relaciones vinculares democráticas, respetuosas y afectivas, en entornos dignificados."
corta_098,corta,¿Qué indicadores antropométricos son obligatorios para la valoración nutricional de la población escolar mayor de 5 años?,Se deben aplicar obligatoriamente los indicadores de Talla para Edad (T/E) e Índice de Masa Corporal (IMC).,"Source document: DVS_norma_nacional_uso_graficas_antropometricas_valoracion_nutriciol_0-19_2017.pdf; Manual-operativo-Evaluacion-estado-nutricional-2019.pdf; Procedimiento_Atencin_Interdisciplinaria_Malnutricin_Versin_02_2020.pdf
Page/section: DVS_norma_nacional_uso_graficas_antropometricas_valoracion_nutriciol_0-19_2017.pdf: Página 2; Manual-operativo-Evaluacion-estado-nutricional-2019.pdf: Página 8 de 48; Procedimiento_Atencin_Interdisciplinaria_Malnutricin_Versin_02_2020.pdf: Página 66 de 140
Supporting excerpt: ""Para igual o mayores de 5 años (≥5 años): Se requiere la información de los indicadores IMC (Índice de Masa Corporal) y T/E (Talla para edad).""","Para la valoración nutricional de la población escolar mayor de 5 años, los indicadores antropométricos que deben analizarse de manera conjunta son la talla para edad e IMC (Índice de Masa Corporal). Esto se menciona en el contexto proporcionado, específicamente en la parte que dice: ""En niños, niñas y adolescentes de 5 a menores de 19 años de edad deberán analizarse de manera conjunta los indicadores de talla para edad e IMC para una adecuada e integral valoración nutricional.""","Según el contexto proporcionado, para la valoración nutricional de niños, niñas y adolescentes de 5 a menores de 19 años de edad, se deben analizar de manera conjunta los indicadores de ""talla para edad"" y ""IMC"" (Índice de Masa Corporal) para una adecuada e integral valoración nutricional.","Para la valoración nutricional de la población escolar mayor de 5 años, los indicadores antropométricos obligatorios son:

1. **Talla para edad (T/E)**: Se utiliza para evaluar el crecimiento y desarrollo del niño o adolescente en relación a su edad.
2. **Índice de Masa Corporal (IMC)**: Se calcula como el peso dividido por la talla al cuadrado (kg/m²) y se utiliza para evaluar la adiposidad y el estado nutricional.

Estos indicadores se analizan de manera conjunta para una adecuada e integral valoración nutricional."
corta_099,corta,¿Cuáles son las funciones principales de los profesionales que integran el equipo interdisciplinario itinerante de la Oficina Local?,"Tienen la función de brindar acompañamiento técnico, modelaje y asesoría al personal que ejecuta los servicios en los establecimientos locales.","Source document: Procedimiento_Atencin_Interdisciplinaria_Malnutricin_Versin_02_2020.pdf; Procedimiento_Vigilancia_Crecimientoydesarrollo_intrayextramurosUIVCD.pdf; Normas-sustantivas-CEN-CINAI-30-09-2021.pdf
Page/section: Procedimiento_Atencin_Interdisciplinaria_Malnutricin_Versin_02_2020.pdf: Páginas 7, 21-28 de 140; Procedimiento_Vigilancia_Crecimientoydesarrollo_intrayextramurosUIVCD.pdf: Páginas 7, 39-40 de 45; Normas-sustantivas-CEN-CINAI-30-09-2021.pdf: Páginas 17-18 de 20
Supporting excerpt: ""Las personas profesionales integrantes del equipo interdisciplinario de cada Oficina Local... son responsables de brindar acompañamiento técnico al personal de los establecimientos... valoración, plan de atención interdisciplinaria y seguimiento...""","El contexto proporcionado no menciona específicamente las funciones de los ""profesionales que integran el equipo interdisciplinario itinerante de la Oficina Local"". Sin embargo, se menciona que las personas profesionales integrantes del equipo interdisciplinario de cada Oficina Local tienen la responsabilidad de brindar acompañamiento técnico al personal de los establecimientos y que estos profesionales son responsables del seguimiento de diversos aspectos del crecimiento y desarrollo de las niñas y niños, como desnutrición, sobrepeso, retardo en el desarrollo, entre otros. 

Para responder con precisión a la pregunta sobre las funciones específicas del equipo interdisciplinario itinerante, se necesitaría información adicional que no está presente en el contexto proporcionado.","Según el contexto proporcionado, las funciones principales de los profesionales que integran el equipo interdisciplinario de la Oficina Local incluyen:

1. Brindar acompañamiento técnico al personal de los establecimientos.
2. Realizar la atención interdisciplinaria con enfoque de salud pública.
3. Considerar las determinantes sociales de la salud en el entorno.
4. Seguir los principios de atención primaria en salud.
5. Mantener criterios de ética, respeto y calidad profesional.
6. Guardar confidencialidad de la información sensible y privada de las niñas y los niños.
7. Realizar evaluaciones y seguimientos específicos según las necesidades de cada niño o niña, como por ejemplo:
 * Seguimiento a la niña o niño con desnutrición o retardo en talla.
 * Seguimiento a la niña o niño con sobrepeso u obesidad.
 * Seguimiento a la niña o niño con niveles de rezago en desarrollo.
 * Seguimiento a la niña o niño con problemas visuales, auditivos, de lenguaje, bucodentales, etc.
8. Realizar referencias y contra-referencias a otros equipos de profesionales o instituciones según sea necesario.

Es importante destacar que el equipo interdisciplinario está integrado por especialidades como Nutrición, Psicología, Educación Preescolar y Terapia de Lenguaje, y que trabajan en colaboración para proporcionar una atención integral a las niñas y los niños.","Las funciones principales de los profesionales que integran el equipo interdisciplinario itinerante de la Oficina Local son:

1. **Acompañamiento técnico**: Brindar asistencia técnica al personal de los establecimientos para implementar tareas con calidad y calidez, en cumplimiento del procedimiento.
2. **Registro de datos**: Realizar el registro de datos con calidad y veracidad en los expedientes de las niñas y niños.
3. **Detección de necesidades especiales**: Identificar casos con necesidades especiales en crecimiento y desarrollo, así como factores de riesgo sociales y de salud.
4. **Seguimiento interdisciplinario**: Realizar seguimiento a niños y niñas con desnutrición, sobrepeso, obesidad, retardo en desarrollo, problemas visuales, auditivos, de lenguaje, bucodentales, entre otros, mediante un enfoque interdisciplinario.
5. **Confidencialidad y ética**: Mantener la confidencialidad de la información sensible y privada de las niñas y los niños, siguiendo criterios éticos y de calidad profesional.
6. **Atención primaria en salud**: Garantizar el acceso, equidad y participación comunitaria en la atención, considerando las determinantes sociales de la salud.

Estas funciones se realizan en consonancia con los manuales operativos y procedimientos establecidos, y se enfocan en promover el crecimiento y desarrollo integral de las niñas y los niños."
corta_100,corta,¿Qué datos personales del niño son estrictamente indispensables para determinar la edad corregida en menores prematuros?,"Son indispensables la fecha de nacimiento exacta, para determinar la edad cronológica, y las semanas de edad gestacional registradas al nacer.","Source document: Procedimiento_Vigilancia_Crecimientoydesarrollo_intrayextramurosUIVCD.pdf; Manual-operativo-Evaluacion-estado-nutricional-2019.pdf
Page/section: Procedimiento_Vigilancia_Crecimientoydesarrollo_intrayextramurosUIVCD.pdf: Páginas 41 y 43-44 de 45; Manual-operativo-Evaluacion-estado-nutricional-2019.pdf: Página 31 de 48
Supporting excerpt: ""1. Obtener datos de edad cronológica en semanas... Edad Corregida: se obtiene al restar a la edad cronológica que tiene el niño o niña en el momento de la atención, el número de semanas que le faltaron para cumplir con las 40 semanas de gestación.""","Para determinar la edad corregida en menores prematuros, los datos personales estrictamente indispensables del niño son:

1. Fecha de nacimiento.
2. Semanas de gestación al momento del nacimiento.
3. Fecha en la que se realiza la valoración o evaluación.

Estos datos permiten calcular tanto la edad cronológica como la edad corregida, teniendo en cuenta la diferencia entre la semana de gestación en la que nació el niño y las 40 semanas consideradas como término.","Para determinar la edad corregida en menores prematuros, se requieren los siguientes datos personales del niño:

1. Fecha de nacimiento
2. Edad cronológica (en meses y días)
3. Semanas de gestación al momento del nacimiento (para calcular las semanas pretérmino)

Con estos datos, se puede calcular la edad corregida siguiendo los pasos establecidos en el procedimiento, que incluyen:

1. Convertir la edad cronológica a semanas
2. Calcular las semanas pretérmino
3. Restar las semanas pretérmino de la edad cronológica en semanas para obtener la edad corregida en semanas
4. Convertir la edad corregida en semanas a meses

Es importante tener en cuenta que, según el procedimiento, si el niño tiene más de 2 años de edad cronológica, no se aplica la edad corregida.","Para determinar la edad corregida en menores prematuros, se necesitan los siguientes datos personales del niño:

1. **Fecha de nacimiento**: Es necesaria para calcular la edad cronológica.
2. **Semanas de gestación al momento del nacimiento**: Es clave para determinar si el niño nació pretérmino y cuántas semanas faltaban para el parto a término.
3. **Fecha de la valoración o evaluación**: Se utiliza para calcular la edad cronológica del niño en el momento de la evaluación.

Estos datos se utilizan para realizar los cálculos necesarios para obtener la edad corregida, como se describe en el contexto proporcionado."
abierta_001,abierta,"Explique cómo el sistema de semáforo (verde/amarillo/rojo) del EDIN/EDIN II determina las acciones que debe tomar el equipo interdisciplinario, comparando qué cambia entre un resultado y otro.","El sistema de semáforo clasifica el nivel de desarrollo para definir la intensidad del abordaje: el verde indica un desarrollo normal donde solo se mantienen actividades de promoción y recomendaciones al hogar. El amarillo (rezago) activa el diseño de un plan de estimulación específico y una revisión de estrategias tras tres meses; si el rezago persiste, se debe actualizar el plan o valorar referencias. El rojo (riesgo de retraso) representa la mayor alerta, obligando a una referencia inmediata al equipo interdisciplinario para una valoración profunda y, de ser necesario, la coordinación con servicios de salud externos como la CCSS.","Source document: Manual-EDIN-II-final-2020.pdf; Procedimiento_Atencin_Interdisciplinaria_Malnutricin_Versin_02_2020.pdf; Procedimiento_Vigilancia_Crecimientoydesarrollo_intrayextramurosUIVCD.pdf; SISVENDIS-2023.pdf
Page/section: Manual-EDIN-II-final-2020.pdf: Página 7 de 331; Procedimiento_Atencin_Interdisciplinaria_Malnutricin_Versin_02_2020.pdf: Páginas 37, 40, 52 y 95 de 140; Procedimiento_Vigilancia_Crecimientoydesarrollo_intrayextramurosUIVCD.pdf: Páginas 28 y 32 de 45; SISVENDIS-2023.pdf: Páginas 78-79 de 79
Supporting excerpt: ""Resultado adecuado (Verde)... Rezago en el desarrollo (Amarillo)... Riesgo de retraso del desarrollo (Rojo)..."" / ""Si los niños o niñas no logran superar el rezago [amarillo a los 3 meses], el equipo interdisciplinario actualiza la estrategia... Cuando presenta resultados global rojo... debe ser referido al equipo interdisciplinario...""","El sistema de semáforo del EDIN/EDIN II utiliza colores para indicar el estado de desarrollo de un niño o niña, lo cual guía las acciones que debe tomar el equipo interdisciplinario:

- **Verde**: Indica un desarrollo normal, donde la niña o niño cumple con los hitos del desarrollo correspondientes a su edad. En este caso, se mantienen las actividades que favorecen la promoción del desarrollo y se brindan recomendaciones generales.

- **Amarillo**: Este color señala que hay un bajo nivel en uno o dos aspectos del desarrollo (EDIN II: Amarillo), lo que implica la presencia significativa de uno o más indicadores de riesgo. Para estos casos, se aumenta la frecuencia de seguimiento, como por ejemplo, realizando evaluaciones dos veces al año, y se pueden implementar intervenciones específicas para abordar los aspectos en los que se ha identificado un retraso.

- **Rojo**: Indica un bajo nivel en tres o más aspectos del desarrollo (EDIN II: Rojo), lo que sugiere una situación más crítica con la presencia significativa de uno o más indicadores de riesgo. En estos casos, además de incrementar la frecuencia de seguimiento a dos veces al año, se refiere al equipo interdisciplinario para una atención más intensiva y específica, posiblemente incluyendo intervenciones más directas y personalizadas.

En resumen, mientras que el resultado verde implica un monitoreo regular y recomendaciones generales, los resultados amarillos y rojos requieren un seguimiento más cercano y acciones más específicas, con el rojo implicando una intervención más intensa y directa por parte del equipo interdisciplinario.","El sistema de semáforo del EDIN/EDIN II es una herramienta utilizada para evaluar el desarrollo de los niños y niñas, y determinar las acciones que debe tomar el equipo interdisciplinario. A continuación, se explica cómo funciona este sistema y qué cambia entre un resultado y otro:

*   **Verde (Desarrollo normal):** Cuando el resultado es verde, significa que el niño o niña cumple con los hitos del desarrollo correspondientes a su grupo de edad. En este caso, el equipo interdisciplinario debe mantener las actividades que favorezcan la promoción del desarrollo y brindar recomendaciones para continuar apoyando el crecimiento saludable del niño o niña.
*   **Amarillo (Desarrollo bajo en uno o dos niveles):** Si el resultado es amarillo, indica que el niño o niña presenta un desarrollo bajo en uno o dos niveles. Aquí, el equipo interdisciplinario debe identificar las áreas específicas que requieren atención y desarrollar un plan para abordar estas necesidades. Esto puede incluir la implementación de estrategias de intervención temprana o la referencia a servicios especializados si es necesario.
*   **Rojo (Desarrollo bajo en tres o más niveles):** Un resultado rojo señalaiza que el niño o niña tiene un desarrollo bajo en tres o más niveles, lo que sugiere una situación de mayor complejidad. En este caso, el equipo interdisciplinario debe activar un plan de acción más intensivo, que puede incluir la evaluación detallada de las necesidades del niño o niña, la creación de un plan de intervención personalizado, y la coordinación con otros profesionales o servicios para asegurar el acceso a los recursos necesarios.

En resumen, el sistema de semáforo del EDIN/EDIN II proporciona una guía clara para que el equipo interdisciplinario determine el nivel de apoyo y la intensidad de las intervenciones necesarias para cada niño o niña, según su resultado en la evaluación del desarrollo. Esto permite una respuesta adecuada y oportuna para abordar las necesidades individuales de cada caso, ya sea mediante el mantenimiento de prácticas saludables, la implementación de estrategias de","El sistema de semáforo del EDIN/EDIN II utiliza colores para indicar el estado de desarrollo de un niño o niña y guiar las acciones del equipo interdisciplinario. Aquí se explica cómo cada resultado influye en las acciones:

1. **Resultado Verde (Desarrollo Normal):**
   - **Acciones:** Mantener actividades de promoción del desarrollo y brindar recomendaciones generales.
   - **Cambio:** No se requiere intervención adicional, solo seguimiento rutinario.

2. **Resultado Amarillo (Bajo en uno o dos niveles de EDIN):**
   - **Acciones:** Realizar evaluaciones más frecuentes (dos veces al año) y considerar la participación del equipo interdisciplinario si hay signos significativos.
   - **Cambio:** Se incrementa la frecuencia de seguimiento y se evalúa la necesidad de intervención especializada.

3. **Resultado Rojo (Bajo en tres o más niveles de EDIN):**
   - **Acciones:** Realizar evaluaciones más frecuentes (dos veces al año) y referir al equipo interdisciplinario para atención especializada.
   - **Cambio:** Se requiere una intervención más intensiva y coordinada, con posibilidad de modificar el plan de atención.

En resumen, el sistema de semáforo del EDIN/EDIN II guía las acciones del equipo interdisciplinario basándose en el estado de desarrollo del niño o niña, con cambios significativos en la frecuencia de seguimiento y la necesidad de intervención especializada según el resultado obtenido."
abierta_002,abierta,"Compare el proceso de atención de un niño o niña del Grupo F (menores de 5 años) frente a uno del Grupo H (mayores de 5 años, prioridad 2) — ¿qué elementos de valoración cambian y por qué?","La principal diferencia radica en los indicadores técnicos y las herramientas de tamizaje según la etapa del ciclo vital: para el Grupo F (<5 años) se utilizan los indicadores Peso/Edad, Peso/Talla y Talla/Edad junto con la prueba EDIN II. Para el Grupo H (>5 años), el indicador Peso/Talla es sustituido obligatoriamente por el Índice de Masa Corporal (IMC) y se aplica la prueba EVADE en lugar del EDIN. Este cambio responde a que los patrones de crecimiento y los hitos del desarrollo esperados varían significativamente al entrar en la etapa escolar.","Source document: Procedimiento_Atencin_Interdisciplinaria_Malnutricin_Versin_02_2020.pdf; Manual-operativo-Evaluacion-estado-nutricional-2019.pdf; DVS_norma_nacional_uso_graficas_antropometricas_valoracion_nutriciol_0-19_2017.pdf
Page/section: Procedimiento_Atencin_Interdisciplinaria_Malnutricin_Versin_02_2020.pdf: Páginas 39, 43, 44, 46 y 66 de 140; Manual-operativo-Evaluacion-estado-nutricional-2019.pdf: Página 8 de 48; DVS_norma_nacional_uso_graficas_antropometricas_valoracion_nutriciol_0-19_2017.pdf: Página 2
Supporting excerpt: ""Grupo F Menores de 5 años - Prioridad 3... Grupo H Mayores de 5 años - Prioridad 2..."" / ""Para menores de 5 años: P/E, P/T y T/E; Mayores de 5 años: IMC y T/E...""","El contexto proporcionado no contiene información específica sobre el Grupo H (mayores de 5 años, prioridad 2), por lo que no puedo comparar directamente el proceso de atención de un niño o niña del Grupo F con uno del Grupo H basándome solo en la información dada. Sin embargo, sí puedo proporcionar detalles sobre el Grupo F, que incluye a menores de 5 años con prioridad 3, y mencionar que para el Grupo H no hay datos suficientes en el contexto dado.

Para el Grupo F, se menciona que se consideran varios aspectos de la condición de malnutrición, como el peso para talla, peso para edad y talla para edad, y se evalúa el nivel de desarrollo con el EDIN. Se señala que no se identifican indicadores de riesgo a nivel individual, familiar o comunitario que afecten el adecuado crecimiento y desarrollo del niño o niña.

Sin información adicional sobre el Grupo H, no puedo determinar cómo varían los elementos de valoración entre estos dos grupos.","El proceso de atención para un niño o niña del Grupo F (menores de 5 años) y uno del Grupo H (mayores de 5 años, prioridad 2) presenta algunas diferencias en los elementos de valoración. A continuación, se presentan los cambios y las razones detrás de ellos:

1. **Edad**: La edad es un factor determinante en la clasificación de los grupos de riesgo. Los menores de 5 años se clasifican en el Grupo F, mientras que los mayores de 5 años se clasifican en el Grupo H.

2. **Condición de malnutrición**: 
   - **Grupo F (menores de 5 años)**: Se evalúa el peso para la talla, el peso para la edad y la talla para la edad. Se consideran desnutrición severa, desnutrición, sobrepeso y obesidad según los puntajes Z.
   - **Grupo H (mayores de 5 años)**: Aunque no se proporciona información específica sobre el Grupo H en el texto, se puede inferir que la evaluación de la condición de malnutrición puede variar en función de la edad y el desarrollo del niño o niña. Para los mayores de 5 años, como se menciona en el Grupo G, se evalúa la talla para la edad y el índice de masa corporal.

3. **Nivel de desarrollo**: 
   - **Grupo F**: Se menciona que no se identifican indicadores de riesgo a nivel individual, familiar o comunitario, y el nivel de desarrollo es adecuado según EDIN y EDIN II (verde).
   - **Grupo H**: Aunque no se proporciona información directa sobre el Grupo H, es probable que el enfoque en el nivel de desarrollo siga siendo importante, considerando el resultado adecuado en el nivel de desarrollo y la ausencia de indicadores de riesgo, similar al Grupo G.

4. **Otros indicadores de riesgo**: 
   - **Grupo F**: No se identifican indicadores de riesgo a nivel individual, familiar o comunitario.
   - **Grupo H**: La información proporcionada no especifica los indicadores de riesgo para este grupo, pero se puede inferir que, al ser de prioridad 2, es probable que se considere la","Para comparar el proceso de atención de un niño o niña del Grupo F (menores de 5 años) frente a uno del Grupo H (mayores de 5 años, prioridad 2), se deben considerar los siguientes elementos de valoración:

1. **Condición de malnutrición**:
   - **Grupo F**: Se consideran indicadores como peso para talla, peso para edad y talla para edad, con categorías que incluyen desnutrición severa, desnutrición, sobrepeso y obesidad.
   - **Grupo H**: Se enfoca en talla para edad y Índice de Masa Corporal (IMC), con categorías similares a las del Grupo F pero adaptadas a mayores de 5 años.

2. **Nivel de desarrollo**:
   - **Grupo F**: Se utiliza el EDIN (Escala de Desarrollo Infantil Normalizado) y EVADE (Evaluación del Desarrollo) para determinar el nivel de desarrollo.
   - **Grupo H**: Se valora el progreso en desarrollo según la condición del niño, considerando su edad y características específicas.

3. **Factores determinantes de la salud**:
   - **Grupo F**: Se identifican indicadores de riesgo individual, familiar y comunitario que afecten el crecimiento y desarrollo.
   - **Grupo H**: Se consideran factores de riesgo similares, pero adaptados a la edad mayor, como historia médica, condiciones de salud y ambiente familiar.

4. **Prioridad y seguimiento**:
   - **Grupo F**: Tiene una prioridad 3, lo que implica un seguimiento máximo de 3 meses después del análisis y priorización.
   - **Grupo H**: Tiene una prioridad 2, lo que implica un seguimiento máximo de 2 meses después del análisis y priorización.

**Conclusión**: Los elementos de valoración cambian en función de la edad y las prioridades asignadas, lo que afecta la frecuencia y enfoque del seguimiento."
abierta_003,abierta,"Describa el proceso completo desde la detección de un niño con malnutrición hasta su egreso por evolución satisfactoria, señalando los responsables en cada etapa.","El proceso inicia con la detección por parte del personal ASSC 3/2 o profesional del establecimiento, quienes deben referir el caso en un máximo de 5 días hábiles. Posteriormente, el equipo interdisciplinario de la Oficina Local sesiona mensualmente para analizar, priorizar el caso en grupos de riesgo y diseñar el Plan de Atención. Se ejecutan estrategias de seguimiento (individual, grupal o familiar) y se registran avances en la herramienta Excel. El egreso satisfactorio lo dictamina el equipo interdisciplinario cuando se documenta la recuperación del estado nutricional normal y la superación de los rezagos en el desarrollo.","Source document: Procedimiento_Atencin_Interdisciplinaria_Malnutricin_Versin_02_2020.pdf
Page/section: Páginas 21-32, 38-46, 62-69, 77-81 y 125 de 140
Supporting excerpt: ""Tarea 1 a Tarea 16 del Procedimiento... Detección... Referencia... Priorización... Plan de atención... Seguimientos... Egreso por evolución satisfactoria...""","Según el contexto proporcionado, el proceso completo desde la detección de un niño con malnutrición hasta su egreso por evolución satisfactoria sería el siguiente:

1. **Detección**: Cualquier funcionario o funcionaria de la Dirección Nacional de CEN-CINAI puede detectar un caso de malnutrición. 

2. **Referencia al equipo interdisciplinario**: Una vez detectado, el caso es referido al equipo interdisciplinario de la Oficina Local para su atención y cumplimiento de la notificación obligatoria al Área Rectora más cercana, completando la boleta VE01 (Anexo 1).

3. **Evaluación del desarrollo**: Se realiza la evaluación del desarrollo integral del niño utilizando la Prueba de Evaluación del Desarrollo Integral del niño de 0 a 6 años (EDIN II) y se completa la hoja de respuesta. El nivel del desarrollo se anota en el cuadro correspondiente, utilizando las siglas S (Superior), A (Adecuado), B (Bajo), V (Verde), A (Amarillo), y R (Rojo).

4. **Seguimiento interdisciplinario**: El equipo interdisciplinario realiza un seguimiento regular del niño, con sesiones de análisis al menos una vez al mes. Las actividades de seguimiento incluyen la revisión de la evolución y tendencia del caso, y la definición de acciones o estrategias para mejorar el estado nutricional del niño.

5. **Evolución y alta del caso**: Durante las sesiones de trabajo, el equipo interdisciplinario verifica si el niño mantiene o mejora su estado nutricional. Si se determina que el niño ha mejorado satisfactoriamente, se define la alta del caso. En caso de deterioro, se realiza una visita domiciliaria.

6. **Actualización de la herramienta de seguimiento**: Se actualiza la herramienta de seguimiento interdisciplinario del niño con malnutrición, y se designa un profesional como responsable del cierre del caso.

7. **Información al padre/madre/responsable y al personal del establecimiento de origen**: Se informa al padre, madre o responsable del niño y al personal del establecimiento de origen del caso para su anotación en el expediente respectivo.

**","El proceso completo desde la detección de un niño con malnutrición hasta su egreso por evolución satisfactoria es el siguiente:

1. **Detección**: Cualquier funcionario o funcionaria de la Dirección Nacional de CEN-CINAI puede realizar la detección de casos con malnutrición y referirlos al equipo interdisciplinario de la Oficina Local respectiva.

2. **Evaluación y Valoración**: El equipo interdisciplinario de la Oficina Local es responsable de la valoración, detección, atención, seguimiento, referencia y contra-referencia de los casos con malnutrición. Se utiliza la herramienta de seguimiento interdisciplinario para evaluar y valorar el estado nutricional del niño o niña.

3. **Atención Interdisciplinaria**: El equipo interdisciplinario, compuesto por profesionales y técnicos, proporciona atención integral al niño o niña con malnutrición. Esto incluye intervenciones para mejorar el estado nutricional, así como apoyo psicosocial y seguimiento regular.

4. **Seguimiento**: El equipo interdisciplinario realiza sesiones de análisis de casos al menos una vez al mes para evaluar la evolución del niño o niña. Se verifica si el estado nutricional ha mejorado o si es necesario ajustar las estrategias de intervención.

5. **Evaluación de Progreso**: Utilizando la herramienta de seguimiento interdisciplinario, el equipo evalúa la tendencia y priorización del caso. Si el niño o niña muestra mejora en su estado nutricional, se define si es necesario continuar con el seguimiento o si el caso puede ser dado de alta.

6. **Alta del Caso**: Cuando se determina que el niño o niña ha recuperado su estado nutricional de manera satisfactoria, el equipo interdisciplinario decide dar de alta el caso. Un profesional es designado como responsable del cierre del caso.

7. **Comunicación y Documentación**: Se informa a los padres, madres o responsables del niño o niña, así como al personal del establecimiento de origen, sobre el alta del caso. Se asegura que la documentación relacionada con el caso esté completa, ordenada y accesible para","El proceso completo desde la detección de un niño con malnutrición hasta su egreso por evolución satisfactoria, según el contexto proporcionado, es el siguiente:

1. **Detección de malnutrición**:
   - Todo funcionario o funcionaria de la Dirección Nacional de CEN-CINAI puede detectar casos de malnutrición.
   - Se completa la boleta VE01 (Anexo 1) y se notifica obligatoriamente al Área Rectora más cercana.

2. **Referencia al equipo interdisciplinario**:
   - El niño detectado con malnutrición es referido al equipo interdisciplinario de la Oficina Local para su atención.

3. **Evaluación del desarrollo**:
   - Se aplica la Prueba de Evaluación del Desarrollo Integral del niño de 0 a 6 años (EDIN II) y se completa la hoja de respuesta.
   - Se anota la fecha de evaluación, la edad exacta del niño y los resultados obtenidos en las áreas MG (Motora Gruesa), MF (Motora Fina), CO (Cognitiva), LE (Lenguaje), SA (Socio afectiva) y HS (Hábitos de Salud).

4. **Seguimiento interdisciplinario**:
   - El equipo interdisciplinario realiza actividades de atención y seguimiento, incluidas de forma prioritaria en la programación de los funcionarios.
   - Se llevan a cabo sesiones de análisis interdisciplinario de casos al menos una vez al mes en cada Oficina Local.
   - Se utiliza la herramienta de seguimiento interdisciplinario para analizar la evolución y tendencia del caso.

5. **Evolución y alta del caso**:
   - Si el niño o niña mantiene o mejora su estado nutricional, se evalúa si aplica dar de alta.
   - Se emiten recomendaciones para el ASSC3 (no se especifica en el contexto).
   - Si se valora que continúa en seguimiento, se definen acciones o estrategias a seguir.
   - En caso de deterioro, se realiza una visita domiciliar.

6. **Egreso por evolución satisfactoria**:
   - Se designa un profesional como responsable del cierre del caso.
   - Se informa al padre, madre o responsable del niño y al personal del establecimiento de origen para su anotación en el expediente respectivo.
   - Se dispone de la papelería y documentación completa, ordenada y accesible para consulta.

**Responsables en cada etapa**:
- **Detección**: Todo funcionario o funcionaria de la Dirección Nacional de CEN-CINAI.
- **Referencia**: Equipo interdisciplinario de la Oficina Local.
- **Evaluación del desarrollo**: Profesionales del equipo interdisciplinario.
- **Seguimiento**: Equipo interdisciplinario, con sesiones de análisis al menos una vez al mes.
- **Evolución y alta**: Profesional designado como responsable del cierre del caso.
- **Egreso**: Equipo interdisciplinario y personal del establecimiento de origen.

Este"
abierta_004,abierta,"Analice cómo el procedimiento integra factores de riesgo social (violencia intrafamiliar, pobreza, drogas) junto con los criterios antropométricos para definir la prioridad de atención de un caso.","El procedimiento utiliza un enfoque integral donde el riesgo social puede elevar la prioridad de atención independientemente del estado nutricional; por ejemplo, los Grupos B, E y H se clasifican como Prioridad 1 o 2 si presentan indicadores antropométricos de malnutrición acompañados de ""presencia significativa"" de riesgos sociales como violencia, alcoholismo o pobreza extrema. Esta integración permite que el equipo interdisciplinario focalice recursos en casos donde el entorno familiar o comunitario compromete la viabilidad de la recuperación física del menor.","Source document: Procedimiento_Atencin_Interdisciplinaria_Malnutricin_Versin_02_2020.pdf
Page/section: Páginas 23, 39-46, 68 y 93 de 140
Supporting excerpt: ""...el equipo de profesionales define de manera conjunta y colaborativa, el nivel de prioridad de cada caso, considerando aspectos de salud, estado nutricional, nivel del desarrollo, datos del grupo familiar, riesgo social, entre otros determinantes sociales de la salud...""","El contexto proporcionado menciona que en el proceso de priorización y definición de la estrategia inicial de abordaje interdisciplinario, se consideran factores de riesgo que incluyen aspectos sociales como la violencia familiar y otros determinantes sociales de la salud. Sin embargo, el documento específico no detalla cómo se integran estos factores de riesgo social directamente con los criterios antropométricos para definir la prioridad de atención de un caso. Se menciona que se utiliza un instrumento de detección y se registran referencias, expedientes, y sistemas de caracterización del ambiente familiar o de hogar, pero no se explica en profundidad cómo se combinan estos elementos con los datos antropométricos para establecer la prioridad.

Para responder completamente a la pregunta, sería necesario tener más detalles específicos sobre cómo se integran estos factores en la práctica clínica, lo cual no está completamente detallado en el contexto proporcionado. Por lo tanto, puedo afirmar que se consideran factores de riesgo social, pero no tengo suficiente información para analizar cómo se integran con los criterios antropométricos en la definición de la prioridad de atención.","El procedimiento para la atención interdisciplinaria del niño o niña con malnutrición integra factores de riesgo social, como la violencia intrafamiliar, la pobreza y el consumo de drogas, junto con los criterios antropométricos para definir la prioridad de atención de un caso. A continuación, se presentan los pasos y consideraciones clave en este proceso:

1. **Evaluación Integral**: El procedimiento comienza con una evaluación integral del niño o niña, considerando no solo los aspectos antropométricos (como peso, talla, índice de masa corporal, etc.) sino también factores de riesgo social y determinantes de la salud. Esto incluye la consideración de la salud individual del niño o niña, datos del grupo familiar o la comunidad, como el estado nutricional, nivel de desarrollo, riesgo social, violencia familiar, entre otros.

2. **Identificación de Factores de Riesgo**: Se identifican factores de riesgo social que puedan afectar el crecimiento y desarrollo del niño o niña. Esto puede incluir violencia intrafamiliar, pobreza, consumo de drogas, entre otros. La presencia de estos factores puede influir en la priorización del caso.

3. **Criterios Antropométricos**: Se utilizan criterios antropométricos como el peso para la talla, peso para la edad, talla para la edad, y el índice de masa corporal para evaluar el estado nutricional del niño o niña. Estos indicadores ayudan a identificar condiciones de desnutrición, sobrepeso u obesidad.

4. **Priorización**: La priorización de los casos se basa en la combinación de los factores de riesgo social identificados y los resultados de los criterios antropométricos. Por ejemplo, un niño o niña con desnutrición severa y que además enfrenta violencia intrafamiliar o pobreza, puede ser considerado de alta prioridad para la atención.

5. **Plan de Atención**: Una vez definida la prioridad, se establece un plan de atención interdisciplinario que puede incluir visitas domiciliarias, atención individual o grupal, consejería,","El procedimiento integra factores de riesgo social, como violencia intrafamiliar, pobreza y drogas, junto con criterios antropométricos para definir la prioridad de atención de un caso de malnutrición de la siguiente manera:

1. **Factores de riesgo social**: Se consideran determinantes sociales de la salud, como violencia familiar, riesgo social, y otros factores que puedan afectar el adecuado crecimiento y desarrollo del niño o niña. Estos factores se analizan de manera conjunta con los criterios antropométricos.

2. **Criterios antropométricos**: Se utilizan indicadores como peso para talla, talla para edad, índice de masa corporal, y otros parámetros antropométricos para evaluar el estado nutricional. Se definen umbrales específicos para categorizar la malnutrición (desnutrición severa, desnutrición, sobrepeso, obesidad).

3. **Priorización**: Se realiza un análisis interdisciplinario considerando tanto los factores de riesgo social como los criterios antropométricos. Esto permite definir la prioridad de atención, determinar el objetivo del plan de atención, y seleccionar la estrategia de atención más adecuada (visita domiciliar, atención individual, grupal, etc.).

4. **Registro y seguimiento**: La información se registra en el Instrumento de detección, y se designa la fecha del primer seguimiento y los responsables del mismo.

En resumen, el procedimiento integra de manera colaborativa factores de riesgo social y criterios antropométricos para priorizar y planificar la atención interdisciplinaria de los casos de malnutrición."
abierta_005,abierta,"¿Cómo se relaciona el rol de la UIVCD en el nivel central con el trabajo del equipo interdisciplinario en el nivel local, considerando el flujo de información descrito en el procedimiento?","La relación es de retroalimentación técnica y normativa: el nivel local genera la información primaria mediante la digitación de tamizajes en herramientas Excel y bitácoras de seguimiento. Esta información fluye hacia las Direcciones Regionales y finalmente a la UIVCD, que se encarga de analizar los datos a nivel nacional para generar informes de ""Datos Básicos"" e infografías de gestión. Con estos insumos, la UIVCD actualiza las normas y manuales que orientan el trabajo operativo local, cerrando el ciclo de mejora continua basada en evidencia.","Source document: SISVENDIS-2023.pdf; Procedimiento_Atencin_Interdisciplinaria_Malnutricin_Versin_02_2020.pdf; Procedimiento_Vigilancia_Crecimientoydesarrollo_intrayextramurosUIVCD.pdf
Page/section: SISVENDIS-2023.pdf: Páginas 11, 37, 41-46 y 54 de 79; Procedimiento_Atencin_Interdisciplinaria_Malnutricin_Versin_02_2020.pdf: Páginas 7, 33-35 y 98 de 140; Procedimiento_Vigilancia_Crecimientoydesarrollo_intrayextramurosUIVCD.pdf: Página 7 de 45
Supporting excerpt: ""Oficina Local: Recopila y digita en la herramienta Excel... Área Técnica Regional: Elabora el consolidado regional y envía a la UIVCD... UIVCD-DT: Elabora el informe nacional y realiza la evaluación de efectos...""","La Unidad de Investigación y Vigilancia del Crecimiento y Desarrollo (UIVCD) en el nivel central juega un papel crucial en la planificación, convocatoria, ejecución y reporte de acciones de asistencia técnica que mejoran las capacidades en la implementación de procedimientos de vigilancia y el uso de guías, instrumentos y normativa relacionada. En cuanto al flujo de información, la UIVCD es responsable de mantener actualizados los procedimientos relacionados con la vigilancia de la salud, estado nutricional y desarrollo infantil, y de elaborar informes anuales a nivel nacional. Estos informes y procedimientos se comunican hacia abajo, llegando a los equipos interdisciplinarios en el nivel local, quienes son responsables de la valoración, detección, atención, seguimiento, referencia y contra-referencia de casos, así como de la aplicación de las guías y procedimientos proporcionados por la UIVCD. De esta manera, la información fluye desde el nivel central hacia el local, asegurando que todas las oficinas locales estén alineadas con las directrices y mejores prácticas definidas por la UIVCD.","La UIVCD en el nivel central se relaciona con el trabajo del equipo interdisciplinario en el nivel local a través del flujo de información y la coordinación para la implementación del Sistema de Vigilancia del Estado Nutricional, Desarrollo Infantil y Salud (SISVENDIS). La UIVCD es responsable de diseñar, ajustar, actualizar e implementar el proceso de investigación y el sistema de vigilancia nutricional y del desarrollo materno-infantil, lo que implica la recopilación y análisis de datos de vigilancia del crecimiento y desarrollo infantil.

En el nivel local, el equipo interdisciplinario es responsable de la valoración, detección, atención, seguimiento, referencia y contra-referencia de los casos con malnutrición. La UIVCD proporciona apoyo técnico y asesoramiento a las oficinas locales para la implementación de los procedimientos de vigilancia y atención interdisciplinaria.

El flujo de información entre la UIVCD y el equipo interdisciplinario en el nivel local se establece a través de la recopilación de datos en el instrumento de datos básicos, que se utiliza para emitir informes y documentos que respaldan la toma de decisiones estratégicas. La UIVCD también mantiene actualizada la normativa y los procedimientos relacionados con la vigilancia de la salud, estado nutricional y desarrollo infantil, lo que garantiza que el equipo interdisciplinario en el nivel local tenga acceso a la información y los recursos necesarios para realizar su trabajo de manera efectiva.

En resumen, la UIVCD en el nivel central y el equipo interdisciplinario en el nivel local trabajan juntos para garantizar la implementación efectiva del SISVENDIS y la atención interdisciplinaria a los niños y niñas con malnutrición, a través de la coordinación, el apoyo técnico y el flujo de información.","El rol de la UIVCD en el nivel central se relaciona con el trabajo del equipo interdisciplinario en el nivel local a través del flujo de información descrito en el procedimiento de la siguiente manera:

1. **Planificación y Convocatoria**: La UIVCD planifica y convoca acciones de asistencia técnica para mejorar las capacidades en la implementación de procedimientos de vigilancia y uso de guías, instrumentos y normativa relacionada.

2. **Emisión y Seguimiento de Reportes**: Emite y da seguimiento a los reportes de asesoría técnica que se realizan, lo que implica la generación de información útil para el equipo interdisciplinario local.

3. **Supervisión y Capacitación**: Implementa supervisión capacitante con calidad y oportunidad en los procedimientos de atención interdisciplinaria, asegurando que el equipo local esté bien preparado y actualizado.

4. **Generación de Informes**: Elabora y emite informes anuales del nivel nacional de datos básicos de vigilancia de salud, crecimiento y desarrollo, lo que incluye información recolectada por el equipo interdisciplinario local.

5. **Coordinación con UNAT**: Mantiene coordinación con la Unidad de Normalización y Asistencia Técnica (UNAT) para la armonización y actualización de la normativa relacionada con los servicios sustantivos, lo que afecta directamente al trabajo del equipo local.

6. **Evaluación y Estudios**: Planifica y ejecuta estudios de evaluación de efectos y otros relacionados con la vigilancia infantil, lo que puede requerir datos y feedback del equipo interdisciplinario local.

7. **Asesoramiento Técnico**: Asesora a la persona Directora Regional y Directora Técnicas en temas de vigilancia del crecimiento y desarrollo, lo que implica una interacción constante con el equipo local para resolver problemas y mejorar las prácticas.

8. **Actualización de Conocimientos**: Mantiene actualizada su conocimiento en sistemas de vigilancia, lo que se traduce en la capacitación y actualización del equipo interdisciplinario local.

En resumen, la UIVCD en el nivel central actúa como un ente coordinador y asesor, asegurando que el flujo de información y las prácticas de atención interdisciplinaria en el nivel local sean efectivas, basadas en evidencias y actualizadas, lo que permite una mejor toma de decisiones y mejora en la gestión de calidad."
abierta_006,abierta,"Explique el papel del enfoque de salud pública y atención primaria en el diseño de este procedimiento, y qué implicaciones tiene para el trabajo del equipo interdisciplinario.","El diseño se basa en reconocer los Determinantes Sociales de la Salud (DSS), entendiendo que la malnutrición no es solo un problema biológico sino el resultado de factores socioeconómicos y culturales. Para el equipo interdisciplinario, esto implica que su labor trasciende la consulta clínica, obligándolos a trabajar de forma colaborativa en la detección temprana de riesgos y la promoción de la salud en el entorno familiar. Las estrategias deben ser preventivas y adaptadas a la realidad de la comunidad, buscando el empoderamiento de las familias y no solo la corrección de cifras antropométricas.","Source document: Procedimiento_Atencin_Interdisciplinaria_Malnutricin_Versin_02_2020.pdf; Normas-sustantivas-CEN-CINAI-30-09-2021.pdf; SISVENDIS-2023.pdf
Page/section: Procedimiento_Atencin_Interdisciplinaria_Malnutricin_Versin_02_2020.pdf: Páginas 3 y 8 de 140; Normas-sustantivas-CEN-CINAI-30-09-2021.pdf: Páginas 18 y 19 de 20; SISVENDIS-2023.pdf: Páginas 37 y 50 de 79
Supporting excerpt: ""Esta atención interdisciplinaria se realiza con un enfoque Integral en Salud Pública considerando los factores determinantes sociales de la salud... siguiendo los principios de atención primaria en salud..."" / ""...reconoce los determinantes sociales de la salud... por lo que la atención al niño o niña con malnutrición debe ser planificada y abordada en respuesta a los múltiples factores...""","El enfoque de salud pública y la atención primaria juegan un papel crucial en el diseño del procedimiento para la atención interdisciplinaria, especialmente en el contexto de la Dirección Nacional de CEN-CINAI. Este enfoque se basa en reconocer los determinantes sociales de la salud, lo que implica considerar múltiples factores que pueden estar presentes o asociados a una situación, como parte de las acciones de detección temprana de riesgos, promoción y prevención de la salud. 

La atención primaria, dentro de este marco, se enfoca en proporcionar servicios de salud de manera integral y accesible, con énfasis en la prevención y promoción de la salud. En el diseño del procedimiento, esto significa que el equipo interdisciplinario debe trabajar de manera colaborativa, interactiva e integrada, utilizando conceptos, métodos o instrumentos de dos o más disciplinas para resolver problemas o responder preguntas que requieren análisis desde varios campos disciplinarios.

Las implicaciones para el trabajo del equipo interdisciplinario son significativas. El equipo debe coordinar el diseño de estrategias y trabajar desde sus propios marcos conceptuales para producir resultados parciales o totalmente integrados, lo que puede variar desde el compartir de ideas hasta la integración total de conceptos, metodología, procedimientos, teorías, terminología, datos y organización. Además, el equipo debe ser capaz de analizar, sintetizar y armonizar los lazos entre disciplinas en un todo coordinado y coherente, lo que permite una atención más holística y efectiva a las necesidades de niñas, niños, adolescentes madres, mujeres embarazadas o en periodo de lactancia y su grupo familiar.

Este enfoque también implica que las acciones deben seguir los principios de prevención y activación del sistema de referencia y contrareferencia cuando sea necesario, garantizando una atención oportuna y de calidad, lo cual es fundamental para mejorar la calidad de vida de la población atendida.","El enfoque de salud pública y la atención primaria juegan un papel fundamental en el diseño del procedimiento de atención interdisciplinaria para el crecimiento y desarrollo de niñas y niños. Este enfoque se centra en la prevención, la promoción de la salud y la atención integral, considerando los determinantes sociales de la salud en los ámbitos individual, familiar y comunitario.

En este contexto, el equipo interdisciplinario debe trabajar de manera colaborativa y coordinada para abordar las necesidades de las niñas y niños, y sus familias, de manera oportuna y eficiente. El enfoque de salud pública implica que el equipo interdisciplinario debe considerar los factores sociales, económicos y ambientales que influyen en la salud y el desarrollo de las niñas y niños, y diseñar estrategias de atención que tengan en cuenta estas variables.

El equipo interdisciplinario debe trabajar en estrecha colaboración con las familias y las comunidades para identificar las necesidades y desarrollar planes de atención personalizados que se ajusten a las necesidades específicas de cada caso. Esto requiere una comunicación efectiva, una coordinación estrecha y una flexibilidad para adaptarse a las necesidades cambiantes de las niñas y niños, y sus familias.

Las implicaciones de este enfoque para el trabajo del equipo interdisciplinario son:

1. **Trabajo en equipo**: El equipo interdisciplinario debe trabajar de manera colaborativa y coordinada para abordar las necesidades de las niñas y niños, y sus familias.
2. **Enfoque integral**: El equipo interdisciplinario debe considerar los factores sociales, económicos y ambientales que influyen en la salud y el desarrollo de las niñas y niños.
3. **Prevención y promoción**: El equipo interdisciplinario debe priorizar la prevención y la promoción de la salud, en lugar de solo tratar los problemas de salud una vez que se presentan.
4. **Atención personalizada**: El equipo interdisciplinario debe desarrollar planes de atención personalizados que se ajusten a las necesidades específicas de cada caso.
5. **Colaboración con las familias y las comunidades**: El equipo interdisciplinario debe trabajar en estrecha colabor","El enfoque de salud pública y la atención primaria en el diseño de este procedimiento se centran en considerar los determinantes sociales de la salud, lo que implica abordar múltiples factores que pueden influir en la situación de las niñas, niños, adolescentes madres, mujeres embarazadas o en periodo de lactancia. Este enfoque busca promover la detección temprana de riesgos, la prevención y la promoción de la salud, lo que se traduce en la creación de estrategias interdisciplinarias que integren conocimientos y recursos de diferentes disciplinas.

Para el equipo interdisciplinario, esto implica una colaboración activa y coordinada, donde cada profesional aporta desde su marco conceptual, permitiendo la integración de conceptos, metodologías y procedimientos para resolver problemas complejos. Este enfoque fomenta la capacidad del equipo para analizar, sintetizar y armonizar los lazos entre disciplinas, resultando en un trabajo coherente y eficiente. Además, la atención primaria se traduce en la realización de actividades grupales que permiten a las familias compartir experiencias, resolver dudas y aprender de manera colectiva, lo que fortalece los vínculos sociales y promueve el auto cuidado.

En resumen, el enfoque de salud pública y la atención primaria en este procedimiento buscan garantizar una atención oportuna, de calidad y enriquecida por la interacción interdisciplinaria, con el objetivo de mejorar las condiciones de vida y el desarrollo óptimo de las personas que requieren atención especializada."
abierta_007,abierta,"¿Qué diferencias existen entre una referencia hacia otra institución (CCSS, MEP, PANI, IMAS) y el manejo interno de un caso dentro de CEN-CINAI, en términos de responsabilidades y seguimiento?","El manejo interno implica que CEN-CINAI mantiene la custodia del caso, aplicando planes de estimulación, educación alimentaria y seguimiento nutricional directo por su equipo interdisciplinario. Por el contrario, la referencia externa traslada la responsabilidad de la atención especializada (clínica en CCSS, protección legal en PANI o educativa en MEP) a la institución competente. No obstante, CEN-CINAI no abandona el caso, sino que debe mantener una coordinación intersectorial y seguimiento con el grupo familiar para asegurar que el niño reciba las atenciones referidas.","Source document: Procedimiento_Atencin_Interdisciplinaria_Malnutricin_Versin_02_2020.pdf; SISVENDIS-2023.pdf
Page/section: Procedimiento_Atencin_Interdisciplinaria_Malnutricin_Versin_02_2020.pdf: Páginas 22, 28, 60, 68 y 84-88 de 140; SISVENDIS-2023.pdf: Páginas 37 y 50 de 79
Supporting excerpt: ""...cuando se considere necesario se activa el Sistema de Referencia y Contrareferencia..."" / ""Cualquier miembro del equipo interdisciplinario realiza las referencias a otras instituciones... y da seguimiento a la misma...""","El contexto proporcionado no especifica las diferencias exactas entre una referencia hacia otra institución (como CCSS, MEP, PANI, IMAS) y el manejo interno de un caso dentro de CEN-CINAI en términos de responsabilidades y seguimiento. Sin embargo, se menciona que cuando se detectan situaciones que requieren atención especializada, como problemas de salud, alteraciones emocionales y de conducta, o situaciones de violencia, se procede con la referencia a instituciones como el PANI, Ministerio Público, CCSS, etc., según corresponda. En cuanto al manejo interno, se menciona que los profesionales de CEN-CINAI, que incluyen especialistas en nutrición, psicología, educación preescolar y terapia de lenguaje, realizan la atención interdisciplinaria siguiendo los principios de atención primaria en salud y mantienen criterios de ética, respeto y calidad profesional. 

Para responder con precisión a las diferencias específicas en términos de responsabilidades y seguimiento, se necesitaría información adicional sobre cómo se gestionan internamente los casos en CEN-CINAI y cómo se comparan con las referencias externas en términos de seguimiento y responsabilidades.","Según el contexto proporcionado, existen varias diferencias clave entre una referencia hacia otra institución y el manejo interno de un caso dentro de CEN-CINAI en términos de responsabilidades y seguimiento:

1. **Objetivo**: La referencia a otra institución (como CCSS, MEP, PANI, IMAS) se realiza cuando el caso detectado requiere atención especializada o intervención que supera el alcance de los servicios ofrecidos por CEN-CINAI. Por otro lado, el manejo interno se enfoca en la atención y seguimiento dentro de las capacidades y especialidades disponibles en CEN-CINAI.

2. **Responsabilidades**: En el caso de una referencia, la responsabilidad de coordinar y ejecutar la atención recae en la institución receptora, mientras que CEN-CINAI se enfoca en la derivación adecuada y el seguimiento de la referencia. Internamente, las responsabilidades están distribuidas entre los profesionales de diferentes disciplinas que conforman el equipo de CEN-CINAI, quienes trabajan de manera interdisciplinaria para brindar atención integral.

3. **Seguimiento**: El seguimiento de los casos referidos a otras instituciones implica la comunicación y coordinación entre CEN-CINAI y la institución receptora para asegurar que el niño o niña reciba la atención necesaria. En el manejo interno, el seguimiento es más directo, ya que los profesionales de CEN-CINAI pueden monitorear y ajustar el plan de atención según sea necesario sin necesidad de coordinación externa.

4. **Instrumentos y Procedimientos**: Para las referencias, se utilizan instrumentos específicos como el ""Instrumento de Referencia y Contra-referencia Intersectorial"" (RISA), que facilita la comunicación y coordinación entre instituciones. En el manejo interno, se siguen procedimientos establecidos por CEN-CINAI, como el ""Procedimiento para la Atención Interdisciplinaria del Niño o Niña con Malnutrición"", que guían la evaluación, planificación y ejecución de la atención.

5. **Comunicación con los Padres o Responsables**: En ambos casos, es crucial la comunicación con los padres o responsables del niño o niña. Sin embargo","En el contexto proporcionado, se menciona que las referencias y contra-referencias se realizan a equipos de profesionales de diversas disciplinas que laboran en las Oficinas Locales de CEN-CINAI o a otras instituciones como CCSS, MEP, PANI, IMAS, etc. Las responsabilidades y seguimiento en las referencias hacia otras instituciones y el manejo interno dentro de CEN-CINAI se diferencian de la siguiente manera:

1. **Referencias hacia otras instituciones (CCSS, MEP, PANI, IMAS):**
   - Se refieren casos detectados con problemas de desarrollo, salud (agudos o crónicos), alteraciones auditivas, visuales, bucodentales, esquema de vacunación incompleto, entre otros.
   - Se utiliza el Instrumento de Referencia y Contra-referencia Intersectorial (RISA) para gestionar las referencias.
   - Las referencias se envían al Equipo Coordinador de la RISA para su análisis y trámite correspondiente.
   - Se mantiene un seguimiento de los controles que reciben los casos referidos.

2. **Manejo interno de casos dentro de CEN-CINAI:**
   - Se realizan acciones protectoras y promoción del crecimiento y desarrollo de la niñez atendida.
   - Se aplican tamizajes y se activan procedimientos de atención interdisciplinaria dentro de la institución.
   - Se comunican los resultados de los tamizajes a los padres, madres o responsables, para realizar acciones conjuntas hogar-CEN-CINAI.
   - Se coordina el seguimiento y evolución del cliente dentro de la institución, con profesionales de especialidades como Nutrición, Psicología, Educación Preescolar y Terapia de Lenguaje.

En resumen, las referencias hacia otras instituciones implican gestionar y seguir casos que requieren atención especializada fuera de CEN-CINAI, mientras que el manejo interno se centra en la atención interdisciplinaria y promoción del crecimiento y desarrollo dentro de la institución."
abierta_008,abierta,Analice cómo el procedimiento garantiza tanto la calidad de la información registrada como la confidencialidad de los datos de los niños y niñas atendidos.,"La calidad se asegura mediante guías de revisión obligatorias para las jefaturas, quienes aplican filtros en la herramienta Excel para detectar datos extremos, no congruentes o errores de cálculo como ""#¡VALOR!"". La confidencialidad se garantiza a través del resguardo físico de los expedientes debidamente foliados en las Oficinas Locales y el manejo restringido de las bases de datos digitales. Además, el procedimiento permite el registro de menores bajo la etiqueta de ""indocumentado"" para asegurar su atención sin vulnerar su seguridad jurídica o social.","Source document: Procedimiento_Atencin_Interdisciplinaria_Malnutricin_Versin_02_2020.pdf
Page/section: Páginas 6, 33-34, 89-94 y 121-125 de 140 (Anexo 5 y Anexo 8)
Supporting excerpt: ""Todo funcionario... deberá cumplir con las reglas de ética profesional y de confidencialidad... Ley 8968..."" / ""Para la revisión de la calidad de los datos de la herramienta... se utiliza la Guía de revisión de calidad..."" / ""anotaciones más detalladas y propias de la especialidad... estará bajo la custodia del profesional respectivo y no se archivan como parte del expediente.""","El contexto proporcionado menciona varias medidas que aseguran tanto la calidad de la información registrada como la confidencialidad de los datos de los niños y niñas atendidos. Para garantizar la calidad de la información, se menciona la recolección de datos de los tamizajes y signos de alerta, lo que permite realizar consultas en tiempo real y generar informes oportunos del análisis de resultados de tamizajes y situación del estado nutricional, desarrollo infantil y la salud. Además, se menciona la importancia de mejorar la eficiencia en el manejo y registro de datos, lo que implica un proceso riguroso de recolección y análisis de datos.

En cuanto a la confidencialidad de los datos, se destaca que se custodia de forma segura los datos de la niñez en vigilancia dentro de CEN-CINAI. También se menciona que las anotaciones de alto nivel de sensibilidad para el grupo familiar o del caso las realiza cada profesional en su propia documentación, de manera que se respeta la intimidad de cada caso y se protegen los derechos del niño o niña. Estas anotaciones no se archivan como parte del expediente, sino que quedan bajo la custodia del profesional respectivo. 

Estas prácticas aseguran que la información sensible permanezca protegida y solo accesible a aquellos profesionales que tienen la responsabilidad directa de atender a los niños y niñas, contribuyendo así a mantener la confidencialidad de los datos personales.","El procedimiento garantiza la calidad de la información registrada y la confidencialidad de los datos de los niños y niñas atendidos a través de varios mecanismos:

1. **Registro y custodia de expedientes**: Los expedientes de los niños y niñas con malnutrición se archivan en un lugar seguro definido por el equipo interdisciplinario, lo que protege la confidencialidad de la información.
2. **Acceso restringido**: Solo los miembros del equipo interdisciplinario y la jefatura de Oficina Local tienen acceso a los expedientes, lo que limita el acceso a personas no autorizadas.
3. **Anotaciones especializadas**: Los profesionales realizan anotaciones específicas y especializadas bajo su custodia, lo que respeta la intimidad de cada caso y protege los derechos del niño o niña.
4. **Instrumentos de seguimiento**: Los instrumentos de seguimiento interdisciplinario del niño o niña con malnutrición se incluyen en el expediente, lo que garantiza que la información sea precisa y completa.
5. **Reflexiones y análisis**: El equipo interdisciplinario realiza reflexiones y análisis sobre los principales hallazgos, lo que permite identificar áreas de mejora y garantizar la calidad de la información registrada.
6. **Uso de lineamientos y anexos**: El procedimiento utiliza lineamientos y anexos específicos para la atención interdisciplinaria del niño o niña con malnutrición, lo que garantiza que la información sea recopilada y registrada de manera estandarizada y precisa.

En cuanto a la calidad de la información registrada, el procedimiento garantiza que:

1. **La información sea precisa y completa**: Los instrumentos de seguimiento y los expedientes se actualizan regularmente para reflejar los cambios en la condición del niño o niña.
2. **La información sea estandarizada**: El uso de lineamientos y anexos específicos garantiza que la información sea recopilada y registrada de manera estandarizada.
3. **La información sea analizada y reflexionada**: El equipo interdisciplinario realiza análisis y reflexiones sobre los principales hallazgos, lo que permite identificar áreas de mejora y garant","El procedimiento garantiza la calidad de la información registrada a través de la recolección de datos de tamizajes y signos de alerta, lo que permite realizar consultas en tiempo real y facilitar una mejor respuesta a las necesidades de las niñas y niños. Además, se generan reportes y análisis estadísticos, lo que mejora la eficiencia en el manejo y registro de datos. Para garantizar la confidencialidad, los datos de la niñez en vigilancia se custodian de forma segura en CEN-CINAI, y las anotaciones específicas y especializadas se realizan en documentación individual de los profesionales, protegiendo los derechos del niño o niña."
abierta_009,abierta,"¿Cómo afectan los factores comunitarios (acceso a agua potable, manejo de desechos, riesgo de desastres) la clasificación del grupo de riesgo de un niño o niña, y qué acciones se derivan de ello?","Los factores comunitarios actúan como determinantes que pueden agravar la condición de vulnerabilidad; la carencia de agua apta, disposición de excretas o el riesgo de desastres se consideran privaciones que elevan la complejidad del caso. Si estos factores son significativos, el niño es priorizado en grupos que requieren seguimientos más frecuentes (cada 1 o 2 meses). Las acciones derivadas incluyen la incorporación de estas variables en el Plan de Atención Interdisciplinario y la posible activación de redes comunales o interinstitucionales para mitigar dichos riesgos.","Source document: Procedimiento_Atencin_Interdisciplinaria_Malnutricin_Versin_02_2020.pdf
Page/section: Páginas 10, 39-45, 70-72 y 93 de 140
Supporting excerpt: ""...Comunitario: ambiental (manejo de desechos sólidos, excretas y acceso agua potable), territorial (acceso al establecimiento, riesgo de desastre)... Presencia significativa de indicadores de riesgo... asigna Prioridad 1 / Prioridad 2...""","Los factores comunitarios, como el acceso a agua potable, el manejo de desechos sólidos y el riesgo de desastres, pueden afectar la clasificación del grupo de riesgo de un niño o niña si estos factores representan indicadores significativos de riesgo que puedan afectar el adecuado crecimiento y desarrollo del niño o niña. Por ejemplo, si un niño menor de 3 años tiene condiciones de malnutrición y además se identifican problemas comunitarios como falta de acceso a agua potable o riesgo de desastres, esto podría llevar a clasificar al niño en un grupo de prioridad 1, lo cual implica una atención prioritaria y probablemente intervenciones más intensas y rápidas para abordar la malnutrición y mejorar las condiciones de vida.

No se especifican en el contexto las acciones específicas que se derivan directamente de la identificación de estos factores comunitarios, pero se puede inferir que se implementarán medidas interdisciplinarias para abordar tanto la malnutrición como las condiciones ambientales que contribuyen al riesgo. Estas podrían incluir mejoras en la infraestructura comunitaria, educación sobre higiene y nutrición, y posiblemente coordinación con otras instituciones para resolver problemas de acceso a servicios básicos.","Los factores comunitarios como el acceso a agua potable, el manejo de desechos y el riesgo de desastres pueden afectar la clasificación del grupo de riesgo de un niño o niña, ya que se consideran indicadores de riesgo que pueden influir en el entorno y poner en peligro la integridad física, emocional y psicosocial del menor.

En el contexto proporcionado, se menciona que la presencia de indicadores de riesgo en uno o más de los siguientes ámbitos, incluyendo el comunitario, puede afectar el adecuado crecimiento y desarrollo del niño o niña. Por lo tanto, si un niño o niña se encuentra en un entorno con factores comunitarios adversos, puede ser clasificado en un grupo de mayor riesgo, como el Grupo A o el Grupo G, dependiendo de su edad y otros factores.

A partir de esta clasificación, se derivan acciones de atención interdisciplinaria para abordar las necesidades específicas del niño o niña, como la evaluación y el seguimiento de su crecimiento y desarrollo, la identificación de factores de riesgo y la implementación de estrategias para mitigarlos. Sin embargo, no se proporcionan detalles específicos sobre las acciones concretas que se derivan de la clasificación del grupo de riesgo en relación con los factores comunitarios.","Los factores comunitarios, como el acceso a agua potable, el manejo de desechos sólidos y el riesgo de desastres, pueden influir en la clasificación del grupo de riesgo de un niño o niña. Estos factores se consideran en el análisis interdisciplinario y en la priorización de casos, especialmente en los grupos de riesgo que presentan indicadores significativos de riesgo social o comunitario. Si se identifican problemas en estos ámbitos, se derivan acciones interdisciplinarias para abordar las causas subyacentes y mejorar las condiciones de salud y desarrollo del niño o niña."
abierta_010,abierta,"Explique cómo el procedimiento maneja los casos en los que un niño o niña recupera su estado nutricional pero mantiene rezago en el desarrollo, incluyendo el concepto de ""período de protección"".","Cuando un niño alcanza la normalidad nutricional pero persiste un rezago (amarillo) o riesgo (rojo) en el desarrollo, el equipo interdisciplinario debe mantener las estrategias de seguimiento en sesiones de apoyo hasta que se logre el progreso esperado. En el caso específico de los beneficiarios del servicio DAF, al recuperar su estado normal inician un ""año de protección"" (clasificados en Grupo J, Prioridad 4), donde se les continúa brindando el beneficio alimentario mientras el equipo asegura la consolidación de su estado nutricional y de desarrollo integral.","Source document: Procedimiento_Atencin_Interdisciplinaria_Malnutricin_Versin_02_2020.pdf; Normas-sustantivas-CEN-CINAI-30-09-2021.pdf
Page/section: Procedimiento_Atencin_Interdisciplinaria_Malnutricin_Versin_02_2020.pdf: Páginas 25, 31-32, 38, 45, 52 y 67-68 de 140; Normas-sustantivas-CEN-CINAI-30-09-2021.pdf: Página 13 de 20
Supporting excerpt: ""Grupo J Prioridad 4: Niños y niñas que reciben DAF y han recuperado su estado nutricional normal... se inicia el año de protección en DAF... para que controle el peso y talla a los 10 meses de estar en periodo de protección y verifique su ENU normal...""","No tengo suficiente información en el contexto proporcionado para responder específicamente sobre cómo el procedimiento maneja los casos en los que un niño o niña recupera su estado nutricional pero mantiene rezago en el desarrollo, incluyendo el concepto de ""período de protección"". El contexto menciona acciones para manejar el rezago en el desarrollo, pero no se hace referencia explícita a un ""período de protección"" en estos casos.","No tengo suficiente información para responder a la pregunta sobre cómo el procedimiento maneja los casos en los que un niño o niña recupera su estado nutricional pero mantiene rezago en el desarrollo, incluyendo el concepto de ""período de protección"", ya que este tema no se aborda explícitamente en el contexto proporcionado.","El contexto proporcionado no menciona el concepto de ""período de protección"" en relación con los casos en los que un niño o niña recupera su estado nutricional pero mantiene rezago en el desarrollo. Por lo tanto, no tengo suficiente información para responder a la pregunta."
abierta_011,abierta,"Explique las diferencias entre las modalidades ""intramuros"" y ""extramuros"" en cuanto a la frecuencia de vigilancia nutricional para un niño con estado nutricional normal.","En la modalidad intramuros (como API o Comidas Servidas), la vigilancia es más constante debido a la asistencia diaria del niño al establecimiento, permitiendo tamizajes según la programación de los servicios. Para la modalidad extramuros (como Distribución de Leche o DAF), un niño con estado nutricional normal en todos sus indicadores debe ser evaluado antropométricamente una vez al año. Sin embargo, si el niño presenta bajo peso en el indicador de Peso/Edad aun siendo normal en los demás, la frecuencia de evaluación en extramuros aumenta a dos veces por año.","Source document: Procedimiento_Vigilancia_Crecimientoydesarrollo_intrayextramurosUIVCD.pdf
Page/section: Página 17 de 45 (Tabla 2: Frecuencia de los tamizajes)
Supporting excerpt: ""Niña o niño con estado nutricional normal en todos los indicadores: Intramuros: dos veces al año. Extramuros: una vez al año.""","Según el contexto proporcionado, para un niño con estado nutricional normal (resultado global verde), la frecuencia de vigilancia nutricional varía dependiendo de la modalidad:

- **Modalidad Intramuros**: 
  - Niños menores de 3 años: Dos veces al año.
  - Niños mayores de 3 años: Una vez al año.

- **Modalidad Extramuros**: 
  - Niños menores de 3 años: Dos veces al año.
  - Niños mayores de 3 años: Una vez al año.

Por lo tanto, para un niño con estado nutricional normal, la frecuencia de vigilancia nutricional es la misma tanto en modalidad intramuros como extramuros.","Según el contexto proporcionado, las diferencias entre las modalidades ""intramuros"" y ""extramuros"" en cuanto a la frecuencia de vigilancia nutricional para un niño con estado nutricional normal son las siguientes:

- En la modalidad ""intramuros"", un niño menor de 3 años con resultados de adecuado en todas las áreas del desarrollo (global verde) debe ser evaluado dos veces al año cuando hay cambio de edad según la prueba. Un niño mayor de 3 años con resultados de adecuado en todas las áreas del desarrollo (global verde) debe ser evaluado una vez al año.

- En la modalidad ""extramuros"", la frecuencia de evaluación para niños con estado nutricional normal no se especifica de manera diferente a la modalidad ""intramuros"" en el texto proporcionado. Sin embargo, se menciona que en esta modalidad, las acciones de promoción del crecimiento y desarrollo se brindan periódicamente, lo que sugiere que la frecuencia de evaluación podría ser similar a la de la modalidad ""intramuros"" para niños con estado nutricional normal, pero con un enfoque en la atención en comunidades o zonas alejadas.

Es importante tener en cuenta que estas frecuencias pueden variar dependiendo de factores como la edad del niño, su estado de salud y otros indicadores de riesgo, y que la información proporcionada podría no ser exhaustiva en cuanto a todas las diferencias entre las modalidades ""intramuros"" y ""extramuros"".","Las modalidades ""intramuros"" y ""extramuros"" presentan diferencias en la frecuencia de vigilancia nutricional para un niño con estado nutricional normal, según el contexto proporcionado:

- **Modalidad Intramuros**: 
  - Niños menores de 3 años con resultados de adecuado en todas las áreas del desarrollo (global verde) son vigilados dos veces al año.
  - Niños mayores de 3 años con resultados de adecuado en todas las áreas del desarrollo (global verde) son vigilados una vez al año.

- **Modalidad Extramuros**: 
  - Niños menores de 3 años con resultados de adecuado en todas las áreas del desarrollo (global verde) son vigilados dos veces al año.
  - Niños mayores de 3 años con resultados de adecuado en todas las áreas del desarrollo (global verde) son vigilados una vez al año.

En ambos casos, la frecuencia de vigilancia nutricional para un niño con estado nutricional normal es similar, con dos veces al año para menores de 3 años y una vez al año para mayores de 3 años."
abierta_012,abierta,Compare los roles del Equipo de Área Técnica Regional y la UIVCD en cuanto a la planificación y ejecución de la asistencia técnica para el personal operativo.,"La UIVCD (Nivel Central) tiene un rol normativo y de diseño, encargándose de elaborar los modelos operativos, manuales y procedimientos de vigilancia que rigen a toda la institución. Por su parte, el Equipo de Área Técnica Regional (ATE) actúa como el enlace de supervisión directa, brindando asesoría técnica y acompañamiento en sitio al personal de las Oficinas Locales y establecimientos. Mientras la UIVCD analiza tendencias nacionales, el ATE regional monitorea el cumplimiento de las metas locales y la calidad del dato digitado en su región.","Source document: SISVENDIS-2023.pdf; Normas-sustantivas-CEN-CINAI-30-09-2021.pdf; Procedimiento_Vigilancia_Crecimientoydesarrollo_intrayextramurosUIVCD.pdf
Page/section: SISVENDIS-2023.pdf: Páginas 37 y 51 de 79 (Figura 4); Normas-sustantivas-CEN-CINAI-30-09-2021.pdf: Páginas 12, 17 y 19 de 20; Procedimiento_Vigilancia_Crecimientoydesarrollo_intrayextramurosUIVCD.pdf: Páginas 7 y 39 de 45
Supporting excerpt: ""Equipo de Área Técnica Regional: Planifica, convoca, ejecuta y reporta acciones de asesoría técnica... Equipo UIVCD: Planifica, convoca, ejecuta y reporta acciones de asistencia técnica en la mejora de capacidades... coordina con UNAT...""","Según el contexto proporcionado, el Equipo de Área Técnica Regional y la Unidad de Investigación y Vigilancia del Crecimiento y Desarrollo (UIVCD) tienen roles distintos pero complementarios en la planificación y ejecución de la asistencia técnica para el personal operativo.

El Equipo de Área Técnica Regional es responsable de articular, conducir y armonizar los contenidos técnicos interdisciplinarios, velar y supervisar el cumplimiento de la normativa, y dar soporte técnico al desarrollo de los procesos sustantivos en los niveles de gestión regional y local. Su papel incluye analizar y evaluar la información generada de la implementación de procesos sustantivos para la toma de decisiones, y proponer estrategias de cobertura y de mejoramiento de calidad de los servicios.

Por otro lado, la UIVCD se encarga de planificar, convocar, ejecutar y reportar acciones de asistencia técnica para mejorar las capacidades en la implementación de procedimientos de vigilancia y el uso de guías, instrumentos y normativa relacionada. También emite y da seguimiento a los reportes de asistencia técnica que planifica y realiza, mantiene actualizados los procedimientos relacionados con la vigilancia de la salud, estado nutricional, y desarrollo infantil, y mantiene la coordinación con la Unidad de Normalización y Asistencia Técnica (UNAT) sobre la armonización y actualización de la normativa relacionada con los servicios sustantivos.

En resumen, mientras el Equipo de Área Técnica Regional se enfoca en la supervisión y soporte técnico en los niveles regionales y locales, la UIVCD se centra en la planificación, ejecución y seguimiento de acciones de asistencia técnica para mejorar la implementación de procedimientos y normativa. Ambos equipos trabajan juntos para garantizar la calidad y eficacia de los servicios prestados.","Según el contexto proporcionado, tanto el Equipo de Área Técnica Regional como la Unidad de Investigación y Vigilancia del Crecimiento y Desarrollo (UIVCD) juegan roles importantes en la planificación y ejecución de la asistencia técnica para el personal operativo en el marco de la vigilancia del crecimiento y desarrollo infantil.

El Equipo de Área Técnica Regional se enfoca en articular, conducir y armonizar los contenidos técnicos interdisciplinarios, velar por el cumplimiento de la normativa, y brindar soporte técnico al desarrollo de los procesos sustantivos en los niveles de gestión regional y local de la Dirección Nacional de CEN-CINAI. También analiza y evalúa la información generada para la toma de decisiones y propone estrategias de cobertura y mejoramiento de la calidad de los servicios.

Por otro lado, la UIVCD se centra en la planificación, convocatoria, ejecución y reporte de acciones de asistencia técnica para mejorar las capacidades en la implementación de procedimientos de vigilancia y uso de guías, instrumentos y normativa relacionada. La UIVCD también emite y da seguimiento a los reportes de asistencia técnica, mantiene actualizados los procedimientos relacionados con la vigilancia de la salud, estado nutricional y desarrollo infantil, y colabora con la Unidad de Normalización y Asistencia Técnica (UNAT) para la armonización y actualización de la normativa.

En resumen, mientras que el Equipo de Área Técnica Regional se enfoca más en la armonización de contenidos técnicos, el cumplimiento de la normativa y el soporte técnico en los niveles regional y local, la UIVCD se centra en la planificación y ejecución de la asistencia técnica para mejorar las capacidades en la vigilancia del crecimiento y desarrollo infantil, y en la generación y seguimiento de reportes y procedimientos relacionados. Ambos equipos trabajan de manera complementaria para asegurar la calidad y eficacia de los servicios de vigilancia y atención interdisciplinaria en los CEN-CINAI.","El Equipo de Área Técnica Regional y la Unidad de Investigación y Vigilancia del Crecimiento y Desarrollo (UIVCD) tienen roles complementarios en la planificación y ejecución de la asistencia técnica para el personal operativo.

1. **Equipo de Área Técnica Regional**:
   - Es responsable de articular, conducir y armonizar los contenidos técnicos interdisciplinarios.
   - Supervisa el cumplimiento de la normativa y da soporte técnico al desarrollo de los procesos sustantivos en los niveles de gestión regional y local.
   - Analiza y evalúa la información generada durante la implementación de los procesos sustantivos para la toma de decisiones.
   - Propone estrategias de cobertura y de mejoramiento de la calidad de los servicios.
   - Realiza actividades de asesoría técnica, que incluyen recomendaciones verbales y escritas, y utiliza herramientas como correo electrónico, redes sociales, artículos, infografías, videos, y campañas informativas y de divulgación.

2. **Unidad de Investigación y Vigilancia del Crecimiento y Desarrollo (UIVCD)**:
   - Emite y da seguimiento a los reportes de asesoría técnica que planifica y realiza.
   - Implementa supervisión capacitante con calidad y oportunidad en los procedimientos de atención interdisciplinaria.
   - Emite reportes e infografía de datos básicos de vigilancia de salud, crecimiento y desarrollo, del ASISSEN, atención interdisciplinaria y otros.
   - Asesora a la persona Director Regional en temas de vigilancia del crecimiento y desarrollo, así como de los hallazgos.
   - Mantiene actualizada su conocimiento y dominio de la normativa sustantiva vigente.
   - Planifica, convoca, ejecuta y reporta acciones de asistencia técnica en la mejora de capacidades en la implementación de procedimientos de vigilancia y de uso de guías, instrumentos y normativa relacionada.
   - Emite y da seguimiento a los reportes de asistencia técnica que planifica y realiza.
   - Mantiene actualizada con calidad y oportunidad los procedimientos relacionados con la vigilancia de la salud, estado nutricional, desarrollo infantil.
   - Coordina con la Unidad de Normalización y Asistencia Técnica (UNAT) sobre la armonización y actualización de la normativa relacionada con los servicios sustantivos.
   - Elabora y emite informes anuales del nivel nacional de datos básicos de vigilancia de salud, crecimiento y desarrollo, del ASISSEN, atención interdisciplinaria y otros.
   - Planifica y ejecuta estudios de evaluación de efectos y otros relacionados con la vigilancia infantil.
   - Asesora a la persona Directora Técnica en temas de vigilancia del crecimiento y desarrollo, así como de los hallazgos.
   - Mantiene actualizada su conocimiento en sistemas de vigilancia.

En resumen, el Equipo de Área Técnica Regional se enfoca en la implementación, supervisión y asesoría técnica en los niveles"
abierta_013,abierta,Describa cómo evoluciona el proceso de cálculo de edad y selección de gráficas para un niño prematuro desde su nacimiento hasta los 4 años de edad.,"Durante las primeras etapas, se utiliza obligatoriamente la Edad Corregida (EC) y las gráficas de Fenton hasta las 50 semanas de edad gestacional. Posteriormente, para la valoración nutricional, se mantiene el uso de la EC hasta que el niño alcance los 3 años y 4 meses de edad cronológica, empleando los indicadores de Peso/Edad hasta los 2 años y Talla/Edad o Peso/Talla según corresponda. Al cumplir los 4 años, la corrección de edad cesa para efectos nutricionales y se aplican los patrones de referencia estándar de la OMS para su edad cronológica.","Source document: Procedimiento_Vigilancia_Crecimientoydesarrollo_intrayextramurosUIVCD.pdf; DVS_norma_nacional_uso_graficas_antropometricas_valoracion_nutriciol_0-19_2017.pdf; Manual-EDIN-II-final-2020.pdf
Page/section: Procedimiento_Vigilancia_Crecimientoydesarrollo_intrayextramurosUIVCD.pdf: Páginas 41-44 de 45; DVS_norma_nacional_uso_graficas_antropometricas_valoracion_nutriciol_0-19_2017.pdf: Páginas 2 y 7; Manual-EDIN-II-final-2020.pdf: Página 2 de 331
Supporting excerpt: ""Fenton 2013: hasta 50 semanas gestacionales..."" / ""Perímetro cefálico: menores de 1 año y 6 meses; Peso para edad: menores de 2 años; Talla para edad: menores de 3 años y 4 meses..."" / ""Peso para talla no requiere ningún ajuste en la edad...""","Para un niño nacido pretérmino, el proceso de cálculo de edad y la selección de gráficas para evaluar su estado nutricional evoluciona de la siguiente manera desde su nacimiento hasta los 4 años de edad:

1. **Nacimiento hasta 50 semanas de edad gestacional**: Se utiliza la edad gestacional corregida, que se calcula sumando las semanas de vida intrauterina (gestación) con las semanas transcurridas desde el nacimiento. Para esta etapa, se utilizan las gráficas de Fenton, 2013, que abarcan edades gestacionales desde las 22 hasta las 50 semanas. Estas gráficas incluyen indicadores como peso, perímetro cefálico y longitud.

2. **Posterior a las 50 semanas de edad gestacional hasta 1 año y 6 meses de edad cronológica**: Se continúa utilizando la edad corregida para evaluar el perímetro cefálico, pero se cambia a la edad cronológica para evaluar el peso y la talla. Se usan las gráficas patrón de Crecimiento OMS 2006 con edad corregida.

3. **De 1 año y 6 meses a 2 años de edad cronológica**: Se utiliza la edad cronológica para evaluar el perímetro cefálico y el peso, mientras que para la talla se sigue utilizando la edad corregida hasta los 3 años y 4 meses.

4. **De 2 años a 3 años y 4 meses de edad cronológica**: Se utiliza la edad cronológica para evaluar el peso y el perímetro cefálico, mientras que para la talla se sigue utilizando la edad corregida.

5. **Después de 3 años y 4 meses de edad cronológica**: Se utiliza la edad cronológica para todos los indicadores (peso, talla y perímetro cefálico).

Este proceso asegura que la evaluación del estado nutricional del niño pretérmino sea precisa y adecuada a sus necesidades específicas de crecimiento y desarrollo.","El proceso de cálculo de edad y selección de gráficas para un niño prematuro desde su nacimiento hasta los 4 años de edad implica varios pasos y consideraciones. A continuación, se describe cómo evoluciona este proceso:

1. **Nacimiento**: Se calcula la edad gestacional del niño prematuro en semanas. Esto es crucial para determinar el punto de partida para la evaluación de su crecimiento.

2. **Hasta las 50 semanas de edad gestacional**: Se utilizan las gráficas de Fenton 2013, que están diseñadas específicamente para niños prematuros. Estas gráficas permiten evaluar el peso, el perímetro cefálico y la longitud del niño en relación con su edad gestacional. La edad gestacional se calcula sumando las semanas de vida intrauterina a las semanas post-nacimiento.

3. **Más allá de las 50 semanas de edad gestacional**: Una vez que el niño supera las 50 semanas de edad gestacional, se comienza a utilizar la edad corregida para evaluar su crecimiento. La edad corregida se calcula restando la diferencia entre la edad gestacional a término (40 semanas) y la edad gestacional real al momento del nacimiento.

4. **Edad corregida para diferentes indicadores**:
   - **Perímetro cefálico para edad**: Se utiliza la edad corregida hasta los 1 año y 6 meses de edad cronológica. Después de esta edad, se utiliza la edad cronológica.
   - **Peso para edad**: Se utiliza la edad corregida hasta los 2 años de edad cronológica. Después de esta edad, se utiliza la edad cronológica.
   - **Talla para edad**: Se utiliza la edad corregida hasta los 3 años y 4 meses de edad cronológica. Después de esta edad, se utiliza la edad cronológica.
   - **Peso para talla**: No requiere ajuste de edad.

5. **Selección de gráficas**: Dependiendo de la edad del niño y si es prematuro o no, se seleccionan las gráficas adecuadas para evaluar su crecimiento. Para niños prematuros más allá de las 50 semanas de edad gestacional, se utilizan las gr","El proceso de cálculo de edad y selección de gráficas para un niño prematuro desde su nacimiento hasta los 4 años de edad se describe de la siguiente manera:

1. **Nacimiento hasta 50 semanas gestacionales**:
   - Se utiliza la **gráfica de Fenton 2013**, que considera la edad gestacional (semanas) como eje horizontal y el peso, perímetro cefálico y longitud como eje vertical.
   - La edad gestacional se calcula sumando las semanas de vida intrauterina (gestación) y las semanas postnacimiento (edad cronológica en semanas).

2. **Posterior a las 50 semanas gestacionales hasta los 4 años de edad cronológica**:
   - Se aplican las gráficas de crecimiento de la OMS 2006 con edad corregida, según los siguientes criterios:
     - **Perímetro cefálico para edad**: Se utiliza hasta los 1 año y 6 meses de edad cronológica.
     - **Peso para edad**: Se utiliza hasta los 2 años de edad cronológica.
     - **Talla para edad**: Se utiliza hasta los 3 años y 4 meses de edad cronológica.
   - Si el niño supera estos límites de edad cronológica, se utilizan las gráficas con edad cronológica sin ajustes.

Este enfoque asegura un seguimiento continuo y preciso del crecimiento y desarrollo del niño prematuro, adaptando las herramientas de evaluación según su edad gestacional y cronológica."
abierta_014,abierta,Explique el flujo de información de vigilancia desde que se registra un tamizaje en el expediente clínico hasta que los datos se consolidan a nivel regional.,"El flujo inicia con el registro manual del tamizaje (peso, talla, EDIN) en el expediente físico del menor por parte del personal operativo. Estos datos son trasladados luego a la herramienta digital Excel de la Oficina Local, marcando la casilla de ""digitado"" en el instrumento físico para control. Mensualmente, las Oficinas Locales consolidan su información y la remiten a la Dirección Regional, donde el equipo ATE supervisa la calidad y genera un informe regional anual que resume el estado nutricional y de desarrollo de su población.","Source document: SISVENDIS-2023.pdf; Procedimiento_Atencin_Interdisciplinaria_Malnutricin_Versin_02_2020.pdf
Page/section: SISVENDIS-2023.pdf: Páginas 37, 44-46 y 54-56 de 79; Procedimiento_Atencin_Interdisciplinaria_Malnutricin_Versin_02_2020.pdf: Páginas 33-35 de 140
Supporting excerpt: ""Establecimiento: Mantiene actualizados los registros de tamizajes en los expedientes... completa manualmente el Formulario datos de vigilancia... Oficina Local: Recopila y digita en la herramienta Excel... elabora el consolidado local y envía al nivel regional... Área Técnica Regional: Elabora el consolidado de dirección regional y envía al nivel nacional...""","El contexto proporcionado no contiene detalles específicos sobre cómo los datos de vigilancia se consolidan a nivel regional después de ser registrados en el expediente clínico. Se menciona que los resultados de los tamizajes y evaluaciones se registran en el expediente de la niña o niño y se actualizan conforme a la periodicidad establecida, pero no se explica el proceso de consolidación de estos datos a nivel regional. Por lo tanto, no tengo suficiente información para responder a la pregunta sobre el flujo de información hasta el nivel regional.","Según el contexto proporcionado, el flujo de información de vigilancia desde que se registra un tamizaje en el expediente clínico hasta que los datos se consolidan a nivel regional es el siguiente:

1. **Registro en el expediente clínico**: Los resultados de los tamizajes se registran en el expediente de la niña o niño, utilizando instrumentos como gráficas de crecimiento, hojas de respuestas EDIN II, EVADE, Visual, Auditivo, salud oral, entre otros.

2. **Actualización del expediente**: Los profesionales de la salud actualizan el expediente con los resultados de la vigilancia del crecimiento y desarrollo, según la periodicidad establecida y utilizando los instrumentos y registros establecidos para cada tipo de tamizaje o evaluación.

3. **Entrega de informes a padres o cuidadores**: Los resultados de la vigilancia del crecimiento y desarrollo se entregan a los padres, madres o personas cuidadoras, junto con recomendaciones para el seguimiento en el hogar.

4. **Consolidación de datos**: Aunque el contexto no proporciona detalles específicos sobre cómo se consolidan los datos a nivel regional, se menciona que los resultados de los tamizajes son comunicados a los padres, madres o personas responsables, y que se realizan acciones conjuntas hogar-CEN-CINAI para potenciar el adecuado crecimiento y desarrollo de la niñez.

5. **Sistema de vigilancia**: El contexto menciona el Sistema de Vigilancia del Estado Nutricional, del Desarrollo Infantil y Salud en CEN-CINAI (SISVENDIS), que es un modelo operativo para la vigilancia del crecimiento y desarrollo infantil. Es probable que los datos se consoliden a nivel regional a través de este sistema, aunque no se proporcionan detalles específicos sobre el proceso.

En resumen, el flujo de información de vigilancia implica el registro de los resultados de los tamizajes en el expediente clínico, la actualización del expediente, la entrega de informes a los padres o cuidadores, y la posible consolidación de datos a través del Sistema de Vigilancia del Estado Nutricional, del Desarrollo Infantil y Salud en CEN-CINAI (SISVENDIS). Sin embargo, se","El flujo de información de vigilancia desde que se registra un tamizaje en el expediente clínico hasta que los datos se consolidan a nivel regional se describe de la siguiente manera:

1. **Registro del Tamizaje**: Cuando se realiza un tamizaje o evaluación del crecimiento y desarrollo de una niña o niño, los resultados se anotan en su expediente clínico. Esto incluye datos como peso, talla, edad, sexo, y cualquier otro dato relevante para evaluar el estado nutricional y desarrollo.

2. **Actualización del Expediente**: Los profesionales de salud actualizan el expediente de la niña o niño con los resultados del tamizaje, utilizando los instrumentos y registros establecidos, como gráficas de crecimiento, hojas de respuestas (EDIN II, EVADE, etc.), y otros documentos específicos.

3. **Generación de Reportes**: Se completa una hoja de reporte al hogar, que incluye los resultados del tamizaje, una explicación de la situación del infante y recomendaciones para el seguimiento en el hogar. Este reporte se entrega a los padres, madres o personas cuidadoras.

4. **Seguimiento y Refuerzo**: Los profesionales de salud aseguran que los resultados y recomendaciones sean entendidos y aplicados en el entorno familiar, promoviendo acciones conjuntas entre el hogar y CEN-CINAI para potenciar el adecuado crecimiento y desarrollo.

5. **Consolidación de Datos a Nivel Regional**: Los datos de los tamizajes y evaluaciones se consolidan en los sistemas de vigilancia, como el SISVENDIS, que permite monitorear y analizar las tendencias a nivel regional. Esto facilita la toma de decisiones informadas y la implementación de acciones preventivas y correctivas.

6. **Supervisión y Autoevaluación**: Se realizan actividades de autoevaluación y supervisión para asegurar que el procedimiento de vigilancia se cumpla con la periodicidad y calidad establecidas, lo que contribuye a la consolidación de datos precisos y actualizados a nivel regional.

Este flujo de información asegura que los datos de vigilancia sean registrados, actualizados, reportados y consolidados de manera efectiva, permitiendo una atención interdisciplinaria y una gestión integral del crecimiento y desarrollo infantil."
abierta_015,abierta,"Analice cómo el ""enfoque de salud pública"" obliga al personal a considerar factores no antropométricos al interpretar un estado nutricional inadecuado.","Este enfoque impone una visión de integralidad, donde el personal no puede limitarse a reportar un peso bajo, sino que debe investigar las causas raíz en el entorno del niño. Factores como el hacinamiento, la falta de agua potable, el destete temprano o el nivel educativo de la madre son determinantes críticos que deben anotarse en el expediente y considerarse en la sesión interdisciplinaria. La interpretación del estado nutricional se convierte así en un diagnóstico social que guía intervenciones orientadas a modificar las condiciones de vida y no solo la ingesta calórica.","Source document: SISVENDIS-2023.pdf; Procedimiento_Atencin_Interdisciplinaria_Malnutricin_Versin_02_2020.pdf
Page/section: SISVENDIS-2023.pdf: Páginas 15, 36-37 y 50-52 de 79; Procedimiento_Atencin_Interdisciplinaria_Malnutricin_Versin_02_2020.pdf: Páginas 3, 8, 23 y 39-45 de 140
Supporting excerpt: ""Enfoque de salud pública en la atención de la malnutrición: Reconoce los determinantes sociales de la salud... la atención al niño o niña con malnutrición debe ser planificada y abordada en respuesta a los múltiples factores..."" / ""...el equipo de profesionales define de manera conjunta y colaborativa, el nivel de prioridad de cada caso, considerando aspectos de salud, estado nutricional, nivel del desarrollo, datos del grupo familiar, riesgo social...""","El contexto proporcionado no contiene información específica sobre cómo el ""enfoque de salud pública"" obliga al personal a considerar factores no antropométricos al interpretar un estado nutricional inadecuado. Por lo tanto, no puedo responder a la pregunta basándome únicamente en la información dada.","El enfoque de salud pública obliga al personal a considerar factores no antropométricos al interpretar un estado nutricional inadecuado porque abarca una perspectiva más amplia que incluye los determinantes sociales, económicos, culturales y ambientales que influyen en la salud y la nutrición de las personas. Esto significa que, además de los indicadores antropométricos como el peso, la talla y el índice de masa corporal, el personal debe considerar factores como el acceso a alimentos nutritivos, la educación nutricional, las condiciones socioeconómicas, el entorno físico y las políticas de salud, entre otros.

Al considerar estos factores, el personal puede identificar las causas subyacentes de un estado nutricional inadecuado y desarrollar intervenciones más efectivas y sostenibles para abordarlos. Por ejemplo, si un niño presenta desnutrición, el personal debe considerar si el problema se debe a la falta de acceso a alimentos nutritivos, a la falta de educación nutricional de los padres, a la pobreza o a otros factores.

En este sentido, el enfoque de salud pública promueve una comprensión más integral de la nutrición y la salud, y fomenta la colaboración interdisciplinaria entre profesionales de la salud, educadores, trabajadores sociales y otros actores para abordar los problemas de salud y nutrición de manera más efectiva.

En el contexto de la vigilancia nutricional, este enfoque permite al personal de salud:

1. Identificar a las poblaciones más vulnerables y desarrollar intervenciones específicas para abordar sus necesidades.
2. Desarrollar programas de educación nutricional y promoción de la salud que se adapten a las necesidades y contextos locales.
3. Trabajar con las comunidades y los líderes locales para desarrollar políticas y programas que promuevan la salud y la nutrición.
4. Monitorear y evaluar los resultados de las intervenciones y ajustarlas según sea necesario.

En resumen, el enfoque de salud pública obliga al personal a considerar factores no antropométricos al interpretar un estado nutricional inad","El enfoque de salud pública obliga al personal a considerar factores no antropométricos al interpretar un estado nutricional inadecuado, ya que la vigilancia de la salud trasciende la vigilancia epidemiológica e incluye el seguimiento y análisis de los determinantes clave que, desde las dimensiones socioeconómica y cultural, ambiental, biológica y de servicios de salud, producen un efecto significativo, positivo o negativo, sobre la salud. Esto implica que, además de las medidas antropométricas, se deben considerar aspectos como las condiciones socioeconómicas, culturales, ambientales y el acceso a servicios de salud, que pueden influir en el estado nutricional de las poblaciones."
abierta_016,abierta,Describa la relación entre los 10 elementos del modelo SISVENDIS y el objetivo institucional de mejorar la toma de decisiones basada en evidencia.,"Los elementos del SISVENDIS (que incluyen recursos, tamizajes, procesamiento y análisis de datos) están diseñados para crear un sistema de información veraz y continuo. Al sistematizar la recolección de datos desde el nivel local hasta el nacional, la institución garantiza que las decisiones gerenciales, como la asignación de presupuestos o la actualización de normas, se basen en resultados reales de salud y desarrollo infantil. Esto permite observar tendencias de recuperación y evaluar la efectividad de los servicios de CEN-CINAI en la mejora de la calidad de vida de los niños.","Source document: SISVENDIS-2023.pdf
Page/section: Páginas 26 y 40-44 de 79 (Sección A. Elementos del Modelo Operativo)
Supporting excerpt: ""10. Uso de información: promueve el adecuado, oportuno y pertinente uso de la información disponible para las propuestas de mejora en las modalidades de atención... para asegurar la toma de decisiones con evidencia.""","Los 10 elementos del modelo SISVENDIS están diseñados para apoyar el objetivo institucional de mejorar la toma de decisiones basada en evidencia de la siguiente manera:

1. **Elementos del Modelo**: Estos elementos proporcionan una estructura completa para la vigilancia del estado nutricional, desarrollo infantil y salud, asegurando que se recolecten, procesen y analicen datos de manera sistemática y oportuna.

2. **Sistematización, Interpretación y Documentación**: Los informes generados desde diferentes niveles (local, regional, nacional) sistematizan, interpretan y documentan el análisis realizado, proporcionando conclusiones y recomendaciones que ayudan a tomar decisiones informadas.

3. **Comunicación y Divulgación de Informes**: La transmisión de la información recolectada permite que los tomadores de decisiones accedan a los resultados clave, lo que facilita la toma de decisiones basada en evidencia.

4. **Uso de Información**: Promueve el uso adecuado, oportuno y pertinente de la información para proponer mejoras en las modalidades de atención, asegurando que las decisiones estén respaldadas por datos.

5. **Estrategias Innovadoras y Seguimiento**: Las personas tomadoras de decisiones, junto con sus equipos, establecen estrategias innovadoras y brindan seguimiento a la mejora de la calidad en la prestación de servicios, asegurando que las decisiones se basen en evidencia.

En resumen, los 10 elementos del modelo SISVENDIS trabajan en conjunto para proporcionar una base sólida de datos procesados y analizados, lo que permite a los tomadores de decisiones en la Dirección Nacional de CEN-CINAI y otras instituciones tomar decisiones informadas y mejorar la calidad de la atención brindada a la población infantil.","Los 10 elementos del modelo SISVENDIS están diseñados para apoyar el objetivo institucional de mejorar la toma de decisiones basada en evidencia. Estos elementos incluyen la planificación, la definición de indicadores, la recolección de datos, el procesamiento y análisis de datos, la generación de informes, la comunicación y divulgación de informes, y el uso de información, entre otros.

La relación entre estos elementos y el objetivo institucional se puede describir de la siguiente manera:

1. **Planificación y definición de indicadores**: Estos elementos permiten identificar las necesidades de información y establecer metas claras para la recolección de datos.
2. **Recolección de datos**: La recolección de datos de alta calidad es fundamental para tomar decisiones informadas.
3. **Procesamiento y análisis de datos**: El procesamiento y análisis de los datos permiten identificar tendencias, patrones y áreas de mejora.
4. **Generación de informes**: Los informes generados a partir de los datos analizados proporcionan una visión clara de la situación y permiten identificar áreas de mejora.
5. **Comunicación y divulgación de informes**: La comunicación efectiva de los resultados a los tomadores de decisiones es crucial para que puedan tomar decisiones informadas.
6. **Uso de información**: El uso de la información generada por el SISVENDIS permite a los tomadores de decisiones tomar decisiones basadas en evidencia, lo que a su vez contribuye a mejorar la calidad de los servicios y la atención a la población beneficiaria.

En resumen, los 10 elementos del modelo SISVENDIS trabajan juntos para proporcionar una base de datos sólida y confiable, que permita a los tomadores de decisiones tomar decisiones informadas y mejorar la calidad de los servicios. Esto se logra a través de la planificación, la recolección de datos, el análisis, la generación de informes, la comunicación y el uso de la información, lo que en última instancia contribuye a mejorar la toma de decisiones basada en evidencia y a alcanzar los objetivos institucionales.","El modelo SISVENDIS consta de 10 elementos que trabajan en conjunto para mejorar la toma de decisiones basada en evidencia. Estos elementos incluyen la sistematización, interpretación y documentación de datos, la comunicación y divulgación de informes, y el uso adecuado de la información para proponer mejoras en la atención. Además, el modelo promueve la creación de informes ejecutivos que contienen conclusiones y recomendaciones, lo que facilita la toma de decisiones informada por parte de los tomadores de decisiones a nivel local, regional y nacional. Todo esto se alinea con el objetivo institucional de CEN-CINAI de mejorar la calidad de atención y la gestión de recursos, asegurando que las decisiones se basen en datos procesados, analizados y relevantes."
abierta_017,abierta,Explique cuáles son las responsabilidades específicas de la persona profesional en Nutrición de la Oficina Local cuando se detecta un niño con necesidades especiales de crecimiento.,"El nutricionista es el responsable técnico de realizar la clasificación definitiva del estado nutricional utilizando patrones de crecimiento específicos (como los de Síndrome de Down o Acondroplasia) en lugar del estándar OMS 2006. Debe verificar la precisión de los datos de detección mediante el uso del software Anthro de la OMS y anotar el patrón utilizado en el expediente. Además, lidera el acompañamiento técnico del personal ASSC para asegurar que las mediciones en estos casos complejos mantengan los más altos estándares de calidad.","Source document: SISVENDIS-2023.pdf; Procedimiento_Vigilancia_Crecimientoydesarrollo_intrayextramurosUIVCD.pdf; Procedimiento_Atencin_Interdisciplinaria_Malnutricin_Versin_02_2020.pdf
Page/section: SISVENDIS-2023.pdf: Páginas 31 y 50 de 79; Procedimiento_Vigilancia_Crecimientoydesarrollo_intrayextramurosUIVCD.pdf: Páginas 13, 22 y 45 de 45; Procedimiento_Atencin_Interdisciplinaria_Malnutricin_Versin_02_2020.pdf: Página 12 de 140
Supporting excerpt: ""La clasificación del estado nutricional lo realiza la persona profesional en nutrición... Manual para la evaluación del estado nutricional de niñas y niños con necesidades especiales... En casos donde no se dispone de patrón de crecimiento específico, se refiere el caso a la Unidad de Investigación y Vigilancia del Crecimiento y Desarrollo, para emitir criterio...""","Según el contexto proporcionado, cuando se detecta un niño con necesidades especiales de crecimiento, la persona profesional en Nutrición de la Oficina Local tiene la responsabilidad de:

- Anotar el patrón de crecimiento utilizado para la evaluación del niño.
- Registrar el estado nutricional obtenido en la evaluación, teniendo en cuenta la necesidad especial del niño.
- Realizar la clasificación del estado nutricional del niño, considerando sus necesidades especiales de crecimiento.

Estas acciones se llevan a cabo utilizando documentos como el Manual operativo para la evaluación del estado nutricional con medidas antropométricas de las niñas y niños de los CEN-CINAI y el Manual para la evaluación del estado nutricional de niñas y niños con necesidades especiales en su crecimiento que reciben los servicios de CEN-CINAI.","La persona profesional en Nutrición de la Oficina Local tiene las siguientes responsabilidades específicas cuando se detecta un niño con necesidades especiales de crecimiento:

1. **Evaluación del estado nutricional**: La persona profesional en Nutrición es responsable de evaluar el estado nutricional del niño con necesidades especiales de crecimiento, utilizando patrones de crecimiento específicos y realizando mediciones antropométricas.
2. **Clasificación del estado nutricional**: La persona profesional en Nutrición clasifica el estado nutricional del niño con necesidades especiales de crecimiento, utilizando manuales operativos y disposiciones específicas.
3. **Asignación de plan de atención interdisciplinaria**: La persona profesional en Nutrición, como parte del equipo interdisciplinario, asigna un plan de atención interdisciplinaria para el niño con necesidades especiales de crecimiento.
4. **Seguimiento y monitoreo**: La persona profesional en Nutrición es responsable de realizar seguimiento y monitoreo del crecimiento y desarrollo del niño con necesidades especiales de crecimiento, según la frecuencia establecida en la tabla 2 de frecuencia de tamizajes o evaluaciones.
5. **Completar la sección de evaluación nutricional**: La persona profesional en Nutrición completa la sección de evaluación nutricional en el instrumento de detección del niño o niña con malnutrición, anotando el patrón de crecimiento utilizado y el estado nutricional obtenido en la evaluación.

En resumen, la persona profesional en Nutrición de la Oficina Local juega un papel fundamental en la evaluación, clasificación y seguimiento del estado nutricional de los niños con necesidades especiales de crecimiento, y en la asignación de planes de atención interdisciplinaria para asegurar su crecimiento y desarrollo saludable.","Las responsabilidades específicas de la persona profesional en Nutrición de la Oficina Local cuando se detecta un niño con necesidades especiales de crecimiento son las siguientes:

1. **Evaluación Nutricional**: Realizar una evaluación nutricional mediante mediciones antropométricas, considerando las necesidades especiales del niño, como nacimiento pretérmino, acondroplasia, síndrome de Down o condiciones de salud crónica que afectan el crecimiento.

2. **Clasificación del Estado Nutricional**: Utilizar los manuales operativos para determinar el estado nutricional del niño, teniendo en cuenta las necesidades especiales y las mediciones antropométricas.

3. **Plan de Atención Interdisciplinaria**: Colaborar con el equipo interdisciplinario para valorar y asignar un plan de atención específico, asegurando que se cumplan las notificaciones obligatorias al Área Rectora más cercana y completando la boleta VE01.

4. **Seguimiento y Monitoreo**: Realizar seguimientos periódicos según las indicaciones, como mínimo cuatro veces al año para niños con desnutrición, desnutrición severa, baja talla o baja talla severa, y dos veces al año para niños con sobrepeso u obesidad.

5. **Documentación**: Completar los instrumentos de detección y notificación correspondientes, como la boleta VE01, y asegurar que se registren todos los datos solicitados.

6. **Referencia al Equipo Interdisciplinario**: Refiriendo al niño al equipo interdisciplinario para su atención integral y asegurando que se cumplan las notificaciones obligatorias.

Estas responsabilidades se basan en los procedimientos establecidos en los manuales y disposiciones mencionados en el contexto proporcionado."
abierta_018,abierta,Compare los requerimientos de tamizaje y los indicadores utilizados para la valoración nutricional integral en niños menores de 5 años frente a los mayores de 5 años.,"Para los menores de 5 años, los requerimientos incluyen tamizajes de Peso/Edad, Peso/Talla, Talla/Edad y la evaluación del desarrollo mediante EDIN II, sumado al control trimestral de placa bacteriana para mayores de 3 años en API. En contraste, para los mayores de 5 años, el indicador Peso/Talla se elimina y se utiliza obligatoriamente el IMC, se mantiene Talla/Edad y la evaluación del desarrollo migra a la prueba EVADE. Esta diferenciación asegura que los instrumentos de vigilancia sean sensibles a los cambios biológicos y demandas cognitivas de cada grupo etario.","Source document: DVS_norma_nacional_uso_graficas_antropometricas_valoracion_nutriciol_0-19_2017.pdf; Manual-operativo-Evaluacion-estado-nutricional-2019.pdf; Procedimiento_Vigilancia_Crecimientoydesarrollo_intrayextramurosUIVCD.pdf; SISVENDIS-2023.pdf
Page/section: DVS_norma_nacional_uso_graficas_antropometricas_valoracion_nutriciol_0-19_2017.pdf: Página 2; Manual-operativo-Evaluacion-estado-nutricional-2019.pdf: Páginas 8 y 11 de 48; Procedimiento_Vigilancia_Crecimientoydesarrollo_intrayextramurosUIVCD.pdf: Páginas 10, 15-16 y 22 de 45; SISVENDIS-2023.pdf: Páginas 31-35 de 79
Supporting excerpt: ""En niños y niñas menores de 5 años se debe utilizar los tres indicadores antropométricos peso para edad, peso para talla y talla para edad... Para igual o mayores de 5 años (≥5 años): Se requiere la información de los indicadores IMC y T/E...""","Para niños menores de 5 años, se deben utilizar tres indicadores antropométricos para una valoración nutricional integral: peso para edad, peso para talla y talla para edad. Estos indicadores deben ser analizados de manera conjunta, ya que por sí solos no permiten identificar adecuadamente el estado nutricional.

En cambio, para niños, niñas y adolescentes de 5 a menos de 19 años de edad, se deben analizar conjuntamente los indicadores de talla para edad e IMC (Índice de Masa Corporal) para lograr una valoración nutricional adecuada e integral.

Por lo tanto, la diferencia principal radica en que para niños menores de 5 años se enfoca en el peso y la talla en relación con la edad, mientras que para aquellos mayores de 5 años se considera la talla en relación con la edad y el IMC.","En niños menores de 5 años, se deben utilizar los tres indicadores antropométricos: peso para edad, peso para talla y talla para edad, para obtener una valoración nutricional integral. En cambio, en niños y adolescentes de 5 a menos de 19 años, se deben analizar de manera conjunta los indicadores de talla para edad e Índice de Masa Corporal (IMC) para una valoración nutricional integral.

En específico, para niños menores de 5 años, se utilizan las gráficas de:

* Peso para edad
* Peso para talla
* Talla para edad

Mientras que para niños y adolescentes de 5 a menos de 19 años, se utilizan las gráficas de:

* Talla para edad
* Índice de Masa Corporal (IMC)

Además, en niños nacidos antes de las 37 semanas, se deben utilizar las gráficas de crecimiento para niños nacidos pretérmino, y posteriormente se dará seguimiento con las gráficas correspondientes y la edad corregida.

En resumen, los requerimientos de tamizaje y los indicadores utilizados para la valoración nutricional integral varían según la edad del niño, con un enfoque más integral en niños menores de 5 años que incluye tres indicadores antropométricos, y un enfoque más específico en niños y adolescentes de 5 a menos de 19 años que incluye la talla para edad y el IMC.","Para niños menores de 5 años, los requerimientos de tamizaje y los indicadores utilizados para la valoración nutricional integral incluyen:

1. **Indicadores antropométricos**:
   - Peso para edad (P/E).
   - Peso para talla (P/T).
   - Talla para edad (T/E).

2. **Clasificaciones del estado nutricional**:
   - Peso Alto (PA).
   - Normal (NL).
   - Bajo Peso (B).
   - Bajo Peso Severo (BPS).
   - Obesidad (O).
   - Sobre peso (SP).
   - Desnutrición (DE).
   - Desnutrición Severa (DES).
   - Muy Alto (MA).
   - Alto (AL).
   - Baja Talla (BT).
   - Baja Talla Severa (BTS).

Para niños iguales o mayores de 5 años (≥5 años), los requerimientos de tamizaje y los indicadores utilizados para la valoración nutricional integral incluyen:

1. **Indicadores antropométricos**:
   - Índice de Masa Corporal (IMC) para edad y sexo.
   - Talla para edad (T/E).

2. **Clasificaciones del estado nutricional**:
   - Obesidad (OB).
   - Sobre peso (SP).
   - Normal (NL).
   - Desnutrición (DE).
   - Desnutrición Severa (DES).
   - Muy Alto (MA).
   - Alto (AL).
   - Baja Talla (BT).
   - Baja Talla Severa (BTS).

En ambos grupos, se requiere realizar referencias a un establecimiento de salud de acuerdo con los protocolos institucionales e intersectoriales establecidos, en caso de observar clasificaciones fuera del rango normal."
abierta_019,abierta,"Explique la importancia de las ""líneas de tendencia"" en las gráficas de crecimiento y cómo deben representarse visualmente en el expediente según los manuales.","Las líneas de tendencia son fundamentales para el seguimiento clínico porque permiten observar la velocidad y dirección del crecimiento en el tiempo, lo cual es más informativo que un dato aislado. Visualmente, se representan uniendo con una línea recta los puntos resultantes de al menos dos mediciones sucesivas ploteadas en las gráficas de crecimiento del expediente. Una línea plana o descendente es un signo de alerta que requiere atención inmediata del equipo interdisciplinario, incluso si el niño aún se encuentra dentro de los rangos considerados normales.","Source document: Manual-operativo-Evaluacion-estado-nutricional-2019.pdf; DVS_norma_nacional_uso_graficas_antropometricas_valoracion_nutriciol_0-19_2017.pdf; Procedimiento_Vigilancia_Crecimientoydesarrollo_intrayextramurosUIVCD.pdf
Page/section: Manual-operativo-Evaluacion-estado-nutricional-2019.pdf: Páginas 14-15 y 28-30 de 48; DVS_norma_nacional_uso_graficas_antropometricas_valoracion_nutriciol_0-19_2017.pdf: Páginas 2-5; Procedimiento_Vigilancia_Crecimientoydesarrollo_intrayextramurosUIVCD.pdf: Página 21 de 45
Supporting excerpt: ""Cuando hay puntos marcados de dos o más visitas, una los puntos con una línea recta para conocer la tendencia."" / ""Tendencia: Evolución de dos o más mediciones en el tiempo, se puede visualizar en el tiempo trazando una línea que se realiza al unir dos o más puntos en una gráfica...""","Las ""líneas de tendencia"" en las gráficas de crecimiento son importantes porque permiten observar la evolución del crecimiento y el estado nutricional de un niño o niña a lo largo del tiempo. Estas líneas ayudan a identificar si el crecimiento es normal, si hay un problema de crecimiento o si hay cambios significativos en el estado nutricional del niño.

Visualmente, en el expediente, estas líneas de tendencia deben representarse trazando una línea que conecta los puntos de medición de peso, talla, y/o IMC (Índice de Masa Corporal) en las gráficas correspondientes. Según los manuales proporcionados, se pueden presentar tres tipos de tendencias:

1. **Línea Ascendente**: Indica un crecimiento normal y esperado, donde tanto la talla como el peso aumentan con el tiempo. Sin embargo, en el caso de niños o niñas con sobrepeso u obesidad, una tendencia ascendente sería inadecuada.

2. **Línea Horizontal**: Significa que la talla o el peso no han aumentado con el tiempo, lo que puede ser una señal de alerta, especialmente si el niño o niña está en una etapa de rápido crecimiento. Sin embargo, en niños o niñas con sobrepeso u obesidad, una línea horizontal puede ser considerada adecuada.

3. **Línea Descendente**: Indica que el peso ha disminuido mientras la talla se mantiene constante o aumenta, lo que puede ser una señal de alerta, especialmente en casos de desnutrición, desnutrición severa o normalidad.

Para representar estas líneas visualmente, se debe marcar cada punto de medición en la gráfica correspondiente (talla para edad, peso para talla, IMC para edad) y luego conectar estos puntos con una línea continua. Esto permite observar claramente la tendencia general del crecimiento y el estado nutricional del niño o niña.","Las ""líneas de tendencia"" en las gráficas de crecimiento son fundamentales para evaluar el progreso de un niño o niña en términos de su desarrollo físico y nutricional. Estas líneas se trazan en gráficas específicas, como la gráfica de talla para edad, gráfica de peso para talla y gráfica de índice de masa corporal (IMC) para edad, y reflejan cómo ha cambiado el peso, la talla o el IMC de un niño o niña a lo largo del tiempo.

La importancia de estas líneas radica en que permiten a los profesionales de la salud identificar patrones de crecimiento que pueden indicar si un niño o niña está desarrollándose de manera saludable o si existe algún problema nutricional o de crecimiento que requiere atención. Por ejemplo:

1. **Línea Ascendente**: En la gráfica de talla para edad, una línea ascendente es normal y esperada, indicando que el niño o niña está creciendo en talla de manera adecuada con el paso del tiempo. Sin embargo, en el contexto de la gráfica de peso para talla, una línea ascendente en un niño con sobrepeso u obesidad podría ser inadecuada, sugiriendo un aumento de peso no saludable.

2. **Línea Horizontal**: En la gráfica de talla para edad, una línea horizontal es una alerta, ya que sugiere que el niño o niña no ha aumentado de talla en el período de tiempo considerado, lo que podría indicar problemas de crecimiento. En niños o niñas con sobrepeso u obesidad, una línea horizontal en la gráfica de peso para talla podría ser adecuada, indicando que el peso se ha estabilizado.

3. **Línea Descendente**: En la gráfica de peso para talla, una línea descendente indica que el peso ha disminuido mientras que la talla ha aumentado o se ha mantenido, lo que puede ser una señal de alerta en casos de desnutrición o desnutrición severa, pero adecuado en casos de sobrepeso u obesidad.

Para representar visualmente estas líneas de tendencia en el expediente","Las ""líneas de tendencia"" en las gráficas de crecimiento son esenciales para evaluar el desarrollo y el estado nutricional de un niño o niña. Según los manuales proporcionados, estas líneas se utilizan para observar el comportamiento del crecimiento a lo largo del tiempo y pueden presentarse de las siguientes formas:

1. **Línea Ascendente**: Indica un crecimiento normal o esperado, donde la talla aumenta con el tiempo. Es considerado normal si el crecimiento se mantiene paralelo a la línea media (DE igual a 0), incluso si la estatura es baja para la edad. Sin embargo, en casos de sobrepeso u obesidad, una tendencia ascendente puede ser inadecuada.

2. **Línea Horizontal**: Significa que la talla no ha aumentado con el tiempo, lo que puede ser una alerta, ya que el niño o niña no está creciendo al ritmo esperado. Es importante considerar que el ritmo de crecimiento puede desacelerarse a partir de los 16 años en niñas y 17 años en niños, por lo que una línea horizontal podría ser normal en estos casos.

3. **Línea Descendente**: Indica que el peso ha disminuido mientras la talla se mantiene o aumenta, lo que puede ser una señal de alerta, especialmente en casos de desnutrición, desnutrición severa o normal. En niños con sobrepeso u obesidad, una tendencia descendente puede ser adecuada.

Visualmente, en el expediente, las líneas de tendencia se representan trazando una marca visible en la intersección de la edad y el valor correspondiente (talla, peso, IMC) en las gráficas. Estas marcas se conectan para formar una línea que refleje la tendencia del crecimiento a lo largo del tiempo.

En resumen, las líneas de tendencia son herramientas clave para monitorear el desarrollo y detectar posibles problemas de nutrición o crecimiento, y deben representarse como líneas continuas que reflejen el comportamiento del crecimiento en las gráficas de crecimiento."
abierta_020,abierta,Describa cómo la actualización de SISVENDIS 2023 integra la vigilancia de la salud oral y la diversidad alimentaria como complementos a la vigilancia nutricional tradicional.,"El SISVENDIS 2023 trasciende la antropometría básica al incluir la ""Consulta sobre diversidad alimentaria mínima"", que evalúa la calidad de la dieta del niño, y la vigilancia de la salud oral mediante el odontograma trimestral para detectar placa bacteriana. Estos complementos permiten identificar riesgos de salud antes de que se manifiesten como alteraciones de peso o talla. Al integrar estos factores en la herramienta de vigilancia institucional, CEN-CINAI fortalece su capacidad de respuesta temprana ante carencias de micronutrientes y malos hábitos de higiene.","Source document: SISVENDIS-2023.pdf; Procedimiento_Vigilancia_Crecimientoydesarrollo_intrayextramurosUIVCD.pdf
Page/section: SISVENDIS-2023.pdf: Páginas 29, 33, 35 y 75-79 de 79; Procedimiento_Vigilancia_Crecimientoydesarrollo_intrayextramurosUIVCD.pdf: Páginas 16 y 24-28 de 45
Supporting excerpt: ""Se actualizan los tamizajes de: Consulta sobre diversidad alimentaria mínima y frecuencia de consumo... odontograma para el control anual de placa bacteriana HOMA..."" / ""HOMA: higiene oral para el control anual de placa bacteriana... Trimestral (intramuros).""","No tengo suficiente información en el contexto proporcionado para describir cómo la actualización de SISVENDIS 2023 integra la vigilancia de la salud oral y la diversidad alimentaria como complementos a la vigilancia nutricional tradicional. El contexto menciona varios aspectos del SISVENDIS, pero no se hace referencia específica a la vigilancia de la salud oral ni a la diversidad alimentaria.","No tengo suficiente información para describir cómo la actualización de SISVENDIS 2023 integra la vigilancia de la salud oral y la diversidad alimentaria como complementos a la vigilancia nutricional tradicional, ya que el contexto proporcionado no menciona específicamente estos aspectos.","La actualización de SISVENDIS 2023 integra la vigilancia de la salud oral y la diversidad alimentaria como complementos a la vigilancia nutricional tradicional mediante la inclusión de estos factores como parte de los tamizajes y análisis realizados. Esto se logra a través de la recolección de datos relacionados con la salud bucal y la diversidad alimentaria, los cuales se registran en los expedientes individuales de las niñas y los niños. Estos datos permiten una evaluación más completa del estado nutricional y del desarrollo infantil, facilitando la identificación de riesgos y la implementación de estrategias de atención más efectivas."
abierta_021,abierta,Explique el procedimiento paso a paso para realizar el cálculo de la edad corregida en un niño prematuro según el Manual EDIN II.,"El proceso inicia restando la edad gestacional del niño (en semanas) a las 40 semanas que representan un embarazo a término para obtener las semanas de prematurez. Posteriormente, estas semanas deben restarse a la edad cronológica actual del niño al momento de la evaluación. Este ajuste técnico es obligatorio para la aplicación de la prueba EDIN II en menores de 2 años y para la valoración nutricional en menores de 3 años y 4 meses. El resultado final debe registrarse en los instrumentos oficiales utilizando las iniciales ""EC"" para diferenciarlo de la edad cronológica.","Source document: Manual-EDIN-II-final-2020.pdf; Procedimiento_Vigilancia_Crecimientoydesarrollo_intrayextramurosUIVCD.pdf
Page/section: Manual-EDIN-II-final-2020.pdf: Página 2 de 331; Procedimiento_Vigilancia_Crecimientoydesarrollo_intrayextramurosUIVCD.pdf: Páginas 43-44 de 45
Supporting excerpt: ""1. Obtener datos de edad cronológica en semanas: Edad cronológica en meses x 4... 2. Cálculo de semanas pretérmino: 40 - semanas de gestación pretérmino... 3. Cálculo edad corregida en semanas: Edad cronológica en semanas - semanas pretérmino... 4. Cálculo edad corregida en meses: Edad corregida en semanas / 4...""","Según el contexto proporcionado, el procedimiento paso a paso para calcular la edad corregida en un niño prematuro es el siguiente:

1. **Obtener datos de edad cronológica en semanas**: Convierte la edad cronológica del niño en semanas. Esto se hace multiplicando el número de meses por 4 (ya que se considera que un mes equivale a 4 semanas). Los días no se consideran en este cálculo. Por ejemplo, si el niño tiene 8 meses de edad cronológica, la edad cronológica en semanas sería 8 * 4 = 32 semanas.

2. **Cálculo de semanas pretérmino**: Calcula el número de semanas que faltaron para completar la gestación a término. Se restan las semanas de gestación del niño de 40 semanas (que es el término normal de la gestación). Por ejemplo, si el niño nació a 30 semanas de gestación, entonces las semanas pretérmino serían 40 - 30 = 10 semanas.

3. **Cálculo edad corregida en semanas**: Resta las semanas pretérmino de la edad cronológica en semanas para obtener la edad corregida en semanas. Siguiendo el ejemplo, si la edad cronológica en semanas es 32 y las semanas pretérmino son 10, entonces la edad corregida en semanas sería 32 - 10 = 22 semanas.

4. **Cálculo edad corregida en meses**: Divide la edad corregida en semanas por 4 para convertirla en meses. Solo se consideran los números enteros. Siguiendo el ejemplo, 22 semanas divididas por 4 da 5.5 meses, pero se considera solo el número entero, que es 5 meses.

Por lo tanto, la edad corregida del niño en este ejemplo sería 5 meses. Este procedimiento se utiliza para evaluar adecuadamente el desarrollo de niños nacidos pretérmino, especialmente cuando se aplica la prueba EDIN II.","El cálculo de la edad corregida en un niño prematuro se realiza de la siguiente manera:

1. **Obtener datos de edad cronológica en semanas**: Se convierte la edad cronológica a semanas multiplicando los meses por 4. Por ejemplo, si la edad cronológica es 8 meses, se convierte a semanas multiplicando 8 meses * 4 = 32 semanas.

2. **Cálculo de semanas pretérmino**: Se calcula el número de semanas que fue pretérmino restando las semanas de gestación del niño de las 40 semanas de gestación en un nacimiento a término. Por ejemplo, si el niño nació a las 30 semanas, se realiza la siguiente operación: 40 semanas (gestación a término) - 30 semanas (gestación del niño) = 10 semanas pretérmino.

3. **Cálculo de la edad corregida en semanas**: Se restan las semanas pretérmino de las semanas de edad cronológica. Siguiendo el ejemplo anterior: 32 semanas (edad cronológica) - 10 semanas (semanas pretérmino) = 22 semanas edad corregida.

4. **Cálculo de la edad corregida en meses**: Se divide la edad corregida en semanas por 4 para obtener el resultado en meses. Siguiendo el ejemplo: 22 semanas / 4 = 5.5 meses. Se consideran los números enteros, por lo que la edad corregida sería de 5 meses.

Este cálculo es importante para evaluar adecuadamente el desarrollo de niños prematuros, ya que su edad cronológica puede no reflejar con precisión su desarrollo físico y cognitivo en comparación con niños nacidos a término. La edad corregida ayuda a compensar parcialmente el período de vida intrauterina que les faltó para completar su formación y crecimiento óptimo.","Para calcular la edad corregida en un niño prematuro según el Manual EDIN II, siga estos pasos:

1. **Obtener la edad cronológica en semanas**:
   - Convertir la edad cronológica del niño (en meses) a semanas multiplicando por 4. Por ejemplo, si el niño tiene 8 meses, se convierte a semanas como 8 × 4 = 32 semanas.

2. **Calcular las semanas pretérmino**:
   - Determinar las semanas de gestación pretérmino restando las semanas de gestación del niño de las semanas de gestación en un nacimiento a término (40 semanas). Por ejemplo, si el niño nació a las 30 semanas de gestación, se realiza 40 - 30 = 10 semanas pretérmino.

3. **Calcular la edad corregida en semanas**:
   - Restar las semanas pretérmino de la edad cronológica en semanas. Por ejemplo, 32 semanas (edad cronológica) - 10 semanas (pretérmino) = 22 semanas de edad corregida.

4. **Convertir la edad corregida a meses**:
   - Dividir las semanas de edad corregida entre 4 para obtener el resultado en meses. Por ejemplo, 22 semanas / 4 = 5,5 meses (se consideran los números enteros: 5 meses).

Este procedimiento se aplica a niños nacidos pretérmino (antes de las 37 semanas de gestación) y menores de 2 años de edad cronológica."
abierta_022,abierta,Compare las responsabilidades del ASSC 2 frente al ASSC 3 en la aplicación de la prueba EDIN II y la vigilancia nutricional.,"El personal ASSC 3 tiene la responsabilidad primordial de ejecutar la evaluación del estado nutricional, encargándose de la toma de medidas de peso y talla. Por su parte, el ASSC 2 es el responsable principal de aplicar la prueba EDIN II para determinar el nivel de desarrollo integral y realizar tamizajes auditivos. Ambos roles deben colaborar en los establecimientos bajo el modelaje y acompañamiento técnico del equipo interdisciplinario de la Oficina Local. Es deber de ambos asegurar la calidad del registro manual en los expedientes físicos antes de su digitación regional.","Source document: Procedimiento_Vigilancia_Crecimientoydesarrollo_intrayextramurosUIVCD.pdf; Normas-sustantivas-CEN-CINAI-30-09-2021.pdf
Page/section: Procedimiento_Vigilancia_Crecimientoydesarrollo_intrayextramurosUIVCD.pdf: Páginas 32 y 39-40 de 45; Normas-sustantivas-CEN-CINAI-30-09-2021.pdf: Página 11 de 20
Supporting excerpt: ""Evaluación del Estado Nutricional con medidas antropométricas: ASSC 3, Profesional de establecimiento... Prueba de Evaluación del Desarrollo Integral (EDIN II): ASSC 2, Profesional de establecimiento...""","Según el contexto proporcionado, tanto el ASSC2 como el ASSC3 tienen responsabilidades similares en la aplicación de la prueba EDIN II y en la vigilancia nutricional. Ambos están involucrados en la toma de tamizajes con calidad y oportunidad, en el registro en los instrumentos correspondientes, en la actualización de expedientes o información individual de la niña o niño, en la comunicación de los resultados de los tamizajes a los grupos familiares y en la referencia de casos que se detectan con resultados no esperados para su edad o que presentan signos de alerta. Sin embargo, el contexto no especifica diferencias particulares entre las responsabilidades del ASSC2 y del ASSC3 en estas tareas, por lo que no puedo proporcionar una comparación detallada basada únicamente en la información dada.","Según el contexto proporcionado, tanto el ASSC2 como el ASSC3 pueden aplicar la prueba EDIN II y realizar la vigilancia nutricional, siempre bajo la conducción del equipo interdisciplinario. No se especifican diferencias claras en las responsabilidades entre ASSC2 y ASSC3 en este contexto. Ambos pueden realizar tareas como la toma de peso, talla y clasificación del estado nutricional, así como aplicar el test de desarrollo (EDIN), junto con otros profesionales de CEN CINAI y promotores. Sin embargo, no hay detalles específicos sobre cómo se distribuyen estas responsabilidades entre ASSC2 y ASSC3, o si hay algún tipo de especialización o enfoque diferente en sus roles. Por lo tanto, no se puede hacer una comparación detallada de sus responsabilidades sin más información.","Según el contexto proporcionado, las responsabilidades del ASSC2 y el ASSC3 en la aplicación de la prueba EDIN II y la vigilancia nutricional se pueden resumir de la siguiente manera:

- **ASSC2**:
  - Realiza la toma de tamizajes con calidad y oportunidad.
  - Registra la información en los instrumentos correspondientes.
  - Actualiza los expedientes o información individual de las niñas y niños.
  - Comunica los resultados de los tamizajes a los grupos familiares.
  - Realiza la clasificación del estado nutricional y puede aplicar el test de desarrollo (EDIN) bajo la conducción del equipo interdisciplinario.

- **ASSC3**:
  - Realiza las mismas actividades que el ASSC2, pero con un enfoque en la supervisión capacitante, asesoría técnica y acompañamiento técnico continuo.
  - Participa en la identificación de acciones prioritarias y pertinentes para la mejora de la atención de las niñas y niños.

En resumen, el ASSC2 se enfoca en las actividades operativas directas, mientras que el ASSC3 se centra en la supervisión y asesoría técnica para garantizar la calidad y eficacia de las acciones."
abierta_023,abierta,"Analice cómo el enfoque de ""Cuidado Cariñoso y Sensible"" se integra en las metas de las Normas Técnicas Sustantivas 2021.","Este enfoque se integra al reconocer al niño como un ser integral con dimensiones físicas, mentales y emocionales que deben ser atendidas de forma simultánea. Las normas 2021 promueven estrategias de educación al grupo familiar para fortalecer las competencias parentales y los vínculos afectivos seguros. Se prioriza la atención durante los primeros mil días de vida como una ventana crítica de oportunidad para el desarrollo óptimo. Finalmente, el objetivo es garantizar un servicio de calidad que respete el enfoque de derechos de la niñez en todas las modalidades de atención.","Source document: Normas-sustantivas-CEN-CINAI-30-09-2021.pdf; SISVENDIS-2023.pdf
Page/section: Normas-sustantivas-CEN-CINAI-30-09-2021.pdf: Páginas 4-6, 15, 18 de 20; SISVENDIS-2023.pdf: Páginas 16 y 17 de 79
Supporting excerpt: ""Este cuidado cariñoso contempla: un entorno seguro que sea sensible a sus necesidades en materia de salud y nutrición, que los proteja de los peligros y malos tratos, y les ofrezca... oportunidades para aprender y entablar relaciones... que brinden apoyo emocional y estimulen su desarrollo...""","El contexto proporcionado no contiene información específica sobre cómo el enfoque de ""Cuidado Cariñoso y Sensible"" se integra directamente en las metas de las Normas Técnicas Sustantivas 2021. Se menciona el término ""cuidado cariñoso y sensible"" en el segundo fragmento, pero no se relaciona explícitamente con las Normas Técnicas Sustantivas 2021. Por lo tanto, no tengo suficiente información para analizar cómo se integra este enfoque en las metas de las normas técnicas mencionadas.","El enfoque de ""Cuidado Cariñoso y Sensible"" se integra en las metas de las Normas Técnicas Sustantivas 2021 de la siguiente manera:

1. **Priorización de la población vulnerable**: Las normas técnicas sustantivas de CEN-CINAI priorizan la atención a la población más vulnerable, como niñas y niños en condición de pobreza extrema, lo que se alinea con el principio de cuidado cariñoso y sensible que busca brindar un entorno seguro y protector para el desarrollo infantil.

2. **Enfoque integral**: El enfoque de cuidado cariñoso y sensible abarca cinco componentes interrelacionados: salud, nutrición, seguridad, atención receptiva y aprendizaje temprano. Las Normas Técnicas Sustantivas 2021 de CEN-CINAI también adoptan un enfoque integral, cubriendo aspectos como la selección de usuarios, asistencia técnica, alimentación complementaria, educación alimentaria nutricional, atención integral a niñas y niños, vigilancia del crecimiento y desarrollo infantil, y educación al grupo familiar, entre otros.

3. **Importancia de la nutrición y la salud**: La norma para alimentación complementaria (NUT-AC-N-01) y la norma para educación alimentaria nutricional (NUT-EN-N-01) reflejan la importancia de la nutrición en el desarrollo infantil, lo que es un aspecto clave del cuidado cariñoso y sensible.

4. **Atención a las necesidades emocionales y de desarrollo**: La mención a la atención integral y el aprendizaje temprano en las normas técnicas sustantivas sugiere que CEN-CINAI considera importante atender no solo las necesidades físicas, sino también las emocionales y de desarrollo de las niñas y los niños, lo que se alinea con el enfoque de cuidado cariñoso y sensible.

5. **Fortalecimiento de capacidades**: La norma para asistencia técnica (AT-N-01) busca desarrollar capacidades y mejorar la gestión y calidad de los servicios, lo que puede interpretarse como un esfuerzo por fortalecer las capacidades de los cuidadores y profes","El enfoque de ""Cuidado Cariñoso y Sensible"" se integra en las metas de las Normas Técnicas Sustantivas 2021 de la siguiente manera:

1. **Respeto y Sensibilidad Social**: Las normas técnicas sustantivas mencionan la importancia de brindar servicios con sensibilidad social, garantizando la inclusión de los más vulnerables y promoviendo relaciones interpersonales respetuosas. Esto se alinea con el cuidado cariñoso y sensible, que busca atender las necesidades específicas de las niñas y los niños en situación de pobreza extrema.

2. **Solidaridad y Empatía**: Las normas también destacan la solidaridad y la empatía como principios fundamentales en la prestación de servicios. Esto se traduce en una atención que reconoce a los usuarios como sujetos de derecho y establece relaciones humanas basadas en la confianza y aceptación.

3. **Eficiencia y Eficacia**: Las normas buscan optimizar recursos y lograr metas con calidad, lo que se traduce en un cuidado eficiente y efectivo, asegurando que los servicios brindados tengan un impacto positivo en el crecimiento y desarrollo infantil.

4. **Modalidades de Atención**: Las normas técnicas sustantivas definen diferentes modalidades de atención, como la asistencia técnica, la alimentación complementaria y la educación nutricional, todas orientadas a proporcionar un entorno seguro y nutritivo, que es un componente clave del cuidado cariñoso y sensible.

5. **Investigaciones Operativas**: Las normas mencionan la importancia de las investigaciones operativas para mejorar continuamente los servicios, lo que permite adaptar las acciones a las necesidades específicas de las niñas y los niños, asegurando un cuidado más eficiente y sensible.

En resumen, el enfoque de ""Cuidado Cariñoso y Sensible"" se integra en las metas de las Normas Técnicas Sustantivas 2021 a través de principios como el respeto, la sensibilidad social, la solidaridad, la eficiencia y la adaptación constante de los servicios, asegurando un entorno favorable para el desarrollo infantil."
abierta_024,abierta,"Describa el proceso de traslado de un expediente de atención interdisciplinaria entre oficinas locales, incluyendo la gestión de datos en la herramienta digital.","El profesional responsable debe registrar el traslado en el apartado de observaciones del expediente físico, detallando la fecha y la oficina de destino. Es obligatorio que el funcionario de origen contacte a su homólogo en la oficina receptora para transferir información sensible y asegurar la continuidad del plan de atención. En la herramienta digital Excel, se debe actualizar la condición del caso para reflejar el egreso administrativo por traslado. Todos los instrumentos originales de seguimiento deben enviarse foliados y completos para garantizar la seguridad de la información del menor.","Source document: Procedimiento_Atencin_Interdisciplinaria_Malnutricin_Versin_02_2020.pdf
Page/section: Páginas 31-32, 122 y 123 de 140 (Anexo 8)
Supporting excerpt: ""El expediente de atención interdisciplinaria deberá ir en un sobre sellado rotulado con la palabra CONFIDENCIAL... Junto con el sobre se incluye un oficio firmado por el Jefe de Oficina Local... En el espacio de observaciones del último seguimiento se anota que el niño o niña se trasladó...""","El proceso de traslado de un expediente de atención interdisciplinaria entre oficinas locales incluye varios pasos:

1. **Cumplimiento del Procedimiento Vigente**: Se debe seguir el procedimiento de traslado de expedientes vigente en la institución.

2. **Sobre Sellado y Rotulado**: El expediente debe ir en un sobre sellado con la etiqueta ""CONFIDENCIAL"". El sobre debe contener la siguiente información:
   - **Dirigido a**: Nombre del Jefe de Oficina Local de destino, nombre de la Oficina Local y nombre de la Región.
   - **Remitente**: Nombre de la Oficina Local remitente, fecha, y sello de la Oficina Local que envía el expediente.

3. **Oficio Firmado**: Junto con el sobre sellado, se debe incluir un oficio firmado por el Jefe de Oficina Local dirigido a quien corresponda, indicando que se traslada el expediente de atención interdisciplinaria del niño o niña, y solicitando un acuse de recibido por parte de la Oficina Local receptora.

4. **Gestión de Datos en la Herramienta Digital**:
   - **Registro de Egreso**: En la herramienta de seguimiento del estado nutricional (Seguimiento ENU), se registra la condición como ""EGRESO"".
   - **Observaciones**: En el espacio de observaciones del último seguimiento registrado, se anota que el niño o niña se trasladó, junto con el nombre del establecimiento, Oficina Local y Región donde fue trasladado, y la fecha del traslado.

5. **Transmisión de Información Específica**: Si algún profesional custodia anotaciones específicas y sensibles del caso, debe contactar a su homólogo en la Oficina receptora para transmitir toda la información necesaria para continuar con la atención específica requerida. La transmisión puede ser de forma impresa o vía electrónica, siempre respetando la Ley 8968 de Protección de la Persona frente al Tratamiento de sus Datos Personales.

6. **Actualización en la Oficina Receptora**: El equipo interdisciplinario de la Oficina Local receptora incluirá en la herramienta de seguimiento al niño o niña con malnut","El proceso de traslado de un expediente de atención interdisciplinaria entre oficinas locales se describe de la siguiente manera:

1. **Preparación del expediente**: El expediente de atención interdisciplinaria debe ir en un sobre sellado rotulado con la información dirigida a la Oficina Local de destino, incluyendo el nombre del Jefe de Oficina Local, el nombre de la Oficina Local y la Región. También debe incluir el nombre de la Oficina Local remitente, la fecha y el sello de la Oficina Local que envía el expediente. Además, debe tener la palabra ""CONFIDENCIAL"" visible en el sobre sellado.

2. **Documentación acompañante**: Junto con el sobre sellado, se debe incluir un oficio firmado por el Jefe de Oficina Local dirigido a quien corresponda, indicando que se traslada el expediente de atención interdisciplinaria de un niño o niña específico, solicitando acuse de recibido por parte de la Oficina Local donde se trasladó el expediente.

3. **Gestión de datos en la herramienta de seguimiento**: Una vez trasladado el expediente, el equipo interdisciplinario que lo trasladó debe actualizar el caso en la herramienta de seguimiento a niños y niñas con malnutrición. Esto implica:
   - Registrar la condición como ""EGRESO"" en la hoja de seguimiento del estado nutricional (Seguimiento ENU).
   - Anotar en el espacio de observaciones del último seguimiento registrado que el niño o niña se trasladó, especificando el nombre del establecimiento, la Oficina Local y la Región donde fue trasladado el expediente, junto con la fecha del traslado.

4. **Comunicación entre profesionales**: Si algún profesional custodia anotaciones específicas y sensibles del caso, debe contactar a su homólogo en la Oficina Local donde se envió el expediente para transmitir la información necesaria para continuar con la atención específica que requiere el caso. Esto puede hacerse mediante el envío confidencial de anotaciones o preparando un informe del caso, respetando la legislación vigente sobre protección de datos personales.

5. **Actualización por el equipo receptor**: El","El proceso de traslado de un expediente de atención interdisciplinaria entre oficinas locales, según el contexto proporcionado, se describe de la siguiente manera:

1. **Cumplimiento del procedimiento vigente**: Se debe seguir el procedimiento de traslado de expedientes establecido en la institución.

2. **Envío del expediente en sobre sellado**: El expediente debe ir en un sobre sellado con la siguiente información:
   - Dirigido a: Jefe de Oficina Local de destino, Nombre de la Oficina Local y Nombre de la Región.
   - Remitente: Nombre de Oficina Local Remitente, Fecha y Sello de la Oficina Local que envía el expediente.
   - La palabra “CONFIDENCIAL” debe estar claramente visible en el sobre.

3. **Inclusión de un oficio firmado**: Junto con el sobre, se debe incluir un oficio firmado por el Jefe de Oficina Local, dirigido al destinatario correspondiente, indicando que se traslada el expediente de atención interdisciplinaria del niño o niña, y solicitando un acuse de recibo por parte de la Oficina Local receptora.

4. **Actualización en la herramienta de seguimiento**: Una vez trasladado el expediente, el equipo interdisciplinario que lo trasladó debe actualizar el caso en la herramienta de seguimiento. En la hoja de seguimiento del estado nutricional (Seguimiento ENU), se registra la condición como ""EGRESO"". En el espacio de observaciones, se anota que el niño o niña se trasladó, junto con el nombre del establecimiento, Oficina Local y Región de destino, y la fecha del traslado.

5. **Gestión de datos en la herramienta digital**: El equipo interdisciplinario de la Oficina Local receptora debe incluir en la herramienta de seguimiento los siguientes datos:
   - Datos del instrumento de detección incluido en el expediente.
   - Datos del último seguimiento realizado al niño o niña, disponibles en el expediente.

6. **Revisión y actualización del plan de atención**: En sesión de equipo interdisciplinario, se procederá a conocer el caso y revisar el avance del plan de atención interdisciplinaria descrito en el expediente. Con esta información, se actualizará la priorización del caso y se continuará con la atención interdisciplinaria de acuerdo con el procedimiento establecido.

7. **Transmisión de información sensible**: Si algún profesional custodia anotaciones específicas y sensibles del caso, deberá contactar a su homólogo en la Oficina Local receptora para transmitir toda la información necesaria, respetando la Ley 8968 de Protección de la persona frente al tratamiento de sus datos personales.

Este proceso garantiza un manejo adecuado y confidencial del expediente, asegurando la continuidad de la atención interdisciplinaria del niño o niña con malnutrición."
abierta_025,abierta,"Explique los criterios técnicos para clasificar a un niño en el Grupo G de riesgo, considerando edad, indicadores antropométricos y nivel de desarrollo.","El Grupo G incluye a niñas y niños mayores de 5 años que requieren atención de Prioridad 1. Los criterios antropométricos incluyen clasificaciones de baja talla severa (Z ≤ -3) o condiciones de obesidad según el Índice de Masa Corporal (Z ≥ 2). En cuanto al desarrollo, se clasifica en este grupo si el niño presenta un resultado ""Rojo"" en EDIN II o un rezago significativo en la prueba EVADE (0 o 1 punto sin logro de la edad anterior). Esta clasificación obliga al equipo a realizar seguimientos mensuales para revertir los riesgos detectados en salud y crecimiento.","Source document: Procedimiento_Atencin_Interdisciplinaria_Malnutricin_Versin_02_2020.pdf
Page/section: Páginas 39, 41, 45 y 161 de 140
Supporting excerpt: ""Grupo G Mayores de 5 años - Prioridad 1... Talla para Edad: Baja talla o baja talla severa; IMC: Desnutrición severa, desnutrición, sobrepeso u obesidad... Presencia significativa de indicadores de riesgo...""","Un niño es clasificado en el Grupo G de riesgo si cumple con los siguientes criterios técnicos:

1. **Edad**: El niño debe ser mayor de 5 años.
2. **Indicadores Antropométricos**:
   - **Talla para Edad**: 
     - Baja talla severa por puntaje Z ≤ -3.
     - Baja talla por puntaje Z ≤ -2 a > -3.
   - **Índice de Masa Corporal (IMC)**:
     - Desnutrición severa por puntaje Z ≤ -3.
     - Desnutrición por puntaje Z ≤ -2 a > -3.
     - Sobrepeso por puntaje Z < 2 a ≥ 1.
     - Obesidad por puntaje Z ≥ 2.
3. **Nivel de Desarrollo**:
   - EDIN (Evaluación del Desarrollo Infantil): Una o más áreas con resultado bajo en uno o dos niveles según su edad.
   - EDIN II: Color amarillo.
   - EVADE (Evaluación del Desarrollo y Educación): Una o más áreas con resultado de 0 o 1 punto, con logro de la edad anterior.

Además, se requiere la presencia de indicadores significativos de riesgo en uno o más de los siguientes ámbitos que afecten el adecuado crecimiento y desarrollo:
- **Individual**: Bajo peso al nacer, edad gestacional, presencia de enfermedad, ausencia de lactancia materna o destete antes de los 12 meses de edad.
- **Familiar**: Riesgo social (violencia intrafamiliar, drogas, alcoholismo, abuso sexual, explotación sexual comercial, nivel educativo y enfermedad de la madre o persona encargada, entre otros).
- **Comunitario**: Demográficas (poblaciones vulnerables como migrantes, indígenas o discapacidad), ambiente (manejo de desechos sólidos, excretas y acceso a agua potable), territorial (acceso al establecimiento, riesgo de desastre).

Estos criterios permiten una evaluación integral del estado nutricional y de desarrollo del niño, considerando tanto aspectos biológicos como sociales y ambientales.","Para clasificar a un niño en el Grupo G de riesgo, se consideran los siguientes criterios técnicos:

1. **Edad**: El Grupo G se aplica a niños mayores de 5 años.
2. **Indicadores antropométricos**: Se evalúan los siguientes indicadores antropométricos:
   - **Talla para Edad**: Se considera baja talla severa si el puntaje Z es ≤ -3, y baja talla si el puntaje Z está entre -2 y >-3.
   - **Índice de Masa Corporal (IMC)**: Se considera desnutrición severa si el puntaje Z es ≤ -3, desnutrición si el puntaje Z está entre -2 y >-3, sobrepeso si el puntaje Z está entre <2 y ≥ 1, y obesidad si el puntaje Z es ≥ 2.
3. **Nivel de desarrollo**: Se considera la presencia significativa de indicadores de riesgo en uno o más de los siguientes ámbitos que afecten el adecuado crecimiento y desarrollo:
   - **Individual**: Bajo peso al nacer, edad gestacional, presencia de enfermedad, ausencia de lactancia materna o destete antes de los 12 meses de edad.
   - **Familiar**: Riesgo social, como violencia intrafamiliar, drogas, alcoholismo, abuso sexual, explotación sexual comercial, nivel educativo y enfermedad de la madre o persona encargada, entre otros.
   - **Comunitario**: Demográficas (poblaciones vulnerables como migrantes, indígenas o discapacidad), ambiente (manejo de desechos sólidos, excretas y acceso a agua potable), territorial (acceso al establecimiento, riesgo de desastre).

El Grupo G tiene prioridad 1, lo que indica que los niños clasificados en este grupo requieren atención interdisciplinaria de alta prioridad debido a su situación de riesgo para el crecimiento y desarrollo adecuados.","Para clasificar a un niño en el Grupo G de riesgo, se deben considerar los siguientes criterios técnicos:

1. **Edad**: El niño debe ser mayor de 5 años.

2. **Indicadores antropométricos**:
   - **Talla para Edad**:
     - Baja talla severa por puntaje Z ≤ -3.
     - Baja talla por puntaje Z ≤ -2 a > -3.
   - **Índice de Masa Corporal (IMC)**:
     - Desnutrición severa por puntaje Z ≤ -3.
     - Desnutrición por puntaje Z ≤ -2 a > -3.
     - Sobrepeso por puntaje Z < 2 a ≥ 1.
     - Obesidad por puntaje Z ≥ 2.

3. **Nivel de desarrollo**:
   - **EDIN**: Resultado adecuado con su edad.
   - **EDIN II**: Verde.
   - **EVADE**: Todas las áreas de desarrollo con resultado adecuado (con 2 o 3 puntos).

Además, no se deben identificar factores de riesgo significativos a nivel individual, familiar o comunitario que afecten el adecuado crecimiento y desarrollo del niño.

**Prioridad**: Grupo G tiene una prioridad 3."
abierta_026,abierta,Desarrolle la estructura y contenidos mínimos que debe tener un Plan de Atención Interdisciplinario según el Anexo 5 y el instructivo de detección.,"El plan debe establecer objetivos claros, estrategias consensuadas por el equipo, recursos necesarios y plazos para la evaluación de avances. Incluye un apartado específico donde el nutricionista anota la clasificación definitiva y el patrón de crecimiento utilizado, especialmente en casos con necesidades especiales. Deben marcarse con una ""X"" los indicadores de riesgo identificados a nivel individual, familiar y comunitario. Además, el plan debe registrar el seguimiento de datos de salud y las estrategias educativas dirigidas al hogar para asegurar un abordaje integral.","Source document: Procedimiento_Atencin_Interdisciplinaria_Malnutricin_Versin_02_2020.pdf
Page/section: Páginas 49-51, 63, 74 y 77 de 140
Supporting excerpt: ""...el plan de atención interdisciplinaria se operacionaliza llenando la información del cuadro final del instrumento de detección... que contempla indicadores de riesgo individuales, del grupo familiar y de su comunidad, priorización, objetivo del plan, estrategias a emplear, fecha primer seguimiento y profesional designado.""","Según el contexto proporcionado, no se menciona específicamente el contenido del Anexo 5 ni se desarrolla en detalle el instructivo de detección con respecto a la estructura y contenidos mínimos que debe tener un Plan de Atención Interdisciplinario. Sin embargo, se puede inferir algunos elementos basados en la información dada:

El Plan de Atención Interdisciplinario comprende acciones o intervenciones que el equipo interdisciplinario define de manera colaborativa y consensuada para atender a niños o niñas con malnutrición. Debe incluir:

1. Objetivos: Los fines que se pretenden alcanzar con las intervenciones.
2. Estrategias: Las formas en que se van a abordar los problemas o necesidades.
3. Actividades: Las acciones concretas que se realizarán para implementar las estrategias.
4. Recursos: Los medios necesarios para llevar a cabo las actividades.
5. Plazos: Los tiempos estimados para la realización de las actividades y la consecución de los objetivos.
6. Criterios de Evaluación: Parámetros para medir el progreso y el éxito de las intervenciones.

Además, el plan puede incluir referencias a especialistas o instituciones cuando sean necesarias y debe ser parte del expediente de atención interdisciplinaria para su control y cumplimiento.

Para obtener la estructura y contenidos mínimos específicos según el Anexo 5 y el instructivo de detección, sería necesario consultar directamente esos documentos, ya que la información proporcionada no los detalla completamente.","Según el contexto proporcionado, un Plan de Atención Interdisciplinario debe incluir los siguientes contenidos mínimos:

1. **Objetivos**: Debe definir objetivos claros para la atención del niño o niña con malnutrición.
2. **Estrategias**: Debe incluir estrategias específicas para abordar la malnutrición y otros problemas detectados.
3. **Actividades**: Debe describir las actividades concretas que se realizarán para implementar las estrategias.
4. **Recursos**: Debe identificar los recursos necesarios para implementar el plan.
5. **Plazos**: Debe establecer plazos para la implementación de las actividades y la evaluación del progreso.
6. **Criterios de evaluación**: Debe definir criterios para evaluar el avance del niño o niña y la efectividad del plan.
7. **Referencias a especialistas o instituciones**: Debe incluir referencias a especialistas o instituciones que puedan brindar apoyo adicional si es necesario.
8. **Seguimiento**: Debe establecer un plan de seguimiento para monitorear el progreso del niño o niña y ajustar el plan según sea necesario.

En cuanto a la estructura, el plan debe ser parte del expediente de atención interdisciplinaria y debe ser llenado en las sesiones del equipo interdisciplinario, después de analizar los datos registrados en el instrumento de detección y de acuerdo con la valoración del caso.

Es importante destacar que el Anexo 5 y el instructivo de detección proporcionan una guía para la elaboración del Plan de Atención Interdisciplinario, pero no se proporcionan detalles específicos sobre la estructura y contenidos mínimos en el texto proporcionado. Sin embargo, se puede inferir que el plan debe ser integral, holístico y humanizado, y que debe considerar las necesidades individuales y familiares del niño o niña.","El Plan de Atención Interdisciplinario debe incluir los siguientes elementos:

1. **Objetivos**: Definir los objetivos específicos que se pretenden alcanzar en la atención del niño o niña con malnutrición.

2. **Estrategias**: Describir las estrategias que se implementarán para lograr los objetivos establecidos.

3. **Actividades**: Detallar las actividades concretas que se realizarán, incluyendo las fechas y los responsables.

4. **Recursos**: Indicar los recursos necesarios para la implementación de las actividades, como materiales, personal y financiamiento.

5. **Plazos**: Establecer los plazos para la realización de cada actividad y para el cumplimiento de los objetivos.

6. **Criterios de Evaluación**: Definir los criterios para evaluar el avance y el éxito de las intervenciones.

7. **Referencias a Especialistas o Instituciones**: Incluir referencias a especialistas o instituciones que puedan ser necesarias para el abordaje integral del caso.

8. **Actualización del Plan**: Establecer cómo se actualizará el plan en función de los resultados obtenidos y las nuevas necesidades del niño o niña.

9. **Registro de Cambios**: Registrar cambios en las situaciones de riesgo individual, familiar y comunitario, así como avances, retrocesos o nuevas situaciones identificadas.

10. **Seguimiento y Monitoreo**: Establecer mecanismos para el seguimiento y monitoreo del plan, incluyendo la frecuencia de las revisiones y las acciones a realizar en caso de no cumplimiento.

11. **Bitácora de Sesiones**: Mantener un registro de las sesiones del equipo interdisciplinario, incluyendo los acuerdos y decisiones tomadas.

12. **Archivo de Expedientes**: Custodiar los expedientes de atención interdisciplinaria, incluyendo los instrumentos de detección y los planes de atención.

13. **Herramientas de Seguimiento**: Utilizar herramientas específicas para el seguimiento interdisciplinario, como las indicadas en el Anexo 5 y en el instructivo de detección.

14. **Plan de Actividades**: Incluir un plan de actividades educativas y de estimulación, especialmente para niños y niñas de 2 a 6 años, como se describe en el instructivo.

15. **Manual Operativo**: Utilizar un manual operativo para la utilización de recursos tecnológicos y para la elaboración de planes de estimulación, como se menciona en el contexto.

16. **Referencias a Instituciones**: Anotar si el niño o niña será referido a otras instituciones, como la Caja Costarricense del Seguro Social (CCSS), el Patronato Nacional de la Infancia (PANI), etc.

17. **Estrategias de Seguimiento**: Especificar las estrategias de seguimiento que se emplearán, como visitas domiciliarias, sesiones educativas, consejería, etc.

18. **Condición del Niño"
abierta_027,abierta,"Explique la importancia de las ""Líneas de Tendencia"" en la herramienta de seguimiento y qué acciones debe tomar el equipo ante una tendencia negativa.","Las líneas de tendencia permiten visualizar la velocidad y dirección del crecimiento del niño al unir puntos de mediciones sucesivas en las gráficas. Una tendencia negativa, representada por una línea plana o descendente, es una señal de alerta temprana que indica un estancamiento en el desarrollo. Ante este hallazgo, el equipo interdisciplinario debe sesionar de forma inmediata para revisar y ajustar las estrategias de estimulación y el plan alimentario. Esta herramienta es crucial para tomar decisiones preventivas antes de que el niño caiga en rangos de malnutrición severa.","Source document: Procedimiento_Atencin_Interdisciplinaria_Malnutricin_Versin_02_2020.pdf; Manual-operativo-Evaluacion-estado-nutricional-2019.pdf; DVS_norma_nacional_uso_graficas_antropometricas_valoracion_nutriciol_0-19_2017.pdf
Page/section: Procedimiento_Atencin_Interdisciplinaria_Malnutricin_Versin_02_2020.pdf: Páginas 25, 60 y 94 de 140; Manual-operativo-Evaluacion-estado-nutricional-2019.pdf: Páginas 14-15 de 48; DVS_norma_nacional_uso_graficas_antropometricas_valoracion_nutriciol_0-19_2017.pdf: Página 5
Supporting excerpt: ""Se debe garantizar que no existan seguimientos vacíos... Para facilitar esta revisión puede visualizarse en la hoja de Tendencia ENU."" / ""...línea descendente: indica que el peso ha disminuido... lo que da una señal de alerta... el equipo interdisciplinario actualiza la estrategia de abordaje...""","Las ""Líneas de Tendencia"" en la herramienta de seguimiento son importantes porque permiten visualizar la evolución del estado nutricional de un niño o niña a lo largo del tiempo. Estas líneas pueden ser ascendentes, horizontales o descendentes, y cada una de ellas tiene un significado diferente dependiendo del estado nutricional del niño:

- **Línea Ascendente**: Normal o esperable en niños y niñas identificados como normales o con desnutrición o desnutrición severa. Sin embargo, en niños o niñas con sobrepeso u obesidad, esta tendencia se considera inadecuada.
- **Línea Horizontal**: Indica que tanto el peso como la talla han aumentado poco o no han aumentado del todo. Esto se interpreta como adecuado en niños y niñas con sobrepeso y obesidad, pero en niños y niñas normales, con desnutrición o desnutrición severa, puede ser una señal de alerta.
- **Línea Descendente**: Significa que hubo un aumento de la talla pero no del peso, lo que puede dar una señal de alerta en casos de desnutrición y desnutrición severa. En niños y niñas con sobrepeso u obesidad, se interpreta como adecuado.

Ante una tendencia negativa (por ejemplo, una línea descendente en niños y niñas normales, con desnutrición o desnutrición severa), el equipo debe tomar las siguientes acciones:

1. **Investigar las Causas**: Identificar si el niño o niña ha estado enfermo o si existe alguna situación que haya restringido el consumo de alimentos (inapetencia, poca disponibilidad de alimentos en el hogar).
2. **Implementar Sesiones de Consejería Nutricional**: Realizar sesiones de consejería nutricional con la madre, padre o encargado para detectar las causas del descenso en la línea de crecimiento.
3. **Referencia a Profesionales de Salud**: En casos que requieran atención especializada, el profesional en nutrición debe hacer la referencia al interno de la oficina local o a otra institución, y motivar a los padres o responsables para que asuman el cuidado de sus hijos de","Las ""Líneas de Tendencia"" en la herramienta de seguimiento son fundamentales para evaluar el estado nutricional de los niños y niñas, ya que permiten visualizar la evolución del peso y la talla en el tiempo. Estas líneas pueden ser ascendentes, horizontales o descendentes, y cada una tiene una interpretación diferente dependiendo del estado nutricional del niño o niña.

*   Una línea ascendente es normal en niños con desnutrición o desnutrición severa, pero inadecuada en casos de sobrepeso u obesidad.
*   Una línea horizontal puede ser adecuada en niños con sobrepeso u obesidad, pero inadecuada en casos de normalidad, desnutrición o desnutrición severa.
*   Una línea descendente puede ser un indicador de alerta en casos de desnutrición o desnutrición severa, pero puede ser adecuada en niños con sobrepeso u obesidad.

Ante una tendencia negativa, el equipo debe tomar las siguientes acciones:

1.  Investigar las causas subyacentes de la tendencia negativa, como enfermedades, infecciones recurrentes o problemas de alimentación.
2.  Implementar sesiones de consejería nutricional con los padres o responsables para detectar las causas del descenso en la línea de crecimiento.
3.  Valorar al niño o niña con malnutrición por un profesional en Nutrición y realizar un seguimiento adecuado.
4.  Hacer referencia a otros profesionales de la salud si es necesario, y motivar a los padres o responsables a asumir el cuidado de sus hijos de forma oportuna y pertinente.

En resumen, las ""Líneas de Tendencia"" son una herramienta valiosa para evaluar el estado nutricional de los niños y niñas, y el equipo debe tomar acciones adecuadas ante una tendencia negativa para asegurar el bienestar y la salud de los niños.","Las ""Líneas de Tendencia"" en la herramienta de seguimiento son esenciales para evaluar el estado nutricional de los niños y niñas. Estas líneas reflejan la evolución del peso y la talla a lo largo del tiempo, lo que permite identificar patrones de crecimiento y detectar posibles problemas nutricionales. 

Según el contexto proporcionado, las líneas de tendencia pueden presentarse de las siguientes formas:

1. **Línea Ascendente**: Indica un aumento en el peso y la talla, lo que es normal en niños y niñas con estado nutricional normal, desnutrición o desnutrición severa. Sin embargo, en casos de sobrepeso u obesidad, una tendencia ascendente se considera inadecuada.

2. **Línea Horizontal**: Significa que el peso y la talla han aumentado poco o no han aumentado, lo que se considera adecuado en niños y niñas con sobrepeso u obesidad. En cambio, en niños y niñas con estado nutricional normal, desnutrición o desnutrición severa, una línea horizontal puede ser una señal de alerta, indicando que no ha habido aumento de peso.

3. **Línea Descendente**: Indica que la talla ha aumentado pero el peso se ha mantenido o disminuido, lo que puede ser una señal de alerta en casos de desnutrición o desnutrición severa. En niños y niñas con sobrepeso u obesidad, una tendencia descendente se considera adecuada.

**Acciones ante una tendencia negativa**:

- **Identificar causas**: Si se detecta una tendencia negativa, como una línea descendente o horizontal en niños y niñas con estado nutricional normal, desnutrición o desnutrición severa, se debe investigar las causas, como enfermedades, inapetencia o restricción en el consumo de alimentos.

- **Implementar sesiones de consejería nutricional**: Es recomendable realizar sesiones de consejería nutricional con los padres o encargados para detectar las causas del descenso en la línea de crecimiento.

- **Mejorar la alimentación**: Se debe promover un mejoramiento en la alimentación, como la inclusión en programas de alimentación complementaria o la mejora en los planes de alimentación, para contribuir a la recuperación del crecimiento.

- **Monitorear y referir si es necesario**: En casos de malnutrición detectados, se debe valorar al niño o niña por un profesional en nutrición y, si es necesario, realizar referencias a servicios especializados.

En resumen, las líneas de tendencia son una herramienta clave para monitorear el estado nutricional y guiar las acciones necesarias para garantizar un crecimiento adecuado en los niños y niñas."
abierta_028,abierta,"Compare los objetivos de la modalidad ""Intramuros"" (API-EC-N-01) y ""Extramuros"" (API-EX-N-07) respecto a la promoción del crecimiento y desarrollo.","La modalidad intramuros ofrece una atención diaria y sistemática que permite tamizajes frecuentes, incluyendo odontogramas trimestrales y evaluaciones cualitativas constantes. En contraste, la modalidad extramuros se enfoca en niños que no asisten diariamente, priorizando la vigilancia del crecimiento anual y la distribución de suplementos como la leche. Ambas modalidades comparten el objetivo de detectar riesgos tempranos mediante técnicas antropométricas y la prueba EDIN II. No obstante, intramuros permite una intervención interdisciplinaria más directa y un monitoreo más estrecho de los hitos del desarrollo.","Source document: Normas-sustantivas-CEN-CINAI-30-09-2021.pdf
Page/section: Páginas 10, 15 y 16 de 20
Supporting excerpt: ""API-EC-N-01... Es la Atención y Protección Cotidiana a los niños y las niñas, en espacios sanos, seguros y estimulantes... API-EX-N-07... consiste en acciones educativas que promueven habilidades y competencias sociales para la promoción del crecimiento y desarrollo...""","El contexto proporcionado no contiene información específica sobre los códigos API-EC-N-01 para la modalidad ""Intramuros"" y API-EX-N-07 para la modalidad ""Extramuros"". Sin embargo, se menciona que ambas modalidades tienen como objetivo promover el crecimiento y desarrollo de niñas y niños, pero con enfoques distintos.

Para la modalidad ""Intramuros"", se menciona que incluye acciones cotidianas en los establecimientos CEN-CINAI, involucrando roles permanentes de personas que brindan atención integral de infantes y un equipo interdisciplinario. Esto incluye modalidades de atención como Atención y Protección Cotidiana (APC), que abarca alimentación diaria, vínculo persona adulta/adolescente/niña o niño (VAANN), Solo Comidas Servidas (SCS), y Desarrollo Habilidades para la Vida (DHAVI).

En cuanto a la modalidad ""Extramuros"", se refiere a acciones de promoción del crecimiento y desarrollo que se brindan periódicamente, ya sea en los establecimientos CEN-CINAI, fuera de estos en un Centro de Distribución (CD), o en otros espacios de las comunidades del área de atracción. Esta modalidad actúa como articulador y asesor con la familia y la comunidad, para acompañar el proceso de crecimiento, desarrollo, crianza y socialización de niñas y niños que reciben los servicios de CEN-CINAI. Incluye la distribución de leche para consumo en el hogar (Leche 1600g), distribución de alimentos a familias (DAF), y acciones educativas.

Aunque no se proporcionan detalles específicos sobre los códigos mencionados, se puede inferir que ambos objetivos buscan promover el crecimiento y desarrollo óptimo de niñas y niños, pero con enfoques adaptados a las circunstancias de atención intramuros y extramuros.","Los objetivos de la modalidad ""Intramuros"" (API-EC-N-01) y ""Extramuros"" (API-EX-N-07) respecto a la promoción del crecimiento y desarrollo son similares, ya que ambos buscan potenciar el desarrollo óptimo e integral de los niños, la adecuada nutrición, cuidados de salud y socialización. Sin embargo, se diferencian en el enfoque y la población objetivo:

- La modalidad ""Intramuros"" se enfoca en los niños que asisten a los establecimientos CEN-CINAI, brindándoles atención integral y estimulación del crecimiento y desarrollo a través de actividades educativas y de cuidado en el establecimiento.

- La modalidad ""Extramuros"" se dirige a los niños inscritos en la modalidad de Distribución de Leche para consumo en el Hogar y Distribución de Alimentos a Familias, y busca potenciar su desarrollo óptimo e integral a través de actividades educativas desarrolladas con una frecuencia de una a cuatro sesiones mensuales, en espacios fuera de los establecimientos CEN-CINAI, como centros de distribución o en la comunidad.

En resumen, aunque ambos objetivos son similares, la modalidad ""Intramuros"" se centra en la atención dentro de los establecimientos, mientras que la modalidad ""Extramuros"" se extiende a la comunidad, llegando a niños que no necesariamente asisten a los establecimientos CEN-CINAI de manera regular.","Los objetivos de las modalidades ""Intramuros"" (API-EC-N-01) y ""Extramuros"" (API-EX-N-07) respecto a la promoción del crecimiento y desarrollo son los siguientes:

1. **Modalidad Intramuros (API-EC-N-01):**
   - Brindar atención integral a niñas y niños en los establecimientos CEN-CINAI.
   - Incluir acciones como alimentación diaria, vínculo persona adulta/adolescente/niña o niño (VAANN), Solo Comidas Servidas (SCS), y Desarrollo Habilidades para la Vida (DHAVI).
   - Promover la distribución de leche para consumo en el hogar (Leche 800g) y Distribución de Alimentos a Familias (DAF).
   - Realizar atención interdisciplinaria y acciones para la promoción del crecimiento y desarrollo.

2. **Modalidad Extramuros (API-EX-N-07):**
   - Realizar acciones de promoción del crecimiento y desarrollo en comunidades alejadas de los establecimientos CEN-CINAI.
   - Incluir actividades como la distribución de leche para consumo en el hogar (Leche 1600g), Distribución de Alimentos a Familias (DAF), y Creciendo Juntos.
   - Desarrollar actividades educativas con una frecuencia de una a cuatro sesiones mensuales.
   - Potenciar el desarrollo óptimo e integral de niñas y niños, enfocándose en nutrición, cuidados de salud y socialización.

Ambas modalidades buscan maximizar el potencial del desarrollo infantil, desde el nacimiento hasta los 13 años, con énfasis en los primeros mil días de vida como ventana óptima para el crecimiento y desarrollo."
abierta_029,abierta,Describa los filtros de calidad que el Jefe de Oficina Local debe aplicar a la herramienta de Excel para asegurar que no existan datos erróneos en las fechas de evaluación.,"El jefe debe verificar que todas las fechas de evaluación (ENU y desarrollo) cumplan estrictamente con el formato dd/mm/aaaa. Se deben aplicar filtros para identificar datos extremos o no congruentes, como fechas futuras o registros que no coincidan con la edad cronológica del niño. Es fundamental detectar y corregir errores de sistema como ""#¡VALOR!"" o ""#REF!"" que surgen de entradas de datos inválidas. Una vez revisada la herramienta, el jefe debe firmar el control de calidad para validar la veracidad de la información regional.","Source document: Procedimiento_Atencin_Interdisciplinaria_Malnutricin_Versin_02_2020.pdf
Page/section: Páginas 89-94 de 140 (Anexo 5)
Supporting excerpt: ""Fecha de evaluación ENU / Desarrollo: Filtro Solamente datos de fechas con formato dd/mm/aaaa. Revisar datos extremos, no congruentes... Se debe garantizar que no existan seguimientos vacíos entre un seguimiento y otro. Deben ser continuos en orden cronológico.""","Según el contexto proporcionado, el Jefe de Oficina Local debe asegurarse de que los datos de fechas de evaluación estén en un formato específico y sean consistentes. Los filtros de calidad que se deben aplicar a la herramienta de Excel incluyen:

1. Formato de fecha: Los datos de fechas deben estar en el formato dd/mm/aaaa.
2. Revisión de datos extremos y no congruentes: Se debe revisar que las fechas sean realistas y coherentes con el contexto, evitando fechas futuras o pasadas de manera incoherente con el período de estudio o seguimiento.

Estos filtros ayudan a garantizar que los datos de fechas de evaluación sean precisos y útiles para el análisis y seguimiento de los niños y niñas en el programa de atención interdisciplinaria.","Según el contexto proporcionado, el Jefe de Oficina Local debe aplicar los siguientes filtros de calidad a la herramienta de Excel para asegurar que no existan datos erróneos en las fechas de evaluación:

1. **Fecha de evaluación**: Solo se permiten datos de fechas con formato dd/mm/aaaa.
2. **Revisar datos extremos**: Se deben revisar los datos para detectar fechas no congruentes o extremas que puedan indicar errores.
3. **Formato de edad**: Solo se permiten datos de edad con formato Xaños Xmeses.
4. **Revisar datos extremos**: Se deben revisar los datos para detectar edades no congruentes o extremas que puedan indicar errores.

Además, se menciona que se debe garantizar que no existan seguimientos vacíos entre un seguimiento y otro, y que los seguimientos deben ser contínuos en orden cronológico. Para facilitar esta revisión, se sugiere visualizar los datos en la hoja de Tendencia ENU.

Es importante destacar que, aunque no se menciona explícitamente, es probable que el Jefe de Oficina Local deba aplicar estos filtros de calidad a todas las fechas de evaluación registradas en la herramienta de Excel, incluyendo la fecha de evaluación del ENU, la fecha de evaluación del desarrollo, etc.","Para asegurar que no existan datos erróneos en las fechas de evaluación, el Jefe de Oficina Local debe aplicar los siguientes filtros de calidad en la herramienta de Excel:

1. **Formato de fecha**: Asegurarse de que las fechas estén en formato dd/mm/aaaa.
2. **Revisión de datos extremos**: Verificar que las fechas no sean inconsistentes o imposibles (por ejemplo, fechas futuras o fechas que no correspondan a la edad del niño o niña).
3. **Coherencia**: Asegurarse de que las fechas de evaluación sean contiguas y en orden cronológico, sin saltos o huecos significativos.

Estos filtros se aplican a las fechas de evaluación del estado nutricional (ENU) y de desarrollo, como se menciona en el contexto proporcionado."
abierta_030,abierta,"Analice cómo se vincula el servicio de ""Nutrición Preventiva"" con el de ""Promoción del Crecimiento y Desarrollo"" según el Reglamento Orgánico.",Nutrición Preventiva actúa como un soporte biológico mediante el suministro de alimentos fortificados y complementos nutricionales para evitar deficiencias. El servicio de Promoción del Crecimiento y Desarrollo se encarga de vigilar que el niño alcance su potencial mediante tamizajes de salud y desarrollo. Ambos servicios se vinculan a través de la vigilancia: los resultados de los tamizajes sirven como insumo para asignar beneficios nutricionales a los casos de mayor riesgo. Esta sinergia garantiza que el apoyo alimentario sea acompañado de una estimulación adecuada para el bienestar integral.,"Source document: Normas-sustantivas-CEN-CINAI-30-09-2021.pdf; SISVENDIS-2023.pdf; Manual-operativo-Evaluacion-estado-nutricional-2019.pdf
Page/section: Normas-sustantivas-CEN-CINAI-30-09-2021.pdf: Páginas 4-6, 11-17 de 20; SISVENDIS-2023.pdf: Páginas 19 y 26 de 79; Manual-operativo-Evaluacion-estado-nutricional-2019.pdf: Página 3 de 48
Supporting excerpt: ""Los servicios antes mencionados se encuentran entrelazados, debido a que la visión de la Dirección Nacional de CEN-CINAI es congruente con la evidencia científica... se requiere una intervención integral..."" / ""Estos servicios de nutrición preventiva los realiza mediante la entrega de alimentación complementaria y la vigilancia del estado nutricional y el desarrollo infantil.""","El contexto proporcionado no menciona directamente el Reglamento Orgánico ni cómo se vinculan específicamente los servicios de ""Nutrición Preventiva"" con el de ""Promoción del Crecimiento y Desarrollo"" según ese reglamento. Sin embargo, sí se describe que ambos servicios están entrelazados en su propósito y ejecución. Se menciona que la ""Nutrición Preventiva"" se enfoca en el desarrollo de estrategias, servicios y proyectos para prevenir la malnutrición y promover hábitos alimentarios saludables, mientras que la ""Promoción del Crecimiento y Desarrollo"" se centra en la implementación de estrategias y proyectos para asegurar la atención óptima del niño y la niña menor de 13 años, incluyendo la vigilancia del estado nutricional y el nivel de desarrollo infantil. Ambos servicios buscan trabajar de manera integral para potenciar el desarrollo de los niños y niñas y sus familias, con una visión que considera múltiples factores como el contexto biológico, histórico, político, cultural y económico, así como las características individuales y el ambiente de vida. 

Aunque no se especifica la conexión según el Reglamento Orgánico, se puede inferir que ambos servicios trabajan de manera complementaria para lograr los objetivos institucionales de la Dirección Nacional de CEN-CINAI. Para responder a la pregunta de manera precisa, sería necesario tener acceso al contenido específico del Reglamento Orgánico.","Según el contexto proporcionado, el servicio de ""Nutrición Preventiva"" y el de ""Promoción del Crecimiento y Desarrollo"" están estrechamente vinculados. La Nutrición Preventiva se enfoca en la prevención de la malnutrición y la adopción de hábitos alimentarios saludables, mientras que la Promoción del Crecimiento y Desarrollo se centra en la implementación de estrategias y servicios para asegurar el crecimiento y desarrollo óptimo de los niños y niñas.

Ambos servicios están diseñados para trabajar juntos, ya que la nutrición adecuada es fundamental para el crecimiento y desarrollo saludable. La Dirección Nacional de CEN-CINAI busca proporcionar una atención integral que abarque ambos aspectos, con el objetivo de promover el bienestar y la salud de los niños y niñas.

En particular, la Nutrición Preventiva se realiza a través de la entrega de alimentación complementaria y la vigilancia del estado nutricional, lo que permite detectar problemas de crecimiento o desarrollo y tomar acciones preventivas. Por su parte, la Promoción del Crecimiento y Desarrollo implica la implementación de estrategias y servicios para fomentar el desarrollo integral de los niños y niñas, incluyendo la estimulación, la educación y la atención a necesidades especiales.

En resumen, el servicio de Nutrición Preventiva y el de Promoción del Crecimiento y Desarrollo están estrechamente vinculados y se complementan mutuamente, con el objetivo de promover el crecimiento y desarrollo saludable de los niños y niñas.","Según el contexto proporcionado, el servicio de ""Nutrición Preventiva"" y el de ""Promoción del Crecimiento y Desarrollo"" están íntimamente relacionados. La nutrición preventiva se enfoca en la entrega de alimentación complementaria y en la vigilancia del estado nutricional, lo que contribuye a prevenir la malnutrición y a promover hábitos saludables. Por su parte, la promoción del crecimiento y desarrollo se centra en implementar estrategias y proyectos que aseguren el óptimo desarrollo de los niños y niñas, monitoreando su estado nutricional y desarrollo infantil.

Ambos servicios se entrelazan porque la Dirección Nacional de CEN-CINAI busca una intervención integral, considerando factores biológicos, culturales, económicos y sociales que influyen en el desarrollo de las personas. La nutrición preventiva proporciona la base nutricional necesaria, mientras que la promoción del crecimiento y desarrollo asegura que los niños y niñas alcancen su potencial integral. Juntos, estos servicios buscan cerrar brechas sociales y garantizar una atención oportuna y de calidad, favoreciendo el bienestar y la salud de las poblaciones más vulnerables."
abierta_031,abierta,Explique las diferencias en la selección de gráficas de crecimiento para un niño con Síndrome de Down versus un niño nacido prematuro con menos de 50 semanas.,"Para un niño con Síndrome de Down se deben utilizar patrones de referencia específicos para esa condición, en lugar de las curvas estándar de la OMS. En el caso del niño prematuro menor de 50 semanas gestacionales, el estándar institucional exige el uso exclusivo de las gráficas de Fenton (2013). Una vez que el niño prematuro supera las 50 semanas gestacionales, se realiza la transición al patrón de crecimiento OMS 2006 utilizando la edad corregida. Estas distinciones son vitales para evitar clasificaciones erróneas del estado nutricional en poblaciones con necesidades especiales.","Source document: DVS_norma_nacional_uso_graficas_antropometricas_valoracion_nutriciol_0-19_2017.pdf; Procedimiento_Vigilancia_Crecimientoydesarrollo_intrayextramurosUIVCD.pdf; SISVENDIS-2023.pdf
Page/section: DVS_norma_nacional_uso_graficas_antropometricas_valoracion_nutriciol_0-19_2017.pdf: Páginas 2 y 7; Procedimiento_Vigilancia_Crecimientoydesarrollo_intrayextramurosUIVCD.pdf: Páginas 41-42, 45 de 45; SISVENDIS-2023.pdf: Páginas 31 y 50 de 79
Supporting excerpt: ""Gráficas de Fenton, 2013: se utiliza en niñas y niños pretérmino... con edad de hasta 50 semanas gestacionales..."" / ""Manual para la evaluación del estado nutricional de niñas y niños con necesidades especiales... abarca Síndrome de Down... usando patrones somáticos específicos.""","La información proporcionada en el contexto no especifica diferencias directas en la selección de gráficas de crecimiento entre un niño con Síndrome de Down y un niño nacido pretérmino con menos de 50 semanas de edad gestacional. Sin embargo, se menciona que para niños nacidos pretérmino se utilizan gráficas específicas como las de Fenton, 2013, que se aplican hasta 50 semanas de edad gestacional. Para niños con necesidades especiales, como el Síndrome de Down, se menciona que se deben utilizar manuales específicos para la evaluación del estado nutricional, pero no se detalla cuáles gráficas de crecimiento se deben usar en estos casos. Por lo tanto, no tengo suficiente información para explicar las diferencias específicas en la selección de gráficas de crecimiento entre ambos grupos de niños.","Para un niño con Síndrome de Down, se deben utilizar gráficas de crecimiento específicas que tengan en cuenta su condición, ya que su crecimiento y desarrollo pueden ser diferentes a los de un niño sin esta condición. Estas gráficas permiten una evaluación más precisa del estado nutricional y del crecimiento del niño.

Por otro lado, para un niño nacido prematuro con menos de 50 semanas, se utilizan las gráficas de Fenton, que están diseñadas específicamente para niños prematuros. Estas gráficas tienen en cuenta la edad gestacional y permiten evaluar el crecimiento y desarrollo del niño de manera adecuada.

En resumen, la principal diferencia en la selección de gráficas de crecimiento entre un niño con Síndrome de Down y un niño nacido prematuro es que se utilizan gráficas específicas para cada condición, que permiten una evaluación más precisa del estado nutricional y del crecimiento del niño. 

Además, para niños nacidos prematuros, se debe considerar la edad corregida, que se calcula restando las semanas que faltaron para completar las 40 semanas de gestación de la edad cronológica. Esto permite evaluar el desarrollo del niño de manera más precisa. 

En el caso de un niño con Síndrome de Down, no se menciona la necesidad de calcular la edad corregida, por lo que se asume que se utiliza la edad cronológica para evaluar su crecimiento y desarrollo. 

Es importante destacar que, en ambos casos, es fundamental utilizar las gráficas de crecimiento adecuadas para cada condición, ya que esto permite una evaluación precisa del estado nutricional y del crecimiento del niño, y permite identificar posibles problemas o desviaciones en el crecimiento y desarrollo.","Para un niño con Síndrome de Down, se utilizan gráficas de crecimiento específicas para niños con necesidades especiales, como las mencionadas en el contexto, que consideran su condición de salud crónica que afecta el crecimiento. Por otro lado, para un niño nacido prematuro con menos de 50 semanas, se utilizan las gráficas de Fenton, 2013, que se aplican hasta las 50 semanas gestacionales, considerando la edad gestacional y la edad cronológica corregida."
abierta_032,abierta,Describa los componentes del kit estandarizado EDIN II y por qué el instructivo prohíbe el reemplazo de estos materiales.,"El kit contiene objetos específicos como la ""Dona"" bicolor, sonajeros, cubos de colores y láminas ilustradas, todos con dimensiones y texturas normalizadas. Se prohíbe el reemplazo de estos materiales porque la validez científica de la prueba depende de que el estímulo sensorial sea idéntico para todos los niños evaluados. Un cambio en el tamaño o peso de un objeto podría alterar la respuesta motora o cognitiva del niño, invalidando el resultado del tamizaje. La estandarización asegura que los datos recolectados a nivel nacional sean comparables y fiables para la toma de decisiones.","Source document: Manual-EDIN-II-final-2020.pdf; SISVENDIS-2023.pdf
Page/section: Manual-EDIN-II-final-2020.pdf: Páginas 1, 2 y 10 de 331; SISVENDIS-2023.pdf: Páginas 31 y 69 de 79
Supporting excerpt: ""Este documento incluye la última versión de la prueba, el instructivo para su implementación y los materiales estandarizados de acuerdo con su tamaño, diseño y características... con el fin de garantizar la ejecución de los mismos de una forma clara, comprensible y adecuada, así como certificar la validez y confiabilidad del resultado del desarrollo...""","El contexto proporcionado no contiene información específica sobre los componentes exactos del kit estandarizado EDIN II ni menciona una prohibición explícita sobre el reemplazo de estos materiales. Por lo tanto, no puedo responder a la pregunta con la información dada.",No tengo suficiente información para describir los componentes del kit estandarizado EDIN II y por qué el instructivo prohíbe el reemplazo de estos materiales.,"El kit estandarizado del EDIN II incluye los siguientes componentes:

1. **Materiales necesarios para cada área del desarrollo evaluada**:
   - Motora gruesa
   - Motora fina
   - Cognitiva
   - Lenguaje
   - Socioafectiva

2. **Hoja para registro de resultados**:
   - Permite registrar los datos personales y los resultados obtenidos en las áreas mencionadas.

3. **Instructivo para su implementación**:
   - Guía para la persona evaluadora sobre cómo explicar cada ítem del EDIN II a las niñas y los niños.

4. **Láminas ilustradas**:
   - Utilizadas como parte de los materiales necesarios para la evaluación.

El instructivo prohíbe el reemplazo de estos materiales porque la validez y confiabilidad de la prueba dependen de la estandarización de los mismos. Cualquier cambio en los materiales podría afectar la consistencia y precisión de los resultados, lo que podría llevar a interpretaciones incorrectas del desarrollo del niño o niña."
abierta_033,abierta,"Analice el rol del ""Equipo de Área Técnica Regional"" en la consolidación del informe anual de malnutrición y la toma de decisiones basada en datos.",Este equipo actúa como el garante técnico de la supervisión y asesoría para las Oficinas Locales y los establecimientos de su región. Tienen la tarea de consolidar los datos de las herramientas Excel locales para elaborar un informe anual que resuma los hallazgos en nutrición y desarrollo. Realizan reflexiones analíticas sobre los resultados por oficina para identificar necesidades de capacitación o recursos adicionales. Su análisis permite que la Dirección Regional oriente sus metas y estrategias basándose en la situación epidemiológica real de su población atendida.,"Source document: Procedimiento_Atencin_Interdisciplinaria_Malnutricin_Versin_02_2020.pdf; SISVENDIS-2023.pdf
Page/section: Procedimiento_Atencin_Interdisciplinaria_Malnutricin_Versin_02_2020.pdf: Páginas 33-35, 98-99 de 140; SISVENDIS-2023.pdf: Páginas 37 y 51 de 79
Supporting excerpt: ""Jefatura de Área Técnica Regional... analiza los principales hallazgos obtenidos a partir de la información generada por los cuadros de salida de las herramientas... como insumo para la toma de decisiones y las acciones de acompañamiento técnico y seguimiento.""","El documento proporcionado menciona que la Jefatura de Área Técnica Regional tiene un papel clave en la revisión, análisis y control de calidad de la herramienta de seguimiento interdisciplinario de niños y niñas con malnutrición, en colaboración con el equipo interdisciplinario de Área Técnica. Además, se encarga de enviar la herramienta actualizada al nivel central después de realizar el control de calidad. Sin embargo, el documento no especifica en detalle el rol del ""Equipo de Área Técnica Regional"" en la consolidación del informe anual de malnutrición y cómo toman decisiones basadas en datos. Por lo tanto, no tengo suficiente información para analizar completamente el rol del ""Equipo de Área Técnica Regional"" en la consolidación del informe anual y la toma de decisiones basada en datos.","El Equipo de Área Técnica Regional juega un rol crucial en la consolidación del informe anual de malnutrición y la toma de decisiones basada en datos. A continuación, se presentan las responsabilidades y acciones que este equipo realiza en este contexto:

1. **Revisión y análisis de herramientas de seguimiento**: El Equipo de Área Técnica Regional es responsable de revisar y analizar las herramientas de seguimiento interdisciplinario de niños y niñas con malnutrición que son enviadas por las Oficinas Locales. Esto implica evaluar la calidad de la información, identificar patrones y tendencias, y verificar si se están cumpliendo los objetivos planteados.

2. **Control de calidad**: Este equipo realiza un control de calidad de las herramientas de seguimiento para asegurarse de que la información sea precisa, completa y consistente. Esto es fundamental para tomar decisiones informadas y efectivas.

3. **Solicitud de acciones de mejora**: Cuando es necesario, el Equipo de Área Técnica Regional solicita a las Oficinas Locales que implementen acciones de mejora. Esto puede incluir la actualización de procedimientos, la capacitación del personal, o la implementación de nuevas estrategias para abordar la malnutrición.

4. **Elaboración del informe anual**: Con base en la información consolidada de las Oficinas Locales, el Equipo de Área Técnica Regional elabora un informe anual sobre la atención interdisciplinaria de niños y niñas con malnutrición. Este informe incluye estrategias de seguimiento, resultados de las supervisiones, y análisis de los cuadros de salida de las herramientas de seguimiento.

5. **Toma de decisiones basada en datos**: El informe anual y el análisis de los datos permiten al Equipo de Área Técnica Regional tomar decisiones informadas sobre cómo abordar la malnutrición de manera efectiva. Esto puede implicar la asignación de recursos, la planificación de intervenciones, y la evaluación del impacto de las estrategias implementadas.

6. **Comunicación con el nivel nacional**: El informe anual es enviado al nivel nacional como parte del sistema de vigilancia","El ""Equipo de Área Técnica Regional"" desempeña un papel crucial en la consolidación del informe anual de malnutrición y en la toma de decisiones basada en datos. Su función incluye:

1. **Revisión y Análisis de Herramientas**: Solicitan y revisan las herramientas de seguimiento interdisciplinario de las Oficinas Locales para asegurar la calidad y consistencia de los datos. Esto implica un control de calidad colaborativo con los equipos interdisciplinarios.

2. **Solicitudes de Mejoras**: Cuando se identifican deficiencias, solicitan acciones de mejora y el instrumento de autoevaluación a las Oficinas Locales, lo que contribuye a la mejora continua de los procedimientos.

3. **Elaboración del Informe Regional**: Compilan un informe regional que incluye estrategias de seguimiento infantil, supervisiones realizadas y los cuadros de salida de la herramienta de seguimiento. Este informe se envía al nivel nacional como parte del sistema de vigilancia nutricional.

4. **Envío de Datos al Nivel Central**: Posterior al control de calidad, envían las herramientas actualizadas a la Unidad de Investigación y Vigilancia del Crecimiento y Desarrollo, lo que permite una evaluación más amplia de los efectos en el estado nutricional y desarrollo infantil.

5. **Identificación de Oportunidades de Mejora**: Analizan los resultados obtenidos a partir de las acciones de acompañamiento técnico, identificando áreas de mejora tanto en las Oficinas Locales como en la Región. Esto incluye la revisión de acciones como inducción, acompañamiento técnico, revisión de herramientas, autoevaluación y supervisión.

6. **Análisis de Hallazgos Relevantes**: A partir de los cuadros de salida de las Oficinas Locales, extraen hallazgos relevantes en el estado nutricional, nivel de desarrollo y salud, lo que permite respaldar decisiones e implementar acciones específicas.

En resumen, el Equipo de Área Técnica Regional actúa como un nexo clave en la consolidación de información, asegurando que los datos sean precisos y útiles para la toma de decisiones, y contribuyendo a la mejora de la atención interdisciplinaria en malnutrición."
abierta_034,abierta,"Explique cómo se determina la Prioridad 4 (Grupo J) y qué implica el concepto de ""año de protección"" para niños que reciben DAF.","La Prioridad 4 se asigna a niños beneficiarios del servicio DAF que han logrado recuperar un estado nutricional normal en todos sus indicadores. El ""año de protección"" es un periodo de 12 meses durante el cual el niño continúa recibiendo el beneficio alimentario para asegurar la estabilidad de su recuperación. Durante este tiempo, se clasifica en el Grupo J y el equipo interdisciplinario realiza seguimientos menos frecuentes, generalmente cada 10 meses. Este mecanismo busca prevenir recaídas nutricionales inmediatas y consolidar los avances logrados en el desarrollo integral.","Source document: Procedimiento_Atencin_Interdisciplinaria_Malnutricin_Versin_02_2020.pdf; Normas-sustantivas-CEN-CINAI-30-09-2021.pdf
Page/section: Procedimiento_Atencin_Interdisciplinaria_Malnutricin_Versin_02_2020.pdf: Páginas 31-32, 38 y 45 de 140; Normas-sustantivas-CEN-CINAI-30-09-2021.pdf: Páginas 13 y 20 de 20
Supporting excerpt: ""Grupo J Prioridad 4: Niños y niñas que reciben DAF y han recuperado su estado nutricional normal en todos los indicadores, por lo tanto, se inicia el año de protección en DAF... para que controle el peso y talla a los 10 meses de estar en periodo de protección y verifique su ENU normal...""","La Prioridad 4 (Grupo J) se determina para niños y niñas que reciben DAF (Dieta Auxiliar Familiar) y han recuperado su estado nutricional normal en todos los indicadores. Esto significa que estos niños y niñas ya no presentan desnutrición, sobrepeso u obesidad, y sus indicadores de crecimiento y desarrollo son normales. Al ser clasificados como Prioridad 4, se inicia un período de protección de un año en DAF a partir de la valoración del estado nutricional donde se reporta en estado nutricional normal. Durante este año de protección, se mantiene el seguimiento para asegurar que el niño o niña continúa evolucionando favorablemente en su estado nutricional y desarrollo. El año de protección implica un período durante el cual el niño o niña sigue siendo monitoreado, aunque con menos frecuencia que aquellos en prioridades más altas, para garantizar que mantiene su estado nutricional normal y que no hay regresión en su desarrollo.","La Prioridad 4 (Grupo J) se determina para niños y niñas que reciben DAF (Desarrollo de Apoyo Familiar) y han recuperado su estado nutricional normal en todos los indicadores. Esto implica que, a pesar de haber tenido problemas de malnutrición, estos niños han logrado recuperar su salud nutricional gracias al apoyo recibido.

El concepto de ""año de protección"" se refiere al período de tiempo durante el cual se monitorea y apoya a estos niños para asegurarse de que mantengan su estado nutricional normal. Durante este año, se realizan controles de peso y talla cada 10 meses para verificar que el niño o niña siga con un estado nutricional normal. Si después de este año de protección, el niño o niña mantiene su estado nutricional normal, se considera que ha completado con éxito el período de protección y puede ser dado de alta del servicio DAF.

En resumen, la Prioridad 4 (Grupo J) se enfoca en niños que han recuperado su salud nutricional gracias al apoyo de DAF y requieren un año de protección para asegurarse de que mantengan su progreso. Durante este período, se realizan monitoreos regulares para verificar su estado nutricional y, si todo va bien, se les da de alta del servicio DAF al final del año.","La Prioridad 4 (Grupo J) se asigna a niños y niñas menores de 5 años que presentan bajo peso en el indicador Peso/Edad y normal en los indicadores Peso/Talla y Talla/Edad. Además, tienen resultado adecuado en el nivel de desarrollo y no se identifican factores de riesgo individual, familiar o social significativos. Este grupo también incluye a niños y niñas que han recuperado su estado nutricional normal en todos los indicadores y se inicia el año de protección en DAF (Desarrollo Adecuado Familiar) a partir de la valoración del estado nutricional donde se reporta en estado nutricional normal.

El concepto de ""año de protección"" implica un período de seguimiento durante el cual se monitorea el estado nutricional y el desarrollo del niño o niña que ha recuperado su estado nutricional normal. Durante este año, se realizan controles periódicos para asegurar que el niño o niña mantenga su estado nutricional adecuado y que no surjan nuevos factores de riesgo. Al finalizar el año de protección, se evalúa nuevamente el estado nutricional y se decide si el niño o niña puede ser dado de alta del servicio DAF.

Según el contexto proporcionado, el seguimiento se realiza de la siguiente manera:
- Se registra en la herramienta de seguimiento interdisciplinario que el niño o niña está recuperado y se inicia el periodo de protección, anotando la fecha estimada de exclusión del DAF.
- Se comunica al ASSC3 y al profesional del establecimiento correspondiente para que controlen el peso y talla del niño o niña a los 10 meses de estar en periodo de protección y verifiquen su ENU (Estado Nutricional Último) normal, para confirmar la exclusión del servicio DAF a la Oficina Local.
- Una vez completado el año de protección, a partir de haber recuperado el estado nutricional normal, se procede a la exclusión del servicio DAF si se mantiene el estado nutricional adecuado.

En resumen, la Prioridad 4 implica un seguimiento más espaciado, con controles cada 10 meses, y el ""año de protección"" es un período de monitoreo para asegurar que el niño o niña mantenga su estado nutricional adecuado después de recuperarse de la malnutrición."
abierta_035,abierta,Describa la relación entre el tamizaje de agudeza visual y auditiva y el desarrollo integral del niño según los fundamentos del SISVENDIS.,"Estos tamizajes son pilares de la vigilancia integral, ya que cualquier déficit sensorial no detectado puede obstaculizar gravemente el aprendizaje y la comunicación. El SISVENDIS integra estas pruebas para identificar barreras físicas al desarrollo cognitivo y social de manera temprana. Al detectar problemas visuales o auditivos, el equipo puede realizar referencias oportunas a especialistas externos para mitigar el impacto en el desempeño escolar. Este enfoque refuerza la visión del niño como un ser integral donde la salud física es el cimiento para la adquisición de habilidades complejas.","Source document: SISVENDIS-2023.pdf; Procedimiento_Vigilancia_Crecimientoydesarrollo_intrayextramurosUIVCD.pdf
Page/section: SISVENDIS-2023.pdf: Páginas 33, 34 y 75 de 79; Procedimiento_Vigilancia_Crecimientoydesarrollo_intrayextramurosUIVCD.pdf: Páginas 16, 24 y 28 de 45
Supporting excerpt: ""...Para conocer la agudeza auditiva que tiene las niñas y los niños para percibir y discriminar los sonidos... Para conocer la nitidez de la visión o agudeza visual... se refieren y verifica el control en el EBAIS más cercano.""","Según los fundamentos del SISVENDIS, el tamizaje de agudeza visual y auditiva es parte de la vigilancia del crecimiento y desarrollo de niños y niñas, particularmente en aquellos con malnutrición. Estos tamizajes no constituyen por sí solos un seguimiento interdisciplinario, pero son insumos importantes para definir la estrategia de seguimiento y atención de los niños y niñas. La realización de estos tamizajes anualmente en niños mayores de tres años ayuda a identificar posibles problemas en la visión y audición, lo cual es crucial para el desarrollo integral del niño, ya que problemas en estas áreas pueden afectar su aprendizaje y desarrollo cognitivo y social.","Según los fundamentos del SISVENDIS, el tamizaje de agudeza visual y auditiva es parte de la vigilancia del crecimiento y desarrollo infantil. Estos tamizajes se utilizan para evaluar la agudeza visual y auditiva de los niños, lo que es fundamental para su desarrollo integral.

La agudeza visual se evalúa mediante la aplicación de una cartilla que permite conocer la nitidez de la visión del niño, mientras que la agudeza auditiva se evalúa mediante un tamizaje que permite detectar posibles problemas de audición.

La relación entre estos tamizajes y el desarrollo integral del niño es que permiten identificar posibles problemas o deficiencias en la visión o audición, lo que puede afectar el desarrollo cognitivo, social y emocional del niño. Al detectar estos problemas de manera temprana, se pueden tomar medidas para corregirlos o tratarlos, lo que puede mejorar significativamente el desarrollo integral del niño.

En este sentido, los tamizajes de agudeza visual y auditiva son un insumo importante para definir la estrategia de seguimiento de los niños y niñas, y para tomar decisiones informadas sobre su atención y desarrollo. De esta manera, el SISVENDIS busca promover el desarrollo integral de los niños, mediante la detección temprana y el tratamiento oportuno de posibles problemas de visión o audición.","Según los fundamentos del SISVENDIS, el tamizaje de agudeza visual y auditiva es una parte integral de la vigilancia del desarrollo infantil. Estos tamizajes se aplican para evaluar aspectos clave como la nitidez de la visión y la capacidad auditiva de los niños, lo que permite identificar posibles problemas en estos sentidos. Los resultados de estos tamizajes, junto con otros indicadores como el estado nutricional y el desarrollo, se utilizan para definir estrategias de seguimiento y atención, asegurando un desarrollo integral y oportuno para los niños."
abierta_036,abierta,"Explique el sistema de calificación por colores de la prueba EDIN II y qué acciones específicas se derivan de un resultado ""Amarillo"" tras tres meses de intervención.","El color amarillo indica un ""rezago"", lo que significa que el niño no ha logrado los hitos esperados para su grupo de edad actual. Si este resultado persiste tras tres meses de aplicar el plan de estimulación inicial, el equipo debe actualizar obligatoriamente la estrategia de abordaje. Esto incluye diseñar nuevas actividades de estimulación específicas y reforzar las recomendaciones educativas para el hogar. Si no hay mejoría posterior, el equipo debe valorar la referencia del caso a servicios de salud especializados de la CCSS.","Source document: Manual-EDIN-II-final-2020.pdf; Procedimiento_Atencin_Interdisciplinaria_Malnutricin_Versin_02_2020.pdf; Procedimiento_Vigilancia_Crecimientoydesarrollo_intrayextramurosUIVCD.pdf
Page/section: Manual-EDIN-II-final-2020.pdf: Página 7 de 331; Procedimiento_Atencin_Interdisciplinaria_Malnutricin_Versin_02_2020.pdf: Páginas 52 y 60 de 140; Procedimiento_Vigilancia_Crecimientoydesarrollo_intrayextramurosUIVCD.pdf: Página 28 de 45
Supporting excerpt: ""Luego de tres meses de aplicación de las estrategias se verifica si fue superado el rezago... Si los niños o niñas no logran superar el rezago, el equipo interdisciplinario actualiza la estrategia de abordaje y el plan de estimulación.""","El sistema de calificación por colores de la prueba EDIN II utiliza tres colores principales para indicar el nivel de desarrollo de la niña o el niño: verde, amarillo y rojo. El color verde indica un desarrollo normal, el amarillo señala un desarrollo por debajo de lo esperado pero con posibilidades de mejora, y el rojo indica un desarrollo significativamente por debajo de lo esperado, lo que requiere atención inmediata.

En cuanto a un resultado amarillo tras tres meses de intervención, el contexto proporcionado no especifica acciones específicas para este caso particular. Sin embargo, en general, cuando se obtiene un resultado amarillo en la prueba EDIN II, se recomienda realizar una evaluación dos veces al año y continuar con las actividades que favorecen la promoción del desarrollo. Si después de la intervención persiste el resultado amarillo, podría sugerirse una revisión más detallada y posiblemente la intervención de un equipo interdisciplinario para evaluar la situación y ajustar las estrategias de apoyo. Sin embargo, esta interpretación va más allá de la información proporcionada directamente en el contexto, por lo que no puedo afirmar con certeza estas acciones sin más detalles.","Según el contexto proporcionado, la prueba EDIN II utiliza un sistema de calificación por colores para evaluar el desarrollo infantil. Los colores mencionados son:

- Verde: Desarrollo normal, la niña o niño cumple con los hitos del desarrollo correspondiente a su grupo de edad.
- Amarillo: Bajo en uno o dos niveles de EDIN, lo que indica algún retraso o dificultad en el desarrollo.
- Rojo: Bajo en tres o más niveles de EDIN, lo que sugiere un desarrollo significativamente retrasado o con dificultades más severas.

Para un resultado ""Amarillo"" tras tres meses de intervención, el contexto no proporciona detalles específicos sobre las acciones a tomar inmediatamente después de este período. Sin embargo, se menciona que:

- Niñas o niños con resultado global amarillo en la evaluación EDIN II deben ser evaluados dos veces al año.
- Si un niño o niña presenta un resultado de 1 o 0 puntos en una o más áreas del desarrollo con logro de la edad anterior, se le evalúa dos veces al año.
- Si un niño o niña presenta un resultado de 1 o 0 puntos en una o más áreas del desarrollo sin logro de la edad anterior, se le evalúa dos veces al año y se hace una referencia al equipo interdisciplinario para su atención.

En resumen, aunque el contexto no especifica acciones inmediatas para un resultado ""Amarillo"" después de tres meses, sugiere un seguimiento más frecuente y, dependiendo de la situación, una posible intervención o referencia a un equipo interdisciplinario para apoyar el desarrollo del niño o niña.","El sistema de calificación por colores de la prueba EDIN II se basa en tres colores principales: verde, amarillo y rojo. Estos colores indican el nivel de desarrollo de la niña o el niño en las diferentes áreas evaluadas (motora gruesa, motora fina, cognitiva, lenguaje y socioafectiva). 

- **Verde**: Indica que el desarrollo es adecuado para la edad cronológica del niño o niña. No se requieren intervenciones adicionales, solo se mantienen las actividades de promoción del desarrollo.
- **Amarillo**: Significa que hay un retraso significativo en uno o más niveles del desarrollo. Se recomienda una evaluación más frecuente y, en algunos casos, una intervención más intensiva.
- **Rojo**: Indica un retraso significativo en tres o más niveles del desarrollo. Se requiere una atención interdisciplinaria inmediata para abordar las necesidades del niño o niña.

Tras tres meses de intervención, si el resultado de la prueba EDIN II es **Amarillo**, las acciones específicas que se derivan son:
1. Realizar una evaluación más frecuente, generalmente dos veces al año.
2. Si no se logra progreso significativo, se debe referir al niño o niña al equipo interdisciplinario para una atención más especializada.

Estas acciones buscan asegurar que se aborden las necesidades del desarrollo de manera oportuna y efectiva."
abierta_037,abierta,"Analice cómo la norma de ""Selección de Usuarios"" (SC-N-01) garantiza la equidad en el acceso a los servicios de CEN-CINAI.","La norma exige la aplicación de un estudio de selección a todas las personas interesadas que se encuentren en condición de pobreza o riesgo social. Al estandarizar los criterios antropométricos y socioeconómicos de ingreso, se asegura que los recursos institucionales se asignen a quienes tienen mayor vulnerabilidad. CEN-CINAI evita la exclusión arbitraria mediante el uso de herramientas objetivas como la boleta CAH y el CAF para medir la necesidad real. Este marco normativo garantiza que el acceso a la salud pública sea un derecho ejercido con equidad y basado en evidencia técnica.","Source document: Normas-sustantivas-CEN-CINAI-30-09-2021.pdf
Page/section: Páginas 10-11 y 24-27 de 20 (Norma SC-N-01)
Supporting excerpt: ""La selección de usuarios se realiza desde un enfoque de equidad, focalizando sus acciones en la población materno-infantil que cumple con los siguientes criterios: situación de pobreza y riesgo social... por lo que se hacen todos los esfuerzos por atender a la totalidad de las niñas y niños en condición de pobreza extrema.""","La norma de ""Selección de Usuarios"" (SC-N-01) garantiza la equidad en el acceso a los servicios de CEN-CINAI al enfocarse en la población en condición de pobreza básica o extrema y/o riesgo social, desde la gestación hasta menos de 13 años, incluyendo adolescentes madres y mujeres en periodo de gestación o lactancia. Esta norma se basa en principios de equidad y derechos, y utiliza el instrumento llamado Caracterización del Ambiente Familiar (CAF) para evaluar y priorizar la atención de las familias que solicitan los servicios. De esta manera, se asegura que los servicios sean proporcionados a quienes más lo necesiten, favoreciendo el crecimiento y desarrollo sano de niñas y niños en condiciones vulnerables.","La norma de ""Selección de Usuarios"" (SC-N-01) garantiza la equidad en el acceso a los servicios de CEN-CINAI mediante la aplicación de un enfoque de equidad, que focaliza sus acciones en la población materno-infantil en situación de pobreza y riesgo social. Esto se logra a través de la selección permanente de usuarios, considerando criterios como la situación de pobreza y riesgo social, y priorizando la atención a aquellos que más lo necesitan.

La norma establece que la selección de usuarios se realiza mediante la aplicación del instrumento ""Caracterización del Ambiente Familiar"" (CAF), que permite caracterizar a las familias que solicitan los servicios de CEN-CINAI y priorizar su atención según sus necesidades.

Además, la norma se sustenta en la Ley 8809, el Reglamento Orgánico de la Dirección Nacional de CEN-CINAI y la Ley 9137, lo que garantiza que la selección de usuarios se realice de manera justa y equitativa.

En resumen, la norma de ""Selección de Usuarios"" (SC-N-01) garantiza la equidad en el acceso a los servicios de CEN-CINAI mediante:

1. La aplicación de un enfoque de equidad que prioriza la atención a la población más vulnerable.
2. La selección permanente de usuarios según criterios de pobreza y riesgo social.
3. La utilización del instrumento ""Caracterización del Ambiente Familiar"" (CAF) para caracterizar y priorizar la atención a las familias.
4. La sustentación en leyes y reglamentos que garantizan la justicia y equidad en la selección de usuarios.","La norma de ""Selección de Usuarios"" (SC-N-01) garantiza la equidad en el acceso a los servicios de CEN-CINAI mediante los siguientes aspectos:

1. **Enfoque de Equidad**: La norma establece que la selección de usuarios se realiza desde un enfoque de equidad, focalizando en la población en condición de pobreza básica o extrema y/o riesgo social. Esto asegura que las personas más vulnerables tengan prioridad en el acceso a los servicios.

2. **Criterios de Selección**: Se consideran criterios como la pobreza, el riesgo social, y la condición de adolescentes madres o mujeres en periodo de gestación o lactancia. Esto permite identificar a las personas que requieren atención prioritaria.

3. **Instrumentos de Caracterización**: Se utiliza el instrumento ""Caracterización del Ambiente Familiar (CAF)"", que evalúa variables sociales, económicas y de salud para priorizar la atención de las familias más vulnerables.

4. **Registro y Registro Único**: Se utiliza la ""Ficha de Inclusión Social"", que forma parte del Sistema Nacional de Información y Registro Único de Beneficiarios del Estado (SINERUBE), para garantizar un registro transparente y equitativo de las familias atendidas.

5. **Permanencia en la Selección**: Dado que los servicios se brindan de manera continua, la selección de usuarios es permanente, lo que permite una atención constante y adaptada a las necesidades cambiantes de la población.

Estos aspectos aseguran que la norma SC-N-01 promueva la equidad en el acceso a los servicios, priorizando a las personas más vulnerables y garantizando que reciban la atención necesaria para su crecimiento y desarrollo sano."
abierta_038,abierta,Describa los lineamientos de custodia del expediente físico de malnutrición y quiénes tienen acceso a las anotaciones especializadas de cada disciplina.,"Los expedientes deben permanecer bajo custodia física en la Oficina Local, debidamente foliados y protegidos contra pérdida o daño. El acceso a las notas especializadas de Psicología, Nutrición o Terapia de Lenguaje está restringido a los miembros del equipo interdisciplinario y personal autorizado. Esto protege la confidencialidad de la información sensible del menor y su familia mientras se asegura el uso profesional de los datos. Durante cada sesión de seguimiento, el expediente debe estar disponible para que los profesionales consulten y registren la evolución cronológica del caso.","Source document: Procedimiento_Atencin_Interdisciplinaria_Malnutricin_Versin_02_2020.pdf
Page/section: Páginas 121-124 de 140 (Anexo 8)
Supporting excerpt: ""El expediente completo... se archiva en el ampo, folder o archivo que el equipo... ha definido como lugar de custodia... en la sede de la Oficina Local... anotaciones más detalladas y propias de la especialidad... estará bajo la custodia del profesional respectivo y no se archivan como parte del expediente.""","Los lineamientos de custodia del expediente físico de malnutrición son los siguientes:

1. Después de cada sesión de equipo interdisciplinario, el instrumento de seguimiento interdisciplinario del niño o niña con malnutrición se incluye en el expediente del niño o niña con malnutrición.
2. El expediente completo se archiva en un ampo, folder o archivo que el equipo interdisciplinario ha definido como lugar de custodia y protección de todos los expedientes, ubicado en la sede de la Oficina Local correspondiente.
3. Cualquier miembro del equipo interdisciplinario itinerante y la jefatura de la Oficina Local tendrán acceso al archivo de los expedientes, respetando el orden administrativo de custodia de los expedientes definido por la Oficina Local.

En cuanto a las anotaciones especializadas de cada disciplina, estas son realizadas por cada profesional en su propia documentación y no se archivan como parte del expediente general. Estas anotaciones están bajo la custodia del profesional respectivo y se utilizan para informar al resto del equipo interdisciplinario sobre acciones específicas realizadas, siempre respetando la intimidad del caso y los derechos del niño o niña. Solo el profesional que hizo las anotaciones tiene acceso directo a ellas, aunque puede compartir la información relevante con el equipo durante las sesiones de trabajo.","Según el contexto proporcionado, los lineamientos de custodia del expediente físico de malnutrición son los siguientes:

1. Después de cada sesión de equipo interdisciplinario, el expediente se archiva en un lugar definido por el equipo, ubicado en la sede de la Oficina Local correspondiente.
2. Cualquier miembro del equipo interdisciplinario y la jefatura de Oficina Local tienen acceso al archivo de los expedientes, pero deben respetar el orden administrativo de custodia de los expedientes.
3. Los profesionales que tienen acceso a los expedientes deben cumplir con las reglas de ética profesional y de confidencialidad, y acatar lo establecido en la Ley 8968 de Protección de la persona frente al tratamiento de sus datos personales.

En cuanto a las anotaciones especializadas de cada disciplina, se establece que:

1. Cada profesional debe realizar anotaciones específicas y especializadas en su propia documentación, de manera que se respeta la intimidad de cada caso y se protege los derechos del niño o niña.
2. Estas anotaciones estarán bajo la custodia del profesional respectivo y no se archivan como parte del expediente.
3. En sesión de equipo interdisciplinario, el profesional respectivo informa al resto del equipo que ha procedido a realizar anotaciones específicas y especializadas bajo su custodia.

En resumen, los profesionales que tienen acceso a las anotaciones especializadas de cada disciplina son los miembros del equipo interdisciplinario y la jefatura de Oficina Local, pero solo el profesional respectivo tiene acceso a sus propias anotaciones especializadas, que están bajo su custodia.","Los lineamientos de custodia del expediente físico de malnutrición establecen que, después de cada sesión del equipo interdisciplinario, el instrumento de seguimiento se incluye en el expediente del niño o niña con malnutrición. Este expediente se archiva en un ampo, folder o archivo designado por el equipo interdisciplinario, ubicado en la sede de la Oficina Local correspondiente. Todo miembro del equipo interdisciplinario y la jefatura de la Oficina Local tienen acceso al archivo, respetando el orden administrativo de custodia.

En cuanto a las anotaciones especializadas de cada disciplina, estas se realizan en la documentación personal de cada profesional, especialmente cuando se trata de casos de alta sensibilidad. Estas anotaciones no forman parte del expediente archivado, sino que son custodiadas por el profesional respectivo. Sin embargo, el profesional debe informar al equipo interdisciplinario sobre las anotaciones realizadas y, en caso de traslado del expediente, transmitir toda la información necesaria al profesional homólogo de la Oficina receptora, respetando siempre la Ley 8968 de Protección de Datos Personales."
abierta_039,abierta,"Explique cómo el personal debe prepararse para la toma de peso y talla, detallando los requisitos del lugar y los ajustes técnicos en el equipo antropométrico.","El lugar de medición debe estar bien iluminado y contar con un piso firme y nivelado para evitar errores en la lectura de las balanzas. El equipo antropométrico debe ser verificado y calibrado antes de iniciar cada sesión de tamizaje para garantizar su precisión. Al niño se le debe solicitar retirar zapatos, exceso de ropa y objetos de los bolsillos que sumen peso falso. Para la talla, se debe determinar si el niño es menor de 2 años para medirlo acostado (longitud) o mayor de 2 años para medirlo de pie (estatura).","Source document: Manual-operativo-Evaluacion-estado-nutricional-2019.pdf
Page/section: Páginas 5-6 de 48 (Sección C. Pasos previos) y Páginas 8-14 de 48
Supporting excerpt: ""1. Preparación del equipo: a. Para la balanza colóquele las baterías si es electrónica, si es mecánica verifique que las pesas estén en cero... 2. Preparación del lugar: Busque un lugar con suficiente luz y ventilación, cuidando que el piso sea liso y esté a nivel...""","Para la toma de peso y talla, el personal debe prepararse siguiendo varios pasos:

1. **Preparación del equipo**:
   - **Balanzas**: Si es una balanza electrónica, colocar las baterías y verificar que estén en cero. Si es mecánica, asegurarse de que las pesas también estén en cero.
   - **Tallímetro, infantómetro, cinta métrica, estadiómetro**: Verificar su estado higiénico y legibilidad de los números.
   - **Estadiómetro portátil por ondas ultrasónicas**: Colocar las baterías.

2. **Preparación del lugar**:
   - Seleccionar un lugar con suficiente luz y ventilación.
   - Asegurarse de que el piso sea liso y esté a nivel para calibrar adecuadamente la balanza.

3. **Preparación de los documentos de control y registro de datos**:
   - Preparar el expediente donde se registrará la información, incluyendo las gráficas de crecimiento somático correspondientes (Peso para la Edad, Peso para Talla, Talla para la Edad, Índice de Masa Corporal).
   - En el caso de niños y niñas que se miden por primera vez, alistar las gráficas necesarias.
   - Para niños y niñas con expediente activo, ubicar las gráficas donde se ha evaluado en el tiempo.

Además, es importante tener en cuenta que las mediciones deben realizarse preferiblemente cuando la niña o el niño estén en buen estado de salud y en presencia de la madre, padre o encargado para garantizar la colaboración y seguridad del niño durante el proceso.","Para prepararse para la toma de peso y talla, el personal debe seguir una serie de pasos y consideraciones importantes. En primer lugar, se debe **preparar el equipo**:

1.  **Balanza**: Verificar que esté calibrada y limpia. Si es electrónica, asegurarse de que tenga baterías. Si es mecánica, verificar que las pesas estén en cero.
2.  **Tallímetro, estadiómetro portátil y/o infantómetro**: Verificar su estado higiénico y la legibilidad de los números. Para el estadiómetro portátil por ondas ultrasónicas, colocarle las baterías.

En segundo lugar, se debe **preparar el lugar**:

*   Buscar un lugar con suficiente luz y ventilación.
*   Asegurarse de que el piso sea liso y esté a nivel, lo que permita calibrar la balanza adecuadamente.

En tercer lugar, se debe **preparar los documentos de control y registro de los datos**:

*   Preparar el expediente donde se registrará la información, con las respectivas gráficas de crecimiento somático según corresponda (P/E, P/T, T/E, IMC).
*   En los casos de niños y niñas que se miden por primera vez, alistar las gráficas que necesite.
*   En los casos de niño o niñas con expediente activo, ubicar las gráficas donde ha sido evaluado en el tiempo el niño y la niña.

Finalmente, se deben considerar **cuidados relacionados al momento de tomar las mediciones**:

*   La evaluación debe hacerse en presencia de la madre, padre o encargado, para que el niño o niña se sienta menos temeroso y para que el adulto pueda colaborar si es necesario.
*   Explicar de forma amigable y con un lenguaje simple lo que se va a hacer, solicitando la colaboración del niño o niña y de su acompañante.
*   Realizar las mediciones preferiblemente cuando el niño o niña estén en buen estado de salud, evitando mediciones si presentan síntomas de enfermedad que puedan afectar su peso o estado general","Para prepararse para la toma de peso y talla, el personal debe seguir los siguientes pasos:

1. **Preparación del equipo:**
   - **Balanza:** Si es electrónica, colocar las baterías y verificar que las pesas estén en cero. Si es mecánica, asegurarse de que las pesas estén en cero.
   - **Tallímetro, estadiómetro portátil o infantómetro:** Verificar su estado higiénico y legibilidad de los números.
   - **Estadiómetro portátil por ondas ultrasónicas:** Colocar las baterías.

2. **Preparación del lugar:**
   - Buscar un lugar con suficiente luz y ventilación.
   - Asegurarse de que el piso sea liso, nivelado y permita calibrar la balanza adecuadamente.

3. **Preparación de los documentos:**
   - Preparar el expediente del niño o niña con las gráficas de crecimiento correspondientes (peso para la edad, peso para talla, talla para la edad, índice de masa corporal).
   - Asegurarse de que las gráficas estén en condiciones para registrar los datos.

4. **Cuidados relacionados al momento de tomar las mediciones:**
   - Realizar las mediciones en presencia de la madre, padre o encargado para que el niño o niña se sienta más seguro.
   - Explicar amablemente al niño o niña y a los responsables el procedimiento.
   - Realizar las mediciones preferiblemente cuando el niño o niña estén en buen estado de salud, sin síntomas de enfermedad que puedan afectar el peso o la talla.

5. **Ajustes técnicos en el equipo antropométrico:**
   - Verificar que el infantómetro esté en buenas condiciones de higiene y que los números sean legibles.
   - Asegurarse de que el estadiómetro portátil por ondas ultrasónicas esté correctamente calibrado y funcional.

Estos pasos aseguran que las mediciones sean precisas y que el niño o niña se sienta cómodo durante el proceso."
abierta_040,abierta,Analice el impacto de la malnutrición en el desarrollo infantil (rezago o riesgo de retraso) y cómo el procedimiento prioriza esta relación en los Grupos A y D.,"El procedimiento reconoce que las deficiencias nutricionales severas pueden comprometer el crecimiento cerebral y la adquisición de habilidades cognitivas y motoras. Los Grupos A y D se priorizan como Nivel 1 porque combinan malnutrición biológica con un resultado de ""Riesgo de Retraso"" (Rojo) en el desarrollo integral. Esta priorización asegura que el niño reciba una intervención intensiva que incluya tanto recuperación nutricional como planes de estimulación temprana. El objetivo final es revertir el daño potencial y asegurar que el menor alcance su calidad de vida óptima.","Source document: Procedimiento_Atencin_Interdisciplinaria_Malnutricin_Versin_02_2020.pdf; Manual-EDIN-II-final-2020.pdf; SISVENDIS-2023.pdf
Page/section: Procedimiento_Atencin_Interdisciplinaria_Malnutricin_Versin_02_2020.pdf: Páginas 39-42 y 45 de 140; Manual-EDIN-II-final-2020.pdf: Página 1; SISVENDIS-2023.pdf: Páginas 16 y 50 de 79
Supporting excerpt: ""Grupo A Menores 3 años - Prioridad 1... Nivel del desarrollo: EDIN II: Rojo... Grupo D 3 a menos de 5 años - Prioridad 1... Nivel del desarrollo: EDIN II: Rojo... Presencia significativa de uno o más indicadores de riesgo...""","La información proporcionada menciona grupos de riesgo y condiciones de malnutrición, pero no especifica directamente un Grupo D. Se describen grupos A, B, C, F, G, I y J, cada uno con diferentes niveles de prioridad y condiciones de malnutrición. En el Grupo A, se menciona que los menores de 3 años con signifi_cativos indicadores de riesgo en ámbitos individual, familiar o comunitario son considerados de prioridad 1, lo que implica que la malnutrición y estos factores de riesgo tienen un impacto significativo en el desarrollo infantil, potencialmente causando retraso o riesgo de retraso en el desarrollo. Sin embargo, sin información específica sobre un Grupo D, no puedo analizar cómo este grupo en particular prioriza la relación entre la malnutrición y el desarrollo infantil. Por lo tanto, no tengo suficiente información para responder completamente a la pregunta sobre el Grupo D.","Según el contexto proporcionado, la malnutrición puede tener un impacto significativo en el desarrollo infantil, aumentando el riesgo de rezago o retraso en el desarrollo. El procedimiento para la atención interdisciplinaria del niño o niña con malnutrición prioriza esta relación en los diferentes grupos de riesgo.

En el Grupo A, que corresponde a menores de 3 años con prioridad 1, se considera la condición de malnutrición y su impacto en el desarrollo infantil. Se evalúa la presencia de indicadores de riesgo en uno o más ámbitos que afecten el adecuado crecimiento y desarrollo, incluyendo la malnutrición. El nivel de desarrollo se evalúa mediante la prueba EDIN, y se considera un resultado bajo en tres o más niveles según la edad como un indicador de riesgo.

Sin embargo, no hay información disponible en el contexto sobre el Grupo D. Solo se mencionan los Grupos A, B, C, F, G, I y J, pero no se proporciona información sobre el Grupo D.

En resumen, el procedimiento prioriza la relación entre la malnutrición y el desarrollo infantil en los Grupos A, considerando la condición de malnutrición y su impacto en el desarrollo infantil, pero no hay información disponible sobre el Grupo D.","La malnutrición puede afectar significativamente el desarrollo infantil, causando rezago o riesgo de retraso. En los Grupos A y D, el procedimiento prioriza esta relación mediante la evaluación de indicadores de malnutrición y el nivel de desarrollo. En el Grupo A, se identifican condiciones de malnutrición como desnutrición severa, desnutrición, sobrepeso y obesidad, junto con factores de riesgo individual, familiar y comunitario. En el Grupo D, se consideran los mismos indicadores de malnutrición, pero se enfoca en la ausencia de factores de riesgo significativos. Ambos grupos utilizan la Prueba EDIN II para evaluar el desarrollo infantil, clasificando los resultados como ""Riesgo de retraso"" o ""Rezago"" según las conductas esperadas para la edad del niño o niña."
abierta_041,abierta,Describa el flujo de información desde que se detecta un caso con boleta VE01 hasta que se registra en el Sistema Nacional de Vigilancia de la Salud.,"Una vez detectado el caso de malnutrición, el funcionario tiene un plazo máximo de 5 días hábiles para completar la boleta de notificación individual VE01. Esta boleta se remite inmediatamente al Área Rectora de Salud del Ministerio de Salud más cercana al establecimiento. Este paso integra la detección local de CEN-CINAI en el Sistema Nacional de Vigilancia de la Salud para el seguimiento epidemiológico estatal. Simultáneamente, la información se digita en la herramienta Excel institucional para el control administrativo regional y nacional.","Source document: Procedimiento_Atencin_Interdisciplinaria_Malnutricin_Versin_02_2020.pdf; DVS_norma_nacional_uso_graficas_antropometricas_valoracion_nutriciol_0-19_2017.pdf
Page/section: Procedimiento_Atencin_Interdisciplinaria_Malnutricin_Versin_02_2020.pdf: Páginas 25, 52, 72 y 103; DVS_norma_nacional_uso_graficas_antropometricas_valoracion_nutriciol_0-19_2017.pdf: Páginas 27-28
Supporting excerpt: ""Registro de la notificación obligatoria, en la plataforma SINAVISA de vigilancia de la salud o con base al mecanismo acordado con el Área Rectora de Salud respectiva. Decreto de Notificación obligatoria # 40556-S. Ministerio de Salud.""","El contexto proporcionado no contiene una descripción detallada del flujo de información específico desde la detección de un caso con boleta VE01 hasta su registro en el Sistema Nacional de Vigilancia de la Salud. Se menciona la boleta de notificación individual de vigilancia epidemiológica VE01 y se habla de la importancia de la vigilancia y el registro de información en salud, pero no se explica el proceso exacto de cómo esa información fluye desde la detección hasta el sistema nacional. Por lo tanto, no tengo suficiente información para responder a la pregunta de manera precisa.","Según el contexto proporcionado, el flujo de información desde que se detecta un caso con boleta VE01 hasta que se registra en el Sistema Nacional de Vigilancia de la Salud es el siguiente:

1. **Detección del caso**: Se detecta un caso que requiere notificación, como un problema de salud o un evento de interés para la vigilancia epidemiológica.
2. **Boleta VE01**: Se completa la boleta VE01, que es el instrumento utilizado para notificar los casos detectados.
3. **Registro en el expediente**: La información de la boleta VE01 se registra en el expediente de la niña o niño correspondiente.
4. **Referencia al equipo de atención interdisciplinaria**: El caso es referido al equipo de atención interdisciplinaria de la Oficina Local respectiva para su debida atención.
5. **Análisis e interpretación de datos**: El equipo de atención interdisciplinaria analiza e interpreta los datos del caso para determinar las acciones a tomar.
6. **Registro en el Sistema Nacional de Vigilancia de la Salud**: La información del caso se registra en el Sistema Nacional de Vigilancia de la Salud, según la normativa de notificación establecida por el Ministerio de Salud.

Es importante destacar que, aunque el contexto proporciona información sobre el flujo de información, no se proporcionan detalles específicos sobre cómo se transmite la información desde el expediente del niño o niña hasta el Sistema Nacional de Vigilancia de la Salud. Sin embargo, se menciona que se deben utilizar los instrumentos y procedimientos establecidos por el Ministerio de Salud para la notificación y registro de casos en el Sistema Nacional de Vigilancia de la Salud.","El flujo de información desde que se detecta un caso con boleta VE01 hasta que se registra en el Sistema Nacional de Vigilancia de la Salud es el siguiente:

1. **Detección del caso**: Cuando se detecta un caso que requiere atención, se utiliza la boleta VE01 para notificarlo.

2. **Registro en el expediente**: Los datos del caso se registran en el expediente de la niña o niño, incluyendo información sobre su crecimiento, desarrollo y entorno social.

3. **Referencia al equipo interdisciplinario**: El caso es referido al equipo de atención interdisciplinaria de la Oficina Local respectiva para su debida atención y seguimiento.

4. **Seguimiento y actualización**: Los profesionales de la Oficina Local realizan el seguimiento del caso, actualizando los datos en los expedientes y registrando cualquier cambio en las situaciones de riesgo individual, familiar o comunitario.

5. **Transmisión de datos al sistema nacional**: Los datos recopilados se transmiten al Sistema Nacional de Vigilancia de la Salud, cumpliendo con la normativa de notificación establecida por el Ministerio de Salud.

6. **Generación de informes**: Se generan informes que reflejan la información recolectada, contribuyendo a la toma de decisiones para mejorar la nutrición y el desarrollo de las poblaciones.

Este proceso asegura que la información sea sistemática, analizada e interpretada para detectar cambios en el estado de salud y permitir la toma de decisiones oportunas."
abierta_042,abierta,Explique cómo se utiliza el nomograma del Anexo 3 para el cálculo del IMC y en qué casos es preferible usar la calculadora del software Anthro.,"El nomograma es una herramienta gráfica que permite una estimación rápida del IMC en niños mayores de 5 años cruzando los valores de peso y talla. No obstante, el software Anthro de la OMS es preferible para clasificaciones definitivas debido a su capacidad para calcular puntajes Z exactos. Los profesionales en Nutrición deben utilizar Anthro para verificar los datos de detección y asegurar la confiabilidad del diagnóstico nutricional institucional. Su uso es obligatorio en casos complejos o de niños con necesidades especiales que requieren patrones de referencia específicos.","Source document: Manual-operativo-Evaluacion-estado-nutricional-2019.pdf; Procedimiento_Atencin_Interdisciplinaria_Malnutricin_Versin_02_2020.pdf
Page/section: Manual-operativo-Evaluacion-estado-nutricional-2019.pdf: Páginas 18 y 24; Procedimiento_Atencin_Interdisciplinaria_Malnutricin_Versin_02_2020.pdf: Páginas 62, 66 y 81
Supporting excerpt: ""Determinar o calcular el IMC a partir del peso y la talla... mediante el uso de una tabla... o un nomograma... En la fila Puntaje Z, el profesional en nutrición de la Oficina Local deberá obtener el dato utilizando la calculadora del software Anthro... Se debe anotar el resultado con dos decimales y signo...""","El contexto proporcionado no contiene detalles específicos sobre cómo se utiliza el nomograma del Anexo 3 para calcular el IMC ni menciona directamente cuándo es preferible usar la calculadora del software Anthro en lugar del nomograma. Por lo tanto, no puedo responder a la pregunta con la información dada.","Según el contexto proporcionado, el nomograma del Anexo 3 se utiliza para calcular el índice de masa corporal (IMC) de los niños y niñas. A continuación, se presentan los pasos para utilizar el nomograma:

1.  Encuentre la talla del niño o niña en la primera columna de la tabla.
2.  En caso de que no se muestre la medición exacta, seleccione la más cercana. Si la medición del niño o niña está justo en medio de los valores que se muestran, seleccione la próxima medición mayor.
3.  Observe a lo largo de la fila para encontrar el peso del niño o niña según la talla seleccionada, posteriormente seleccione el peso más cercano.
4.  Una vez designado el peso del niño o niña, desplace su dedo hacia arriba o hacia abajo para encontrar el IMC que se encuentran anotados en la primera o última fila.
5.  Registre el dato obtenido del IMC en la gráfica respectiva y proceda a plotear el dato en la gráfica para obtener el estado nutricional del niño o niña.

En cuanto a cuándo es preferible usar la calculadora del software Anthro, según el contexto, se recomienda utilizarla para verificar el dato del IMC y completar la casilla de puntaje Z, especialmente cuando se requiere una mayor precisión o cuando se están evaluando indicadores como P/E (Peso para la edad), P/T (Peso para la talla) y T/E (Talla para la edad) en menores de 5 años. Además, la calculadora del software Anthro puede ser útil para automatizar el cálculo del IMC y reducir errores humanos. Sin embargo, no hay una indicación explícita de que sea preferible usar la calculadora del software Anthro en lugar del nomograma en todos los casos. La elección entre el nomograma y la calculadora del software Anthro puede depender de las preferencias personales del profesional de la salud o de las políticas de la institución en la que se está trabajando.","Para calcular el IMC utilizando el nomograma del Anexo 3, se deben seguir estos pasos:

1. **Encontrar la talla del niño o niña**: Buscar la talla del niño o niña en la primera columna del nomograma. Si la medición no coincide exactamente con un valor, seleccionar el valor más cercano. Si la medición está justo en medio de dos valores, seleccionar el valor mayor. Por ejemplo, si la talla es 88.8 cm, se selecciona 89 cm, y si es 88.4 cm, se selecciona 88 cm.

2. **Seleccionar el peso más cercano**: Una vez encontrada la talla, observar a lo largo de la fila para encontrar el peso del niño o niña según la talla seleccionada. Seleccionar el peso más cercano. Si el peso está justo en medio de dos valores, seleccionar el peso aproximado siguiendo el ejemplo anterior (>0.5=6 o <0.5=5).

3. **Determinar el IMC**: Desplazar el dedo hacia arriba o hacia abajo para encontrar el IMC correspondiente, que se encuentra anotado en la primera o última fila del nomograma.

4. **Registrar el dato**: Registre el dato obtenido del IMC en la gráfica respectiva, asegurándose de usar la gráfica correspondiente al sexo del niño o niña.

**Casos en los que es preferible usar la calculadora del software Anthro**:

- Cuando se requiere una mayor precisión en los cálculos, especialmente para niños menores de 5 años, donde se necesitan indicadores como P/E (Peso para la Edad), P/T (Peso para la Talla) y T/E (Talla para la Edad).
- Cuando se trabaja con niños menores de 5 años, ya que se requiere obtener el puntaje Z utilizando la calculadora del software Anthro, lo que no se puede hacer con el nomograma.
- Cuando se necesitan resultados más detallados o cuando el nomograma no proporciona suficiente precisión.

En resumen, el nomograma es útil para una rápida estimación del IMC, pero para casos que requieren mayor precisión o para niños menores de 5 años, es preferible utilizar la calculadora del software Anthro."
abierta_043,abierta,Compare la frecuencia de las sesiones de análisis interdisciplinario de casos con la periodicidad de los informes regionales.,"Las sesiones de análisis interdisciplinario de casos activos se realizan con una frecuencia mínima mensual en cada Oficina Local. Por el contrario, los informes regionales que consolidan los hallazgos de todas las oficinas tienen una periodicidad anual. Mientras que las sesiones mensuales buscan agilizar las decisiones clínicas y el seguimiento directo del niño, los informes anuales evalúan metas estratégicas regionales. Esta estructura asegura que la atención individual sea dinámica mientras que la vigilancia gerencial mantiene una visión de largo plazo.","Source document: Procedimiento_Atencin_Interdisciplinaria_Malnutricin_Versin_02_2020.pdf
Page/section: Páginas 19 (Factor f), 28 (Tarea 15), 34 (Tarea 20) y 98 (Anexo 6)
Supporting excerpt: ""Sesiones de análisis interdisciplinario de casos... efectuadas al menos una vez al mes, en cada Oficina Local."" / ""Elaborar informe regional de la atención interdisciplinaria... Periodicidad: Anual, Mes de febrero del año siguiente.""","Según el contexto proporcionado, las sesiones de análisis interdisciplinario de casos se realizan cada mes, mientras que los informes regionales se emiten anualmente. Específicamente, se menciona que ""Se realiza cada seguimiento conforme a la estrategia de abordaje interdisciplinario establecida por el equipo interdisciplinario (grupal, individual, visita domiciliar, entre otras)"" con una periodicidad de ""Al menos una vez al mes"". Por otro lado, el informe regional se emite ""anual"", especificándose que ""Se emite un informe anual de atención interdisciplinaria de los niños y niñas con malnutrición"".","Según el contexto proporcionado, las sesiones de análisis interdisciplinario de casos se realizan al menos una vez al mes, mientras que los informes regionales se emiten anualmente, específicamente en el mes de febrero del año siguiente. Esto indica que la frecuencia de las sesiones de análisis es mensual, mientras que la periodicidad de los informes regionales es anual.","La frecuencia de las sesiones de análisis interdisciplinario de casos se realiza al menos una vez al mes, según lo establecido en el procedimiento. Por otro lado, los informes regionales se elaboran anualmente y se envían en el mes de febrero del año siguiente."
abierta_044,abierta,"Describa los criterios para considerar que un hogar tiene una ""adecuada disposición de desechos sólidos"" según las definiciones técnicas vigentes.","Se considera inadecuada la disposición si el hogar quema la basura, la entierra, la lanza a lotes baldíos o a cuerpos de agua como ríos y quebradas. Un criterio de excepción es la zona rural, donde enterrar la basura no se contabiliza técnicamente como una privación del servicio. Lo ideal es el acceso a la recolección municipal periódica o el traslado a centros de acopio autorizados. Este determinante ambiental es vigilado porque las malas prácticas de higiene en el entorno familiar elevan el riesgo de enfermedades infecciosas que afectan la nutrición.","Source document: Procedimiento_Atencin_Interdisciplinaria_Malnutricin_Versin_02_2020.pdf
Page/section: Páginas 11 (Definiciones) y 99 de 140 (Instructivo del Instrumento)
Supporting excerpt: ""La disposición adecuada de los desechos sólidos o basuras, se entiende como un almacenamiento en la vivienda que no genere malos olores, criaderos de moscas... que cuenten con un adecuado servicio de recolección municipal y en caso de no disponer de este servicio empleen alguna práctica... por ejemplo enterrar la basura.""","Según las definiciones técnicas proporcionadas en el contexto, un hogar se considera que tiene una ""adecuada disposición de desechos sólidos"" si cumple con las siguientes características:

1. El almacenamiento de basuras en la vivienda no genera malos olores, criaderos de moscas, cucarachas, ratones, ni contamina las fuentes de agua, el suelo y el aire en general.
2. El hogar cuenta con un adecuado servicio de recolección municipal.
3. En caso de no tener servicio de recolección municipal, el hogar emplea alguna práctica para el tratamiento o disposición final de los desechos, como enterrar la basura.

Si el hogar no cumple con estas características, se considera que tiene una disposición inadecuada de basuras. Además, según el INEC (2018), se considera privación en la disposición de desechos sólidos cuando la basura se elimina botándola en un hueco o enterrándola, quemándola, tirándola a un lote baldío, al río, quebrada, al mar u otro lugar, excepto en la zona rural donde enterrar la basura no se considera privación.","Según las definiciones técnicas vigentes, un hogar se considera que tiene una ""adecuada disposición de desechos sólidos"" si cumple con los siguientes criterios:

* El almacenamiento de desechos sólidos en la vivienda no genera malos olores, criaderos de moscas, cucarachas, ratones, ni contamina las fuentes de agua, el suelo y el aire en general.
* El hogar cuenta con un adecuado servicio de recolección municipal de basura.
* En caso de no disponer de servicio de recolección municipal, el hogar emplea alguna práctica para el tratamiento o disposición final de los desechos, como enterrar la basura (excepto en zonas rurales, donde enterrar la basura no se considera privación).

En contraste, se considera que un hogar tiene una ""inadecuada disposición de desechos sólidos"" si:

* Se elimina la basura botándola en un hueco, enterrándola, quemándola, tirándola a un lote baldío, al río, quebrada, al mar u otro lugar (excepto en zonas rurales, donde enterrar la basura no se considera privación).","Según el contexto proporcionado, los criterios para considerar que un hogar tiene una ""adecuada disposición de desechos sólidos"" son los siguientes:

1. **Almacenamiento en la vivienda**: La basura debe almacenarse de manera que no genere malos olores, ni sirva de criadero para moscas, cucarachas o ratones.
2. **Impacto ambiental**: La disposición de basuras no debe contaminar las fuentes de agua, el suelo ni el aire.
3. **Servicio de recolección municipal**: El hogar debe contar con un servicio de recolección municipal adecuado. Si no dispone de este servicio, debe emplear prácticas alternativas como enterrar la basura.

Si un hogar no cumple con estos requisitos, se considera que tiene una disposición inadecuada de basuras."
abierta_045,abierta,Explique cómo se integra la educación al grupo familiar en el plan de atención de un niño con malnutrición severa.,"La educación se integra mediante ""Sesiones de Apoyo"" y encuentros individuales donde se analizan conjuntamente las causas de la malnutrición en el hogar. El equipo diseña planes de aprendizaje para que la familia adquiera prácticas alimentarias saludables y mejore sus competencias de cuido. Se identifican factores de riesgo específicos en el expediente, como el destete temprano, para orientar los temas de las sesiones educativas. Esta intervención busca que el grupo familiar se convierta en el principal agente de recuperación y sostenibilidad del estado nutricional del menor.","Source document: Procedimiento_Atencin_Interdisciplinaria_Malnutricin_Versin_02_2020.pdf; Normas-sustantivas-CEN-CINAI-30-09-2021.pdf
Page/section: Procedimiento_Atencin_Interdisciplinaria_Malnutricin_Versin_02_2020.pdf: Páginas 23, 39, 54-59 y 74; Normas-sustantivas-CEN-CINAI-30-09-2021.pdf: Páginas 7 y 18 de 20
Supporting excerpt: ""Sesiones educativas a grupos de padres, madres y encargados... orientadas a fortalecer competencias parentales... Educación al grupo familiar Código: PCD-GF-N-01... acompañados en el desarrollo de competencias parentales y estilos de vida saludable.""","Según el contexto proporcionado, la educación al grupo familiar en el plan de atención de un niño con malnutrición severa se integra a través de sesiones educativas grupales. Estas sesiones son actividades sistemáticas y orientadas a fortalecer las competencias parentales y el desarrollo de conductas de autocuidado, además de promover el desarrollo integral de los niños y niñas en su ambiente de crecimiento y desarrollo. Las sesiones utilizan metodologías participativas, incluyendo dinámicas grupales, y se enfocan en identificar temas de interés que ayuden a fortalecer los conocimientos, actitudes y prácticas intrafamiliares relacionadas con la alimentación saludable, la seguridad en la crianza, la estimulación del crecimiento y desarrollo, entre otros aspectos. Estas sesiones también pueden incluir diversas técnicas educativas como talleres, seminarios, demostraciones, videos, imágenes, cuentos, materiales educativos y otros recursos disponibles en la institución.","La educación al grupo familiar se integra en el plan de atención de un niño con malnutrición severa a través de sesiones educativas grupales, donde se busca fortalecer competencias parentales y desarrollo de conductas de autocuidado y promoción del desarrollo integral del niño. Estas sesiones utilizan metodologías participativas, con dinámicas grupales, y se centran en temas de interés que fortalezcan los conocimientos, actitudes y prácticas intrafamiliares que fomenten alimentación saludable, crianza segura, estimulación del crecimiento y desarrollo, y promoción de la salud integral. Además, se comparten experiencias de crianza y se identifican problemas detectados por la familia en el desarrollo de sus niños, para lo cual se entregan recomendaciones y se utilizan materiales educativos pertinentes. Esto permite a las familias formular preguntas, resolver dudas y temores, y compartir conocimientos y formas de resolver problemas, contribuyendo al aprendizaje colectivo y creando vínculos de ayuda entre ellas.","La integración de la educación al grupo familiar en el plan de atención de un niño con malnutrición severa se lleva a cabo a través de sesiones educativas grupales. Estas sesiones están orientadas a fortalecer las competencias parentales y promover conductas de autocuidado, así como el desarrollo integral del niño. Se utilizan metodologías participativas, dinámicas grupales y recursos educativos como talleres, videos, imágenes, cuentos y materiales específicos (如kit de EDIN, EVADE, bolso de estimulación). Además, se identifican temas de interés con los participantes para fortalecer conocimientos, actitudes y prácticas que fomenten una alimentación saludable, crianza segura y estimulación del desarrollo."
abierta_046,abierta,"Analice la importancia de registrar el dato ""Indocumentado"" en la herramienta y qué implicaciones tiene para el seguimiento del niño.","El registro de la palabra ""indocumentado"" en la herramienta digital es una medida administrativa crucial para garantizar el acceso universal a los servicios de salud y nutrición de CEN-CINAI. Esta acción permite que niños y niñas en condición migratoria irregular o sin documentos de identidad vigentes sean ingresados formalmente al sistema de vigilancia sin ser excluidos por trámites burocráticos. Para el seguimiento, esto implica que el equipo interdisciplinario puede monitorear el estado nutricional y del desarrollo del menor de la misma manera que a cualquier otro beneficiario, asegurando la continuidad del Plan de Atención Interdisciplinario. Asimismo, el uso de este identificador alfanumérico en el software permite generar reportes estadísticos que visibilizan a esta población vulnerable para la toma de decisiones gerenciales. Es una práctica fundamentada en el enfoque de derechos de la niñez que protege la integridad y seguridad jurídica de las familias atendidas.","Source document: Procedimiento_Atencin_Interdisciplinaria_Malnutricin_Versin_02_2020.pdf
Page/section: Páginas 64, 90 y 91 de 140 (Anexo 5)
Supporting excerpt: ""Si la persona no posee ningún tipo de documento, anote la palabra sin documentos en este espacio."" / ""Identificación... Filtro Pueden ser datos numéricos, alfanuméricos, indocumentado.""","No tengo suficiente información en el contexto proporcionado para responder específicamente sobre la importancia de registrar el dato ""Indocumentado"" en la herramienta y sus implicaciones para el seguimiento del niño. El contexto menciona varios tipos de datos personales y procedimientos de registro, pero no hace mención explícita a la categoría ""Indocumentado"". Por lo tanto, no puedo analizar sus implicaciones basándome únicamente en la información dada.","No tengo suficiente información para responder a la pregunta sobre la importancia de registrar el dato ""Indocumentado"" en la herramienta y sus implicaciones para el seguimiento del niño, ya que este dato no se menciona en el contexto proporcionado.","La importancia de registrar el dato ""Indocumentado"" en la herramienta para el seguimiento interdisciplinario del niño o niña con malnutrición no se menciona explícitamente en el contexto proporcionado. Por lo tanto, no tengo suficiente información para responder esta pregunta."
abierta_047,abierta,Describa los materiales impresos de apoyo educativo disponibles y cómo se distribuyen según el Anexo 7.,"Los materiales impresos incluyen rotafolios específicos para la educación alimentaria y nutricional, así como fichas técnicas para la evolución del crecimiento y desarrollo infantil. También se dispone de guías impresas de planes de estimulación diseñadas para orientar a las familias en la promoción del desarrollo desde el hogar. Estos recursos se distribuyen a través de las Oficinas Locales hacia los establecimientos CEN-CINAI para ser utilizados por el personal operativo y profesional durante las sesiones grupales o individuales. La entrega de estos materiales se prioriza según las necesidades identificadas en el Plan de Atención Interdisciplinario de cada niño o niña. El objetivo institucional es que estos insumos faciliten la transferencia de conocimientos técnicos de forma visual y comprensible para padres, madres y personas cuidadoras.","Source document: Procedimiento_Atencin_Interdisciplinaria_Malnutricin_Versin_02_2020.pdf
Page/section: Páginas 107, 114, 124 y 125 de 140 (Anexo 7)
Supporting excerpt: ""Material impreso de apoyo educativo como: rotafolio para la alimentación de menores de dos años, rotafolio para la preparación de la leche... Cada bolso de estimulación contiene la guía impresa... Para uso de funcionarios en sesiones educativas... Lámina para orientar a usuarios...""","Según el Anexo 7 del documento ""Procedimiento_Atencin_Interdisciplinaria_Malnutricin_Versin_02_2020.pdf"", los materiales impresos de apoyo educativo disponibles incluyen:

- Rotafolio para la alimentación de menores de dos años.
- Rotafolio para la preparación de la leche en polvo que brinda CEN-CINAI.

Estos materiales se distribuyen como parte de la lista de materiales de apoyo para el abordaje de niñas y niños con malnutrición, pero el documento no especifica un método particular de distribución de estos materiales impresos.","Según el Anexo 7, los materiales impresos de apoyo educativo disponibles incluyen:

* Rotafolio para la alimentación de menores de dos años
* Rotafolio para la preparación de la leche en polvo que brinda CEN-CINAI
* Guía de planes de estimulación para la promoción del desarrollo infantil de niño y niñas de 1 a 6 años 11 meses

Estos materiales se distribuyen como parte de los recursos para el abordaje de niñas y niños con malnutrición, y se utilizan para apoyar la educación y la promoción del crecimiento y desarrollo infantil. Sin embargo, no se proporciona información específica sobre cómo se distribuyen estos materiales, pero se menciona que son parte de la lista de materiales de apoyo para el abordaje de niñas y niños con malnutrición.","Según el Anexo 7 del documento ""Procedimiento_Atencin_Interdisciplinaria_Malnutricin_Versin_02_2020.pdf"", los materiales impresos de apoyo educativo disponibles son:

1. **Rotafolio para la alimentación de menores de dos años**.
2. **Rotafolio para la preparación de la leche en polvo**.

Estos materiales son proporcionados por CEN-CINAI y se distribuyen como parte de los recursos disponibles para apoyar la atención interdisciplinaria de niños y niñas con malnutrición. No se proporciona información adicional sobre cómo se distribuyen estos materiales específicamente."
abierta_048,abierta,"Explique los tres posibles resultados del indicador Peso para Talla en menores de 5 años y su interpretación nutricional (desnutrición, normal, sobrepeso).","El indicador Peso para Talla (P/T) clasifica el estado nutricional actual comparando el peso del menor con su propia estatura. Un resultado de desnutrición (severa o moderada) se interpreta como una pérdida de peso reciente o emaciación, causada generalmente por enfermedades agudas o carencia inmediata de alimentos. El resultado normal indica una relación armónica entre el peso y la talla, reflejando un estado de equilibrio nutricional satisfactorio para el momento de la evaluación. Por último, un resultado de sobrepeso u obesidad se interpreta como un exceso de peso para la estatura alcanzada, frecuentemente asociado a la sobrealimentación en el tiempo. Esta interpretación es vital porque el P/T es el índice más sensible para detectar cambios nutricionales rápidos e independientes de la edad del niño.","Source document: DVS_norma_nacional_uso_graficas_antropometricas_valoracion_nutriciol_0-19_2017.pdf; Manual-operativo-Evaluacion-estado-nutricional-2019.pdf
Page/section: DVS_norma_nacional_uso_graficas_antropometricas_valoracion_nutriciol_0-19_2017.pdf: Página 15; Manual-operativo-Evaluacion-estado-nutricional-2019.pdf: Páginas 8, 17 y 18
Supporting excerpt: ""Peso para la talla... Este es el índice más recomendado para identificar casos de deficiencias nutricionales agudas... Sobrepeso: Peso mayor al esperado para la talla... Normal: Inferior de +2 y superior a -2 DE... Desnutrición: En la línea o inferior de -2 DE...""","Los tres posibles resultados del indicador Peso para Talla en menores de 5 años y su interpretación nutricional son:

1. **Desnutrición**: Cuando el puntaje Z está en la línea o inferior de -2 desviaciones estándar (DE) a mayor de -3 DE, indica que el niño o niña tiene un peso bajo para su talla o longitud. Esto implica una posible práctica de lactancia materna limitada, consumo inadecuado de alimentos, riesgo de sufrir enfermedades infecciosas y parasitosis, y un nivel de desarrollo comprometido, además de riesgo de deficiencias de micronutrientes y riesgo de desnutrición severa.

2. **Normal**: Cuando el puntaje Z está entre -2 y +2 desviaciones estándar (DE), indica que el niño o niña tiene un peso adecuado para su talla o longitud. Esto sugiere una ingesta de alimentos adecuada.

3. **Sobrepeso/Obesidad**: 
   - **Sobrepeso**: Cuando el puntaje Z está entre +2 y +3 desviaciones estándar (DE), indica que el niño o niña tiene un peso mayor a lo esperado para su talla o longitud, lo que implica sobrealimentación en el tiempo y un riesgo de padecer enfermedades crónicas no transmisibles.
   - **Obesidad**: Cuando el puntaje Z está en la línea o superior a +3 desviaciones estándar (DE), indica que el niño o niña tiene un peso muy elevado con relación a la talla, lo que implica sobrealimentación por tiempo prolongado y un riesgo de padecer enfermedades crónicas no transmisibles en su edad adulta.","El indicador Peso para Talla (P/T) en menores de 5 años se utiliza para evaluar el estado nutricional de los niños y niñas. A continuación, se presentan los tres posibles resultados del indicador Peso para Talla y su interpretación nutricional:

1. **Desnutrición**: Se considera desnutrición cuando el peso para la talla está en la línea o inferior a -2 desviaciones estándar (DE) y mayor de -3 desviaciones estándar (DE). Esto implica que el niño o niña tiene un bajo peso para su talla, lo que puede ser debido a una ingesta inadecuada de alimentos, una práctica de lactancia materna limitada o una enfermedad infecciosa. La desnutrición puede afectar el desarrollo y el crecimiento del niño.

2. **Normal**: Se considera normal cuando el peso para la talla está entre -2 y +2 desviaciones estándar (DE). Esto indica que el niño o niña tiene un peso adecuado para su talla, lo que sugiere una ingesta adecuada de alimentos y un buen estado nutricional.

3. **Sobrepeso u Obesidad**: Se considera sobrepeso u obesidad cuando el peso para la talla está en la línea o superior a +2 desviaciones estándar (DE) para sobrepeso y en la línea o superior a +3 desviaciones estándar (DE) para obesidad. Esto implica que el niño o niña tiene un peso excesivo para su talla, lo que puede ser debido a una sobrealimentación o una falta de actividad física. El sobrepeso u obesidad pueden aumentar el riesgo de enfermedades crónicas no transmisibles en la edad adulta.

Es importante tener en cuenta que la interpretación de estos resultados debe ser realizada por un profesional de la salud y considerar otros factores, como la edad, el sexo y la historia médica del niño o niña.","El indicador Peso para Talla (P/T) en menores de 5 años puede presentar tres resultados principales, cada uno con una interpretación nutricional diferente:

1. **Desnutrición**:  
   - **Ubicación del punto de ploteo**: En la línea o inferior de -2 desviaciones estándar (DE) a mayor de -3 DE.  
   - **Interpretación nutricional**: El niño o niña presenta bajo peso para su talla o longitud. Esto implica una posible práctica limitada de lactancia materna, consumo inadecuado de alimentos, riesgo de enfermedades infecciosas y parasitosis, y compromiso del desarrollo y aprendizaje. También existe riesgo de deficiencias de micronutrientes y desnutrición severa.

2. **Normal**:  
   - **Ubicación del punto de ploteo**: Inferior de +2 y superior a -2 desviaciones estándar (DE).  
   - **Interpretación nutricional**: El niño o niña tiene un peso adecuado para su talla o longitud, lo que indica una ingestión de alimentos adecuada y un estado nutricional favorable.

3. **Sobrepeso u Obesidad**:  
   - **Ubicación del punto de ploteo**:  
     - **Sobrepeso**: Inferior a +3 DE y en la línea o mayor a +2 DE.  
     - **Obesidad**: En la línea o superior a +3 DE.  
   - **Interpretación nutricional**: El niño o niña presenta un peso mayor a lo esperado para su talla, lo que implica sobrealimentación en el tiempo o prolongada. Esto conlleva un riesgo de padecer enfermedades crónicas no transmisibles en el mediano o largo plazo.

Estos resultados se deben interpretar en conjunto con otros indicadores antropométricos y considerar las recomendaciones protocolarias para referir a los establecimientos de salud según las normativas institucionales."
abierta_049,abierta,Analice la función de la UIVCD como unidad técnica rectora en la actualización de los manuales operativos de vigilancia.,"La Unidad de Investigación y Vigilancia del Crecimiento y Desarrollo (UIVCD) tiene la responsabilidad de diseñar, normar y actualizar los instrumentos técnicos que rigen el SISVENDIS. Su función rectora asegura que los manuales operativos, como los de antropometría o EDIN II, se fundamenten en la evidencia científica más reciente y en estándares internacionales como los de la OMS. Además, la UIVCD analiza los datos consolidados a nivel nacional para identificar vacíos normativos o necesidades de ajuste en los procedimientos de vigilancia locales. Esta unidad también coordina con la UNAT para asegurar que la normativa sea coherente con la capacidad instalada y los objetivos estratégicos de la institución. Finalmente, su labor garantiza que el personal operativo cuente con herramientas estandarizadas para la detección oportuna de riesgos en la población infantil.","Source document: SISVENDIS-2023.pdf; Normas-sustantivas-CEN-CINAI-30-09-2021.pdf; Procedimiento_Vigilancia_Crecimientoydesarrollo_intrayextramurosUIVCD.pdf
Page/section: SISVENDIS-2023.pdf: Páginas 11, 37 y 50 de 79; Normas-sustantivas-CEN-CINAI-30-09-2021.pdf: Páginas 2 y 3; Procedimiento_Vigilancia_Crecimientoydesarrollo_intrayextramurosUIVCD.pdf: Página 7
Supporting excerpt: ""...la Unidad de Investigación y Vigilancia del Crecimiento y Desarrollo, es la unidad organizativa que conduce, diseña, ajusta, actualiza e implementa el proceso de vigilancia... Mantener coordinación con la Unidad de Normalización y Asistencia Técnica (UNAT)...""","El contexto proporcionado no contiene información específica sobre la función de la UIVCD como unidad técnica rectora en la actualización de los manuales operativos de vigilancia. Por lo tanto, no puedo responder a la pregunta con la información dada.","La UIVCD (Unidad de Investigación y Vigilancia del Crecimiento y Desarrollo) juega un papel fundamental como unidad técnica rectora en la actualización de los manuales operativos de vigilancia. A continuación, se presentan las funciones y responsabilidades de la UIVCD en este sentido:

1. **Elaboración y actualización del Modelo Operativo del Sistema de Vigilancia**: La UIVCD elaboró el primer documento del Modelo Operativo del Sistema de Vigilancia del Estado Nutricional y del Desarrollo Infantil (SISVENDI) en 2012. Este modelo operativo comprende los elementos principales del quehacer de CEN-CINAI en la vigilancia del crecimiento y desarrollo infantil, tales como informes, tamizajes, instrumentos y rol de las personas funcionarias, entre otros.

2. **Actualización de tamizajes y instrumentos**: La UIVCD se encarga de actualizar los tamizajes y instrumentos utilizados para la vigilancia del crecimiento y desarrollo infantil. Por ejemplo, se menciona la actualización de la Prueba para la evaluación del desarrollo integral de la niña y el niño de 0 meses a 6 años de edad (EDIN II) y la incorporación de nuevos tamizajes adoptados por CEN-CINAI.

3. **Informe anual y reportes**: La UIVCD emite informes anuales que incluyen resultados de niñas y niños afectados durante la pandemia por COVID-19, así como informes sobre la aplicación de los tamizajes y la vigilancia del crecimiento y desarrollo infantil. Estos informes son fundamentales para la toma de decisiones y la planificación de acciones en el ámbito de la vigilancia infantil.

4. **Capacitación y asistencia técnica**: La UIVCD proporciona capacitación y asistencia técnica a las personas funcionarias de CEN-CINAI para garantizar que estén adecuadamente preparadas para aplicar los tamizajes y utilizar los instrumentos de vigilancia de manera efectiva.

5. **Coordinación y colaboración**: La UIVCD mantiene coordinación con otras unidades y entidades, como la Unidad de Normalización y Asistencia Técnica (UNAT), para asegurar la armonización y actualización de la norm","La Unidad de Investigación y Vigilancia del Crecimiento y Desarrollo (UIVCD) actúa como unidad técnica rectora en la actualización de los manuales operativos de vigilancia, encargándose de conducir, diseñar, ajustar, actualizar e implementar el proceso de investigación y el sistema de vigilancia nutricional y del desarrollo materno-infantil. Su función incluye emitir y dar seguimiento a los reportes de asesoría técnica, planificar y ejecutar acciones de asistencia técnica para mejorar las capacidades en la implementación de procedimientos de vigilancia, y mantener actualizada la normativa relacionada con los servicios sustantivos. Además, la UIVCD elabora informes anuales nacionales de datos básicos de vigilancia de salud, crecimiento y desarrollo, y asesora a los directores regionales y técnicos en temas de vigilancia del crecimiento y desarrollo."
abierta_050,abierta,Describa el proceso de evaluación del nivel de desarrollo para un escolar (EVADE) y cómo se diferencia el puntaje de 1 punto con y sin logro de la edad anterior.,"El proceso inicia con la aplicación de la prueba EVADE a niños y niñas mayores de 6 años, evaluando áreas como motora fina, motora gruesa, lenguaje, cognitiva y socioafectiva. Un puntaje de 1 punto se obtiene cuando el niño logra realizar solo algunas de las conductas esperadas para su rango de edad actual. La diferencia técnica fundamental es que, si el niño obtiene 1 punto pero ha logrado satisfactoriamente todos los hitos de la edad cronológica anterior, se considera un ""rezago"" que requiere un plan de estimulación local. Sin embargo, si el niño obtiene 1 punto (o 0) y además no ha cumplido con los hitos de la edad anterior, se clasifica como Prioridad 1 debido al alto riesgo de retraso en el desarrollo. Esta distinción es crítica para que el equipo interdisciplinario determine si el caso debe ser referido de inmediato a especialistas externos o manejado internamente.","Source document: Procedimiento_Atencin_Interdisciplinaria_Malnutricin_Versin_02_2020.pdf; Procedimiento_Vigilancia_Crecimientoydesarrollo_intrayextramurosUIVCD.pdf; SISVENDIS-2023.pdf
Page/section: Procedimiento_Atencin_Interdisciplinaria_Malnutricin_Versin_02_2020.pdf: Páginas 67, 81 y 97; Procedimiento_Vigilancia_Crecimientoydesarrollo_intrayextramurosUIVCD.pdf: Páginas 22 y 28; SISVENDIS-2023.pdf: Páginas 78-79
Supporting excerpt: ""EVADE: Se anota 1 si al aplicar la edad anterior obtuvo 2 o 3 puntos. Se anota 2 si al aplicar la edad anterior obtuvo 0 o 1 punto... sin logro de la edad anterior exige referencia al equipo interdisciplinario...""","Para un escolar (igual o mayor de 6 años), se utiliza la escala EVADE para evaluar el desarrollo en las áreas de motora gruesa (MG), motora fina (MF), lenguaje (LE), cognitiva (CO) y socio afectiva (SA). El resultado obtenido en cada área puede ser 1, 2 o 3 puntos. Un puntaje de 2 o 3 puntos se considera adecuado para la edad del niño o niña, mientras que un puntaje de 1 o 0 es un indicador de rezago en el desarrollo en esa área específica.

En cuanto a la diferencia en el puntaje de 1 punto con y sin logro de la edad anterior, cuando se aplica la edad anterior, se anota 1 si el niño o niña obtuvo 2 o 3 puntos, lo cual significa que está adecuado para su edad. Sin embargo, se anota 2 si obtuvo 0 o 1 punto, lo que indica un rezago en el desarrollo. Por lo tanto, el puntaje de 1 punto con logro de la edad anterior no se registra, mientras que sin logro de la edad anterior, un puntaje de 1 es un indicador de rezago y se registra como 2 en el nivel de desarrollo.","Según el contexto proporcionado, el proceso de evaluación del nivel de desarrollo para un escolar (EVADE) se aplica a niños y niñas de 6 años o más. En este proceso, se evalúan áreas como motora gruesa (MG), motora fina (MF), lenguaje (LE), cognitiva (CO) y socioafectiva (SA). Cada área se puntúa con 1, 2 o 3 puntos, donde 2 o 3 puntos indican que el niño o niña está adecuado para su edad, y 1 punto (o 0) indica rezago en el desarrollo en esa área específica.

En cuanto a la diferencia en el puntaje de 1 punto con y sin logro de la edad anterior, según el contexto, si al aplicar la edad anterior el niño o niña obtuvo 2 o 3 puntos, se coloca 1 en el nivel. Por otro lado, si al aplicar la edad anterior el niño o niña obtuvo 0 o 1 punto, se anota 2 en el nivel. Esto sugiere que el puntaje de 1 punto se utiliza para indicar que el niño o niña ha logrado el nivel de desarrollo esperado para su edad anterior, mientras que un puntaje de 2 se utiliza cuando no ha logrado el nivel de desarrollo esperado para su edad anterior, lo que puede indicar un rezago en el desarrollo.","El proceso de evaluación del nivel de desarrollo para un escolar (EVADE) se realiza utilizando la escala EVADE para niños y niñas de 6 años o más. En esta evaluación, se consideran las áreas de desarrollo: MG (Motora Gruesa), MF (Motora Fina), LE (Lenguaje), CO (Cognitiva) y SA (Socio afectiva). En cada área, se anota un puntaje de 1, 2 o 3 puntos. 

- **Puntaje 2 o 3 puntos**: Indica que el niño o niña está adecuado para su edad.
- **Puntaje 1 o 0 puntos**: Indica un indicador de rezago en el desarrollo en esa área específica.

Además, se evalúa el ""Niv el"", que se llena solamente si el niño o niña obtiene un resultado bajo (B) en algunas de las áreas. Se anota:
- **1** si al aplicar la edad anterior, el niño o niña obtuvo 2 o 3 puntos.
- **2** si al aplicar la edad anterior, el niño o niña obtuvo 0 o 1 punto.

Sin embargo, no se menciona cómo se diferencia el puntaje de 1 punto con y sin logro de la edad anterior. Por lo tanto, no tengo suficiente información para responder específicamente sobre la diferencia del puntaje de 1 punto con y sin logro de la edad anterior."
abierta_051,abierta,Explique cómo la norma PCD-VCD-N-01 define la vigilancia del crecimiento y desarrollo infantil y qué técnicas emplea.,"La norma PCD-VCD-N-01 define la vigilancia como un proceso continuo y sistemático de recolección y análisis de datos sobre el estado de salud y nutrición de los niños. Emplea técnicas antropométricas estandarizadas para la medición periódica del peso y la talla/longitud con el fin de clasificar el estado nutricional. También utiliza técnicas de tamizaje del desarrollo infantil mediante la aplicación de las escalas EDIN II y EVADE según el grupo de edad. Complementariamente, integra tamizajes de salud visual, auditiva y oral para detectar alteraciones sensoriales o de higiene que impacten el bienestar integral. Todas estas técnicas se aplican al menos una vez al año para orientar la toma de decisiones clínicas y gerenciales basadas en evidencia.","Source document: Normas-sustantivas-CEN-CINAI-30-09-2021.pdf; Procedimiento_Vigilancia_Crecimientoydesarrollo_intrayextramurosUIVCD.pdf; SISVENDIS-2023.pdf
Page/section: Normas-sustantivas-CEN-CINAI-30-09-2021.pdf: Página 18 de 20 (Norma PCD-VCD-N-01); Procedimiento_Vigilancia_Crecimientoydesarrollo_intrayextramurosUIVCD.pdf: Páginas 1, 15-16 de 45; SISVENDIS-2023.pdf: Páginas 31-35 de 79
Supporting excerpt: ""...monitoreo y seguimiento continuo de las niñas y los niños en su crecimiento, desarrollo y salud, empleando técnicas antropométricas, de medición del desarrollo infantil y aplicando tamizajes de salud al menos una vez al año...""","La norma PCD-VCD-N-01 define la vigilancia del crecimiento y desarrollo infantil como un proceso que incluye la recolección, análisis e interpretación de datos sobre el estado nutricional, nivel de desarrollo infantil, agudeza visual, agudeza auditiva, salud oral y acceso a servicios de salud. Este proceso es permanente y tiene como objetivo contribuir a la toma de decisiones oportunas para potenciar el crecimiento y desarrollo en la niñez y adolescencia, basándose en la evidencia y en el uso de tamizajes avalados por el Ministerio de Salud. Las técnicas específicas no son detalladas en el contexto proporcionado, pero se menciona que se requiere el compromiso de las personas colaboradoras para la detección temprana de riesgos en el crecimiento o desarrollo infantil y en la mejora continua en la atención de las niñas y niños.","La norma PCD-VCD-N-01 define la vigilancia del crecimiento y desarrollo infantil como un proceso permanente de recolección, análisis e interpretación de datos que permite contribuir oportunamente a la toma de decisiones para potenciar el crecimiento y desarrollo en la niñez y adolescencia. Esta norma se sustenta en la Ley 8809 y su reglamento, y se enfoca en aspectos como el estado nutricional, nivel de desarrollo infantil, agudeza visual, agudeza auditiva, salud oral y acceso a servicios de salud.

En cuanto a las técnicas empleadas, la norma PCD-VCD-N-01 involucra la aplicación de tamizajes de vigilancia que están avalados por el Ministerio de Salud. Algunas de las herramientas y técnicas mencionadas en el contexto incluyen:

1. **Evaluación del Desarrollo Integral de la Niña y el Niño (EDIN II)**: Para evaluar el desarrollo de niños y niñas desde los 0 meses hasta los 6 años.
2. **Evaluación del Desarrollo para Niños, Niñas y Adolescentes (EVADE)**: Para evaluar el desarrollo de niños, niñas y adolescentes de 6 a 14 años de edad.
3. **Índice de Masa Corporal (IMC)**: Como indicador antropométrico para evaluar el estado nutricional.
4. **Peso para Edad (P/E) y Peso para Talla (P/T)**: Indicadores antropométricos para evaluar el crecimiento y desarrollo.
5. **Talla para Edad (T/E)**: Otro indicador antropométrico para evaluar el crecimiento.

Además, se menciona la importancia de la supervisión técnica, el acompañamiento y la asistencia técnica por parte de profesionales capacitados, como parte integral de la vigilancia del crecimiento y desarrollo infantil. La norma PCD-VCD-N-01 busca garantizar que todas las niñas y niños que reciben servicios de la Dirección Nacional de CEN-CINAI tengan acceso a una vigilancia efectiva que permita detectar tempranamente cualquier desviación en su crecimiento o desarrollo y aplicar medidas correctivas o de apoyo según sea","La norma PCD-VCD-N-01 define la vigilancia del crecimiento y desarrollo infantil como un proceso continuo y flexible que incluye la recolección, análisis, interpretación e interpretación de datos relacionados con el estado nutricional, desarrollo, salud oral, agudeza visual y auditiva, y acceso a servicios de salud de las niñas y niños que reciben servicios en la Dirección Nacional de CEN-CINAI. Este proceso tiene como objetivo detectar tempranamente problemas de crecimiento y desarrollo, y generar acciones para adecuar la atención o referir a los servicios necesarios.

Las técnicas empleadas incluyen:

1. **Medidas antropométricas**: Se utilizan indicadores como peso para edad (P/E), talla para edad (T/E) y peso para talla (P/T) para evaluar el estado nutricional.
2. **Evaluación del desarrollo integral**: Se aplican pruebas como la EDIN (Evaluación del Desarrollo Integral de la Niña y el Niño) para niños de 0 a 6 años y la EVADE (Evaluación del Desarrollo para Niños, Niñas y Adolescentes) para edades entre 6 y 14 años.
3. **Pruebas de agudeza visual y auditiva**: Se realizan tamizajes para detectar problemas en la visión y audición.
4. **Supervisión técnica**: Incluye acciones de supervisión realizadas por personal de mayor nivel para asegurar el cumplimiento de las políticas, normas y procedimientos.

Estas actividades se llevan a cabo con el compromiso de emplear habilidades y competencias para detectar riesgos tempranos y mejorar la atención, priorizando a las niñas y niños con mayores necesidades en salud."
abierta_052,abierta,Analice por qué el personal debe solicitar a los niños que se quiten objetos de los bolsillos antes del pesaje y cómo esto afecta la calidad del dato.,"El personal debe solicitar el retiro de objetos como monedas, llaves o juguetes pequeños para asegurar que la medición refleje únicamente la masa corporal real del niño. Esta acción es fundamental para evitar sesgos sistemáticos en el pesaje que podrían llevar a clasificaciones erróneas del estado nutricional, como un falso sobrepeso. La calidad del dato antropométrico depende de la rigurosidad técnica, y cualquier peso adicional no biológico altera el cálculo exacto de los puntajes Z. Un registro inexacto compromete la vigilancia epidemiológica y puede derivar en intervenciones interdisciplinarias innecesarias o en el descuido de riesgos reales. Por lo tanto, esta preparación previa es un paso obligatorio descrito en los manuales para garantizar la veracidad de la información en el expediente.","Source document: Manual-operativo-Evaluacion-estado-nutricional-2019.pdf; Procedimiento_Atencin_Interdisciplinaria_Malnutricin_Versin_02_2020.pdf
Page/section: Manual-operativo-Evaluacion-estado-nutricional-2019.pdf: Páginas 5 y 28 de 48; Procedimiento_Atencin_Interdisciplinaria_Malnutricin_Versin_02_2020.pdf: Páginas 89-94 de 140
Supporting excerpt: ""...revisen los bolsillos de sus ropas y saquen cualquier objeto que porte como piedras, bolinchas, trompos etc., indíqueles un lugar seguro donde colocarlas...""","El personal debe solicitar a los niños que se quiten los objetos de los bolsillos antes del pesaje para asegurar que el peso registrado sea el peso corporal del niño sin la interferencia de objetos extraños. Si los niños llevan consigo objetos como piedras, bolitas, trompos, etc., estos sumarían peso al total, lo cual resultaría en una medición inexacta del peso real del niño. Esta precisión es crucial para evaluar correctamente el estado nutricional del niño, ya que cualquier error en la medición podría llevar a diagnósticos erróneos o a la falta de identificación de problemas de nutrición. Por lo tanto, la eliminación de objetos de los bolsillos es una medida esencial para garantizar la calidad y exactitud de los datos obtenidos durante la evaluación del estado nutricional.","El personal debe solicitar a los niños que se quiten objetos de los bolsillos antes del pesaje para garantizar la precisión y exactitud de la medición del peso. Esto se debe a que cualquier objeto que el niño lleve en sus bolsillos o sobre su persona puede agregar peso adicional y afectar la medición real de su peso corporal.

Al solicitar que se retiren estos objetos, se evita que el peso de estos artículos se incluya en la medición del peso del niño, lo que podría llevar a un registro inexacto. Esto es particularmente importante en el contexto de la evaluación del estado nutricional, donde pequeñas diferencias en el peso pueden ser significativas para determinar el estado de salud y nutrición de un niño.

Al asegurarse de que los niños estén libres de objetos adicionales antes del pesaje, el personal puede obtener una medición más precisa y confiable del peso, lo que a su vez permite una evaluación más exacta del estado nutricional y la toma de decisiones informadas sobre su salud y cuidado.","El personal debe solicitar a los niños que se quiten objetos de los bolsillos antes del pesaje para asegurar que el peso registrado sea exacto y no se vea afectado por objetos adicionales que puedan influir en el resultado. Esto afecta la calidad del dato porque si los niños llevan objetos en los bolsillos, estos podrían añadir peso extra, lo que daría una medición incorrecta y, por ende, una evaluación inexacta del estado nutricional del niño."
abierta_053,abierta,Describa los elementos que deben ser revisados periódicamente por la Jefatura de Oficina Local en la herramienta de Excel para garantizar su veracidad.,"La jefatura debe verificar que los datos personales como nombre, sexo y número de expediente estén correctamente ingresados y coincidan con el formato alfanumérico permitido. Es indispensable revisar que las fechas de evaluación nutricional y de desarrollo sigan el formato dd/mm/aaaa y no presenten valores extremos o incongruentes. También debe supervisar que las clasificaciones nutricionales y del desarrollo (como NL, DES, Verde, Rojo) correspondan fielmente a los resultados obtenidos en los tamizajes físicos. Un elemento crítico es la identificación y corrección de errores de fórmulas como ""#¡VALOR!"" o ""#REF!"", que invalidan el procesamiento regional de los datos. Finalmente, la revisión debe incluir el control del ""año de protección"" para los beneficiarios del servicio DAF que ya han recuperado su estado nutricional normal.","Source document: Procedimiento_Atencin_Interdisciplinaria_Malnutricin_Versin_02_2020.pdf
Page/section: Páginas 33-34, 89-94 de 140 (Anexo 5)
Supporting excerpt: ""Para la revisión de la calidad de los datos de la herramienta... se utiliza la Guía de revisión de calidad... Filtro... Revisar datos extremos, no congruentes...""","El contexto proporcionado no especifica los elementos específicos que deben ser revisados periódicamente por la Jefatura de Oficina Local en la herramienta de Excel para garantizar su veracidad. Se menciona que la Jefatura de Oficina Local es responsable de la ejecución del procedimiento, incluyendo la divulgación, programación y monitoreo de las acciones, pero no se detalla qué elementos específicos deben ser revisados en la herramienta de Excel. Por lo tanto, no tengo suficiente información para responder a la pregunta con precisión.","La Jefatura de Oficina Local debe revisar periódicamente los siguientes elementos en la herramienta de Excel para garantizar su veracidad:

1. **Datos de cada formulario de cada CEN-CINAI**: La Jefatura de Oficina Local debe recopilar y digitar en la herramienta de Excel los datos de cada formulario de cada CEN-CINAI a su cargo.
2. **Consolidado local**: La Jefatura de Oficina Local debe elaborar el consolidado local de los datos recopilados y verificar su veracidad.
3. **Reporte de Datos Básicos de vigilancia de salud, del crecimiento y desarrollo**: La Jefatura de Oficina Local debe elaborar el reporte de datos básicos de vigilancia de salud, del crecimiento y desarrollo de Oficina Local y verificar la exactitud de los datos.
4. **Infografía con los datos claves de los hallazgos de vigilancia**: La Jefatura de Oficina Local debe elaborar la infografía con los datos claves de los hallazgos de vigilancia y verificar que los datos sean precisos y actualizados.

En resumen, la Jefatura de Oficina Local debe revisar periódicamente la herramienta de Excel para garantizar que los datos sean precisos, actualizados y veraces, y que se reflejen de manera exacta en los reportes y infografías generados.","Para responder a la pregunta, debemos extraer la información relevante del contexto proporcionado. Según el contexto, la Jefatura de Oficina Local utiliza herramientas en Excel para consolidar datos y garantizar su veracidad. Sin embargo, el contexto no menciona específicamente qué elementos deben revisarse periódicamente en la herramienta de Excel para garantizar su veracidad.

Por lo tanto, no tengo suficiente información para responder la pregunta."
abierta_054,abierta,"Explique el manejo técnico de un niño con ""Baja Talla"" y qué profesional es el encargado de su clasificación final.","El manejo inicia con la detección de un estancamiento en el crecimiento lineal mediante el indicador Talla para Edad (T/E), registrando el dato en el expediente físico. El caso debe ser referido obligatoriamente al equipo interdisciplinario de la Oficina Local para una valoración profunda de sus determinantes sociales y biológicos. La persona profesional en Nutrición es la encargada de realizar la clasificación técnica definitiva, verificando los datos mediante el software Anthro de la OMS. En el caso de niños con necesidades especiales, el nutricionista debe seleccionar el patrón de crecimiento específico correspondiente, como el de Síndrome de Down o Acondroplasia. Posteriormente, se diseña un plan de atención que incluya el seguimiento nutricional y la posible referencia a servicios de pediatría de la CCSS.","Source document: Procedimiento_Atencin_Interdisciplinaria_Malnutricin_Versin_02_2020.pdf; DVS_norma_nacional_uso_graficas_antropometricas_valoracion_nutriciol_0-19_2017.pdf; Procedimiento_Vigilancia_Crecimientoydesarrollo_intrayextramurosUIVCD.pdf
Page/section: Procedimiento_Atencin_Interdisciplinaria_Malnutricin_Versin_02_2020.pdf: Páginas 12, 62, 66 y 81 de 140; DVS_norma_nacional_uso_graficas_antropometricas_valoracion_nutriciol_0-19_2017.pdf: Páginas 26-28; Procedimiento_Vigilancia_Crecimientoydesarrollo_intrayextramurosUIVCD.pdf: Página 22 de 45
Supporting excerpt: ""La clasificación del estado nutricional lo realiza la persona profesional en nutrición..."" / ""Baja Talla En o inferior a la línea -2 DE... Baja Talla Severa En o inferior de la línea de -3 puntaje Z... debe ser reportado utilizando el reglamento de vigilancia de la salud [VE01/SINAVISA].""","Según el contexto proporcionado, cuando un niño presenta ""Baja Talla"", se utiliza la sigla ""B T"". Sin embargo, el contexto no especifica un protocolo de manejo técnico específico para niños con ""Baja Talla"". Respecto a la clasificación final, el contexto menciona que el profesional que realiza la evaluación anota la clasificación en la fila de clasificación, utilizando las siglas correspondientes según la clasificación que resulta de plotear los datos de IMC, talla y edad en las curvas de crecimiento de la OMS, 2006. No se menciona un profesional específico encargado de la clasificación final de ""Baja Talla"" en el texto proporcionado. Por lo tanto, puedo decir que el profesional que realiza la evaluación es quien anota la clasificación, pero no tengo información sobre quién es el encargado de la clasificación final.","Según el contexto proporcionado, el manejo técnico de un niño con ""Baja Talla"" implica la evaluación y clasificación de su condición por parte de un profesional en nutrición de la Oficina Local. 

Para igual o mayores de 5 años, se requiere la información de los indicadores IMC (Índice de Masa Corporal) y T/E (Talla para Edad). El profesional en nutrición debe obtener el dato utilizando la calculadora del software Anthro y anotar el resultado con dos decimales y signo negativo si es el caso.

En la fila de clasificación, el funcionario que realiza la evaluación anota en cada una de las casillas de los dos indicadores, el resultado obtenido al plotear los datos de IMC, talla y edad en las curvas de crecimiento de la OMS, 2006. 

El profesional responsable de la clasificación final es el nutricionista, quien forma parte del equipo interdisciplinario que se encarga del seguimiento y atención del niño o niña con malnutrición. 

En el caso de un niño con ""Baja Talla"", el nutricionista debe clasificar su condición utilizando las siglas correspondientes, que pueden ser ""B T"" para Baja Talla o ""B T S"" para Baja Talla Severa, dependiendo del resultado de la evaluación. 

Es importante destacar que el equipo interdisciplinario, que incluye al nutricionista, psicólogo, docente, terapeuta de lenguaje, entre otros, trabaja en conjunto para brindar una atención integral y personalizada al niño o niña con malnutrición, incluyendo aquellos con Baja Talla.","El manejo técnico de un niño con ""Baja Talla"" se basa en la evaluación y seguimiento del desarrollo infantil. Según el contexto proporcionado, cuando un niño o niña obtiene resultados bajos en las áreas de desarrollo, se anota B1, B2 o B3 dependiendo del número de áreas afectadas. En el caso de ""Baja Talla"", se utiliza la clasificación correspondiente a la talla para la edad (T/E), y se anota como ""Baja Talla"" (BT) o ""Baja Talla Severa"" (BTS) según los resultados de la evaluación.

El profesional encargado de la clasificación final es el nutricionista, quien, junto con el equipo interdisciplinario, realiza la evaluación utilizando indicadores como el IMC (Índice de Masa Corporal) y T/E (Talla para Edad), y clasifica los resultados siguiendo las siglas establecidas (BT para Baja Talla y BTS para Baja Talla Severa)."
abierta_055,abierta,"Analice la importancia de la ""escucha activa y respeto"" como ejes transversales en la atención integral infantil.","La escucha activa y el respeto son pilares fundamentales para establecer un vínculo de confianza entre el personal de CEN-CINAI y el grupo familiar. Estos ejes transversales permiten que los profesionales comprendan mejor la realidad socioeconómica y cultural que rodea al niño con malnutrición. Al aplicar un enfoque de ""cuidado cariñoso y sensible"", se garantiza que la intervención respete la dignidad y los derechos de la niñez y sus familias. Esta actitud empática facilita la adherencia de los padres a los planes de estimulación en el hogar y a las recomendaciones educativas. En última instancia, una atención humanizada potencia la efectividad del tratamiento interdisciplinario y contribuye al bienestar psicosocial del menor atendido.","Source document: Normas-sustantivas-CEN-CINAI-30-09-2021.pdf; Procedimiento_Atencin_Interdisciplinaria_Malnutricin_Versin_02_2020.pdf
Page/section: Normas-sustantivas-CEN-CINAI-30-09-2021.pdf: Páginas 4, 18 y 19 de 20; Procedimiento_Atencin_Interdisciplinaria_Malnutricin_Versin_02_2020.pdf: Página 8 de 140
Supporting excerpt: ""Mantener una escucha activa y de respeto, como medios para el reconocimiento de las necesidades, recursos, potencialidades y afectos, con el fin de permitir la adquisición de autonomía progresiva."" / ""Escucha activa: En la Atención Interdisciplinaria se requiere de una escucha activa hacia las personas atendidas como hacia los demás miembros del Equipo Interdisciplinario.""","No tengo suficiente información en el contexto proporcionado para analizar específicamente la importancia de la ""escucha activa y respeto"" como ejes transversales en la atención integral infantil. El contexto menciona seis ejes transversales pero no detalla explícitamente ""escucha activa y respeto"" como parte de esos ejes. Por lo tanto, no puedo realizar un análisis basado únicamente en la información dada.","La importancia de la ""escucha activa y respeto"" como ejes transversales en la atención integral infantil radica en su capacidad para generar un ambiente de confianza y seguridad, donde los niños y niñas se sientan valorados y respetados. Esto permite que los profesionales de la salud y la educación puedan comprender mejor las necesidades y sentimientos de los niños, y brindar una atención más personalizada y efectiva.

La escucha activa y el respeto son fundamentales para establecer una relación de confianza entre el profesional y el niño, lo que es esencial para el desarrollo de una atención integral que tenga en cuenta las necesidades físicas, emocionales y sociales del niño.

Además, la escucha activa y el respeto pueden ayudar a prevenir problemas de comportamiento y a fomentar un ambiente de aprendizaje y crecimiento saludable. Al sentirse escuchados y respetados, los niños pueden desarrollar una mayor autoestima y confianza en sí mismos, lo que es fundamental para su desarrollo integral.

En el contexto de la atención integral infantil, la escucha activa y el respeto pueden manifestarse de diversas maneras, como:

* Escuchar atentamente las necesidades y sentimientos de los niños y niñas.
* Validar y respetar sus emociones y experiencias.
* Proporcionar un ambiente seguro y acogedor para que los niños se sientan cómodos y seguros.
* Fomentar la comunicación abierta y honesta entre los profesionales y los niños.
* Respetar los límites y las necesidades individuales de cada niño.

En resumen, la escucha activa y el respeto son ejes transversales fundamentales en la atención integral infantil, ya que permiten generar un ambiente de confianza y seguridad, y brindar una atención más personalizada y efectiva que tenga en cuenta las necesidades físicas, emocionales y sociales de los niños y niñas.","La importancia de la ""escucha activa y respeto"" como ejes transversales en la atención integral infantil no se menciona explícitamente en el contexto proporcionado. Por lo tanto, no tengo suficiente información para responder la pregunta."
abierta_056,abierta,Describa cómo evoluciona la valoración de un niño prematuro después de las 50 semanas gestacionales según el patrón OMS 2006.,"Al alcanzar las 50 semanas de edad gestacional, el niño prematuro realiza la transición técnica de las gráficas de Fenton hacia el patrón de crecimiento estándar OMS 2006. Durante esta etapa, es obligatorio continuar utilizando la Edad Corregida (EC) en lugar de la edad cronológica para todas las valoraciones antropométricas. Este ajuste permite comparar el crecimiento del niño con niños nacidos a término que tienen su mismo nivel de madurez biológica, evitando diagnósticos erróneos de desnutrición o baja talla. El uso de la EC se mantiene de forma sistemática hasta que el niño cumpla los 3 años y 4 meses de edad cronológica, momento en que el crecimiento suele haberse nivelado. Esta evolución técnica asegura una vigilancia precisa y adaptada a la historia biológica particular de cada menor pretérmino.","Source document: Procedimiento_Vigilancia_Crecimientoydesarrollo_intrayextramurosUIVCD.pdf; DVS_norma_nacional_uso_graficas_antropometricas_valoracion_nutriciol_0-19_2017.pdf; Manual-EDIN-II-final-2020.pdf
Page/section: Procedimiento_Vigilancia_Crecimientoydesarrollo_intrayextramurosUIVCD.pdf: Páginas 41-44 de 45; DVS_norma_nacional_uso_graficas_antropometricas_valoracion_nutriciol_0-19_2017.pdf: Página 2; Manual-EDIN-II-final-2020.pdf: Página 2 de 331
Supporting excerpt: ""Posterior a la edad de las 50 semanas gestacionales, la valoración del estado nutricional... se realiza con las gráficas OMS 2006 y con la edad corregida..."" / ""Perímetro cefálico: menores de 1 año y 6 meses; Peso para edad: menores de 2 años; Talla para edad: menores de 3 años y 4 meses...""","Después de las 50 semanas gestacionales, la valoración del estado nutricional de un niño prematuro se realiza con las gráficas de perímetro cefálico para edad, Peso para edad, Peso para talla y Talla para edad, aplicando el concepto de ""edad corregida"". El tiempo de evaluación con edad corregida depende de la edad gestacional, peso al nacer, etnia y otros factores, pero tradicionalmente se corrige el peso hasta los 2 años, la talla hasta los 3 años y 4 meses y el perímetro cefálico hasta 1 año y 6 meses de edad cronológica.","Después de las 50 semanas gestacionales, la valoración del estado nutricional de un niño prematuro se realiza utilizando las gráficas de perímetro cefálico para edad, Peso para edad, Peso para talla y Talla para edad, aplicando el concepto de ""edad corregida"". Esto significa que se considera la edad gestacional y el peso al nacer para ajustar la edad cronológica y obtener una valoración más precisa del crecimiento y desarrollo del niño.

En particular, se utiliza la edad corregida para evaluar el peso hasta los 2 años, la talla hasta los 3 años y 4 meses, y el perímetro cefálico hasta 1 año y 6 meses de edad cronológica. Esto permite tener en cuenta las diferencias en el crecimiento y desarrollo de los niños prematuros en comparación con los niños a término.

Es importante destacar que, aunque la línea de tendencia entre los puntos marcados en las gráficas se ubique entre los percentiles 3 y 97, si la línea de tendencia es estacionaria (plana), se considera una evaluación no óptima del crecimiento, lo que implica un seguimiento más continuo. Por lo tanto, es fundamental realizar un seguimiento regular y ajustar la valoración según sea necesario para asegurarse de que el niño esté creciendo y desarrollándose de manera óptima.","Después de las 50 semanas gestacionales, la valoración del estado nutricional de un niño prematuro se realiza con las gráficas de perímetro cefálico para edad, peso para edad, peso para talla y talla para edad, aplicando el concepto de ""edad corregida"". El tiempo de evaluación con edad corregida depende de la edad gestacional, peso al nacer, etnia y otros factores, y tradicionalmente se corrige el peso hasta los 2 años, la talla hasta los 3 años y 4 meses, y el perímetro cefálico hasta 1 año y 6 meses de edad cronológica."
abierta_057,abierta,Explique la relación entre la condición de pobreza o riesgo social y los criterios de selección de beneficiarios en las normas de 2021.,"Las normas técnicas 2021 establecen que la selección de personas usuarias debe priorizar a quienes se encuentran en condición de pobreza o riesgo social. El proceso de ingreso requiere la aplicación de un estudio de selección que utiliza herramientas como la boleta de Caracterización del Ambiente Hogar (CAH) para medir estas variables. La malnutrición detectada antropométricamente se analiza siempre junto con determinantes sociales como el desempleo, el hacinamiento o la falta de servicios básicos en el hogar. Esta relación permite clasificar a los beneficiarios en grupos de riesgo que determinan el tipo y la intensidad del servicio asignado, garantizando que los recursos institucionales lleguen a la población más vulnerable. Así, la norma SC-N-01 actúa como un mecanismo de equidad y justicia social en el acceso a la salud pública.","Source document: Normas-sustantivas-CEN-CINAI-30-09-2021.pdf
Page/section: Páginas 10-11 y 24-27 de 20 (Norma SC-N-01)
Supporting excerpt: ""La Selección de Hogares... Se realiza desde un enfoque de equidad, focalizando sus acciones en la población en condición de pobreza básica o extrema y/o riesgo social... por lo que se hacen todos los esfuerzos por atender a la totalidad de las niñas y niños en condición de pobreza extrema.""","Según el contexto proporcionado, la condición de pobreza o riesgo social es un factor crucial en los criterios de selección de beneficiarios en las normas de 2021. Se enfatiza que la población objetivo incluye niñas y niños menores de 13 años, adolescentes madres y mujeres en periodo de gestación y lactancia que pertenezcan a hogares en condición de pobreza básica o extrema y/o riesgo social. 

La pobreza básica se define como aquellas familias con un ingreso per cápita igual o inferior a la línea de pobreza, pero superior al costo per cápita de la Canasta Básica Alimentaria (CBA), mientras que la pobreza extrema se refiere a hogares con un ingreso per cápita igual o inferior al costo per cápita de la CBA. El riesgo social se asocia con factores adversos que influyen en el entorno y ponen en peligro la integridad física, emocional y psicosocial de los niños, niñas y sus familias.

Las normas buscan brindar servicios con criterios de equidad y solidaridad, dando prioridad a la población más vulnerable, especialmente a las niñas y niños en condición de pobreza extrema. Esto implica que la selección de beneficiarios se realiza desde un enfoque de equidad, focalizando sus acciones en la población en condición de pobreza básica o extrema y/o riesgo social, con el fin de garantizar la provisión de servicios de nutrición preventiva y promoción del crecimiento y desarrollo.","La relación entre la condición de pobreza o riesgo social y los criterios de selección de beneficiarios en las normas de 2021 se establece en función de la población objetivo que busca atender la Dirección Nacional de CEN-CINAI. Según las normas, la población a seleccionar incluye a niñas, niños, adolescentes madres y mujeres en período de gestación o lactancia que se encuentran en condición de pobreza básica o extrema y/o riesgo social.

La pobreza básica se define como aquellos hogares con un ingreso per cápita igual o inferior a la línea de pobreza, pero superior al costo per cápita de la Canasta Básica Alimentaria (CBA) o línea de extrema pobreza. La pobreza extrema, por otro lado, se refiere a hogares con un ingreso per cápita igual o inferior al costo per cápita de la Canasta Básica Alimentaria (CBA).

El riesgo social se considera como el estado en que se encuentran los niños, niñas y sus familias con factores adversos que influyen en el entorno y ponen en peligro la integridad física, emocional y psicosocial de sí mismos y de la sociedad.

En este contexto, los criterios de selección de beneficiarios se basan en la equidad y la solidaridad, priorizando a la población más vulnerable, es decir, a aquellos que se encuentran en condición de pobreza extrema o riesgo social. El objetivo es brindar servicios de manera continua y garantizar la inclusión de los grupos más desfavorecidos.

En resumen, la condición de pobreza o riesgo social es un factor determinante en la selección de beneficiarios en las normas de 2021, ya que se busca priorizar a la población más vulnerable y brindar servicios que promuevan la equidad y la solidaridad.","La relación entre la condición de pobreza o riesgo social y los criterios de selección de beneficiarios en las normas de 2021 se basa en la necesidad de priorizar la atención a las poblaciones más vulnerables. Según las normas, se consideran beneficiarios a niñas, niños menores de 13 años, adolescentes madres y mujeres en periodo de gestación o lactancia que se encuentren en condición de pobreza básica o extrema y/o riesgo social. 

La pobreza básica se define como aquellos hogares con un ingreso per cápita igual o inferior a la línea de pobreza, pero superior al costo per cápita de la Canasta Básica Alimentaria (CBA). Por su parte, la pobreza extrema se refiere a hogares con un ingreso per cápita igual o inferior al costo per cápita de la CBA. 

El riesgo social se entiende como el estado en que se encuentran los niños, niñas y sus familias, con factores adversos que influyen en su entorno y ponen en peligro su integridad física, emocional, psicosocial y la de la sociedad. 

Estos criterios de selección buscan garantizar que los servicios se brinden de manera equitativa y focalizada, priorizando a las poblaciones más vulnerables y asegurando que las intervenciones sean integrales y se alineen con los determinantes sociales de la salud."
abierta_058,abierta,Describa los materiales específicos del Kit EDIN II utilizados para evaluar el área motora gruesa en niños de 7 a 8 meses.,"Para evaluar el área motora gruesa en este rango de edad, el manual indica el uso de materiales que estimulen el desplazamiento y la estabilidad postural. Se utiliza la ""Dona"" bicolor o el sonajero para motivar al niño a realizar movimientos de rotación sobre su propio eje y el inicio del gateo. También se emplean cubos de colores estandarizados para observar si el niño logra mantenerse sentado sin apoyo mientras manipula objetos. La colchoneta firme es un recurso esencial del kit para proporcionar una superficie segura donde el niño pueda ejecutar estas conductas motrices. Estos materiales estandarizados garantizan que el estímulo sensorial sea el mismo para todos los menores, asegurando la validez del tamizaje del desarrollo.","Source document: Manual-EDIN-II-final-2020.pdf
Page/section: Páginas 2, 10 y 33-36 de 331 (Instructivo 7 a 8 meses)
Supporting excerpt: ""El lugar debe contar con una colchoneta para evaluar las conductas en las niñas y los niños más pequeños... Sonajero (chilindrín)... Bola... Se sienta sobre una superficie plana...""","El contexto proporcionado no especifica los materiales específicos del Kit EDIN II utilizados para evaluar el área motora gruesa en niños de 7 a 8 meses. Se menciona que hay una lista de materiales para cada grupo de edad y área de desarrollo, pero no se detallan los materiales concretos para el área motora gruesa en el grupo de 7 a 8 meses. Por lo tanto, no tengo suficiente información para responder a la pregunta de manera precisa.",No tengo suficiente información para describir los materiales específicos del Kit EDIN II utilizados para evaluar el área motora gruesa en niños de 7 a 8 meses. El texto proporcionado no incluye detalles específicos sobre los materiales utilizados para cada área de desarrollo en cada grupo de edad.,"Los materiales específicos del Kit EDIN II utilizados para evaluar el área motora gruesa en niños de 7 a 8 meses no están detallados en el contexto proporcionado. Por lo tanto, no tengo suficiente información para describirlos."
abierta_059,abierta,"Analice el rol de las ""Sesiones de apoyo"" como estrategia de abordaje interdisciplinario y quiénes participan en ellas.","Las sesiones de apoyo funcionan como espacios de intervención intensiva para casos de malnutrición severa o persistente donde se requiere un acompañamiento más estrecho con la familia. En estas sesiones participa el equipo interdisciplinario completo de la Oficina Local junto con la madre, padre o persona cuidadora del niño. El objetivo es analizar conjuntamente las barreras que impiden la recuperación del menor y diseñar estrategias educativas y afectivas personalizadas. Estas sesiones permiten mantener el seguimiento clínico incluso cuando un niño ya ha recuperado su estado nutricional pero aún presenta rezagos en su desarrollo integral. Representan una modalidad de atención que trasciende la vigilancia individual para fomentar un cambio sostenible en el entorno familiar del niño.","Source document: Procedimiento_Atencin_Interdisciplinaria_Malnutricin_Versin_02_2020.pdf; SISVENDIS-2023.pdf
Page/section: Procedimiento_Atencin_Interdisciplinaria_Malnutricin_Versin_02_2020.pdf: Páginas 21, 54-58 y 92 de 140; SISVENDIS-2023.pdf: Página 50 de 79
Supporting excerpt: ""Estrategias de abordaje interdisciplinario... Sesiones de apoyo... acompañamiento y modelaje a la familia... participan profesionales del equipo interdisciplinario, personal del establecimiento y la madre, padre o encargado...""","No tengo suficiente información sobre ""Sesiones de apoyo"" específicamente mencionadas en el contexto proporcionado. Sin embargo, el contexto sí describe ""sesiones educativas a grupos de padres, madres y encargados o cuidadores de niños y niñas con malnutrición"", que podrían ser similares a las ""Sesiones de apoyo"". Estas sesiones están diseñadas para fortalecer competencias parentales y promover el desarrollo integral de los niños y niñas. Participan padres, madres y cuidadores de niños y niñas con malnutrición. 

Si se refiere a otro tipo de ""Sesiones de apoyo"" diferentes de las sesiones educativas mencionadas, entonces no puedo proporcionar detalles adicionales ya que no se especifica en el contexto dado.","Las ""Sesiones educativas"" (también mencionadas como ""Sesiones de apoyo"" en otros contextos, aunque no explícitamente en el texto proporcionado) son una estrategia de abordaje interdisciplinario que involucra sesiones sistemáticas y planificadas con grupos de padres, madres y cuidadores de niños y niñas con malnutrición. Estas sesiones están diseñadas para fortalecer competencias parentales y promover conductas de autocuidado y desarrollo integral de los niños y niñas.

En estas sesiones participan:

1. **Padres, madres y cuidadores**: Son los principales participantes, ya que son ellos quienes reciben orientación y apoyo para mejorar el cuidado y la nutrición de sus hijos.
2. **Equipo interdisciplinario**: Profesionales de diferentes disciplinas, como nutricionistas, psicólogos, trabajadores sociales, entre otros, quienes lideran y facilitan estas sesiones. Ellos aportan sus conocimientos y habilidades para abordar las necesidades específicas de cada familia.

El objetivo de estas sesiones es proporcionar un espacio para que las familias puedan aprender, compartir experiencias y recibir apoyo para mejorar la salud y el bienestar de sus hijos. A través de metodologías participativas y dinámicas grupales, se busca fortalecer las competencias parentales y promover prácticas saludables de alimentación, crianza y estimulación del crecimiento y desarrollo de los niños y niñas.","Las ""Sesiones de apoyo"" se mencionan como una estrategia de abordaje interdisciplinario en el contexto proporcionado. Estas sesiones están orientadas a fortalecer competencias parentales y promover conductas de autocuidado, así como el desarrollo integral de los niños y niñas. Participan padres, madres, y cuidadores de niños con malnutrición, y se utilizan metodologías participativas como talleres, demostraciones, videos, y material educativo. Además, se identifican temas de interés que fomenten la alimentación saludable, crianza segura, y estimulación del desarrollo."
abierta_060,abierta,"Explique cómo el Manual EDIN II define el ""Rezago en el desarrollo"" y cómo se diferencia del ""Riesgo de retraso"".","El manual define el ""rezago"" (identificado con el color amarillo) como una condición donde el niño o niña no ha alcanzado los hitos esperados para su edad actual, pero sí cumple con los de la edad inmediata anterior. Por su parte, el ""riesgo de retraso"" (color rojo) ocurre cuando el menor presenta resultados bajos en tres o más niveles según su edad o no logra cumplir ni siquiera con las conductas de la edad anterior. La diferencia operativa es fundamental: el rezago suele manejarse con un plan de estimulación reforzado en el establecimiento y el hogar, mientras que el riesgo de retraso activa una alerta de prioridad máxima que puede requerir referencia a la CCSS. Ambas condiciones son monitoreadas por el equipo interdisciplinario, pero el riesgo de retraso implica una vulnerabilidad mayor que compromete el potencial integral del niño.","Source document: Manual-EDIN-II-final-2020.pdf; SISVENDIS-2023.pdf; Procedimiento_Atencin_Interdisciplinaria_Malnutricin_Versin_02_2020.pdf
Page/section: Manual-EDIN-II-final-2020.pdf: Página 7 de 331; SISVENDIS-2023.pdf: Páginas 78-79 de 79; Procedimiento_Atencin_Interdisciplinaria_Malnutricin_Versin_02_2020.pdf: Página 52 de 140
Supporting excerpt: ""Rezago en el desarrollo: la niña o el niño no cumple con las conductas esperadas... pero no se considera un retraso significativo porque logra las conductas de la edad anterior. Riesgo de retraso del desarrollo: ...se considera un retraso significativo porque no logra las conductas de la edad anterior.""","Según el Manual EDIN II, el ""Rezago en el desarrollo"" se refiere a la situación en la que una niña o niño no cumple con las conductas esperadas para su grupo de edad, pero no se considera un retraso significativo porque logra las conductas de la edad anterior. Esto se representa en la prueba con el color amarillo.

Por otro lado, el ""Riesgo de retraso del desarrollo"" se da cuando la niña o el niño no cumple con las conductas esperadas para su grupo de edad, y se considera un retraso significativo porque no logra las conductas de la edad anterior. Este estado se identifica con el color rojo en la prueba.

La principal diferencia entre ambos términos radica en la gravedad del retraso: mientras que el ""Rezago en el desarrollo"" implica que el niño aún logra algunas habilidades de la etapa anterior, el ""Riesgo de retraso del desarrollo"" señala un retraso más severo, donde el niño no alcanza las habilidades de la etapa inmediatamente anterior.","Según el Manual EDIN II, el ""Rezago en el desarrollo"" se define como la situación en la que una niña o niño no cumple con las conductas esperadas para su grupo de edad, pero no se considera un retraso significativo porque logra las conductas de la edad anterior. Esto se identifica cuando la niña o niño presenta una o más áreas del desarrollo en amarillo.

Por otro lado, el ""Riesgo de retraso del desarrollo"" se define como la situación en la que una niña o niño no cumple con las conductas esperadas para su grupo de edad, y se considera un retraso significativo porque no logra las conductas de la edad anterior. Esto se identifica cuando la niña o niño obtuvo una o más áreas del desarrollo en rojo.

En resumen, la principal diferencia entre ""Rezago en el desarrollo"" y ""Riesgo de retraso del desarrollo"" es que el primero no se considera un retraso significativo porque la niña o niño logra las conductas de la edad anterior, mientras que el segundo sí se considera un retraso significativo porque no logra las conductas de la edad anterior. Además, el ""Rezago en el desarrollo"" se asocia con un resultado amarillo, mientras que el ""Riesgo de retraso del desarrollo"" se asocia con un resultado rojo.","El Manual EDIN II define el ""Rezago en el desarrollo"" como la clasificación del resultado de la Prueba para la evaluación del desarrollo integral de la niña y el niño de 0 meses a 6 años de edad (EDIN II) en la que una niña o niño no cumple con las conductas esperadas para su grupo de edad, pero no se considera un retraso significativo porque logra las conductas de la edad anterior. Por otro lado, el ""Riesgo de retraso en el desarrollo"" se refiere a la clasificación en la que una niña o niño no cumple con las conductas esperadas para su grupo de edad, y se considera un retraso significativo porque no logra las conductas de la edad anterior."
abierta_061,abierta,"Describa los apartados obligatorios del instrumento de ""Detección del niño o niña con malnutrición"".","El instrumento cuenta con un primer apartado de Datos Generales que incluye identificación, sexo, fecha de nacimiento y dirección exacta. El segundo apartado obligatorio es la Evaluación del Crecimiento y Desarrollo, donde se registran peso, talla, edad (cronológica o corregida) y los resultados de las escalas EDIN II o EVADE. Un tercer bloque corresponde a los Datos de Salud Individual, que abarca antecedentes del embarazo, peso al nacer y esquema de vacunas. También es mandatorio el apartado de Determinantes Sociales, evaluando indicadores de riesgo a nivel individual, familiar y comunitario como el hacinamiento o acceso a agua. Finalmente, el instrumento debe incluir el Plan de Atención Interdisciplinario inicial, firmado por el funcionario responsable de la detección.","Source document: Procedimiento_Atencin_Interdisciplinaria_Malnutricin_Versin_02_2020.pdf
Page/section: Páginas 62-67 y 95-97 de 140 (Instructivo del Instrumento de Detección)
Supporting excerpt: ""Este instrumento tiene como objetivo registrar la información relacionada a los resultados de los tamizajes de la evaluación nutricional, nivel del desarrollo y de los determinantes sociales... Plan de atención interdisciplinaria...""","Según el contexto proporcionado, los apartados obligatorios del instrumento de ""Detección del niño o niña con malnutrición"" incluyen:

1. Datos personales del niño o niña, que comprenden:
   - Nombre del establecimiento.
   - Fecha de llenado.
   - Nombre completo del niño o niña.
   - Sexo.
   - Apellidos.
   - Fecha de nacimiento.
   - Identificación del niño o niña.
   - Número de expediente.
   - Información sobre si presenta necesidades especiales para la evaluación del crecimiento y desarrollo.

2. Evaluación del Crecimiento y Desarrollo, que incluye:
   - Fecha de la evaluación.
   - Estado Nutricional (ENU).
   - Edad del niño o niña.
   - Peso y talla/longitud.
   - Medición (si es acostado o de pie).
   - Clasificación del Estado Nutricional basada en diferentes indicadores dependiendo de la edad del niño o niña (P/E, P/T, T/E, IMC).

Estos apartados son fundamentales para registrar la información necesaria para la detección y evaluación del estado nutricional del niño o niña.","El instrumento de ""Detección del niño o niña con malnutrición"" debe contener información respecto a:

1. Fecha
2. Nombre completo del niño o niña
3. Sexo
4. Fecha de nacimiento
5. Número de identificación
6. Número de expediente
7. Resultados de la evaluación del crecimiento y desarrollo
8. Datos de salud
9. Datos del grupo familiar

Además, el instrumento debe incluir los siguientes apartados:

1. DATOS PERSONALES
2. EVALUACIÓN DEL CRECIMIENTO Y DESARROLLO
   a) Fecha evaluación Estado Nutricional (ENU)
   b) Fecha evaluación del Desarrollo
3. OBSERVACIONES

Es importante mencionar que el instrumento también debe considerar si el niño o niña presenta necesidades especiales para la evaluación del crecimiento y desarrollo, y en ese caso, se debe anotar el patrón de crecimiento utilizado y el estado nutricional.","Los apartados obligatorios del instrumento de ""Detección del niño o niña con malnutrición"" son:

1. **Datos Personales**:
   - Nombre del establecimiento
   - Fecha de llenado
   - Nombre del niño(a)
   - Sexo
   - Primer apellido
   - Segundo apellido
   - Fecha de nacimiento
   - Identificación del niño(a)
   - Número de Expediente
   - Presenta necesidades especiales para la evaluación del crecimiento y desarrollo

2. **Evaluación del Crecimiento y Desarrollo**:
   - Fecha de evaluación
   - Estado Nutricional (ENU)
   - Edad (años, meses)
   - Peso (kg)
   - Talla/Longitud (cm)
   - Medición: Acostado ( ) De pie ( )
   - Clasificación Estado Nutricional
   - Puntaje Z

3. **Evaluación del Desarrollo**:
   - Fecha de evaluación del Desarrollo
   - Edad (años, meses)
   - Nivel del Desarrollo
   - Escala EDIN
   - Área MG, MF, CO, LE, SA, HS

4. **Observaciones**:
   - Anotar si el niño(a) con malnutrición está recibiendo atención médica, psicológica, social y/o educativa en alguna institución

5. **Plan de Atención Interdisciplinario**:
   - Indicadores de riesgo
   - Priorización
   - Objetivo del Plan
   - Estrategias a ejecutar
   - Fecha de seguimiento
   - Nombre y disciplina del profesional designado

Estos apartados son esenciales para completar el instrumento de detección y asegurar una evaluación precisa del estado nutricional y desarrollo del niño o niña."
abierta_062,abierta,"Analice cómo los determinantes sociales de la salud (agua, vivienda, violencia) afectan la priorización de un caso en la sesión interdisciplinaria.","Los determinantes sociales actúan como factores multiplicadores del riesgo que obligan al equipo a elevar la prioridad de atención de un caso, incluso si la malnutrición biológica es leve. La falta de agua potable o una vivienda con inadecuada disposición de excretas aumentan la probabilidad de enfermedades infecciosas que impiden la ganancia de peso del niño. Asimismo, la presencia de violencia intrafamiliar o consumo de drogas en el hogar se consideran riesgos psicosociales críticos que colocan al menor en Grupos de Riesgo Prioridad 1. Durante la sesión, el equipo interdisciplinario analiza estos factores para decidir la frecuencia de los seguimientos y la necesidad de referencias intersectoriales a instituciones como el PANI o el IMAS. La priorización basada en determinantes asegura que la intervención institucional ataque las causas raíz de la malnutrición y no solo sus síntomas.","Source document: Procedimiento_Atencin_Interdisciplinaria_Malnutricin_Versin_02_2020.pdf; SISVENDIS-2023.pdf
Page/section: Procedimiento_Atencin_Interdisciplinaria_Malnutricin_Versin_02_2020.pdf: Páginas 10-11, 23, 39-45, 93 de 140; SISVENDIS-2023.pdf: Páginas 37 y 50 de 79
Supporting excerpt: ""...el equipo de profesionales define de manera conjunta y colaborativa, el nivel de prioridad de cada caso, considerando aspectos de salud, estado nutricional, nivel del desarrollo, datos del grupo familiar, riesgo social, entre otros determinantes sociales de la salud..."" / ""Presencia significativa de indicadores de riesgo... asigna Prioridad 1...""","El contexto proporcionado menciona que en la sesión interdisciplinaria se consideran factores de riesgo que incluyen determinantes sociales de la salud, como el estado nutricional, nivel de desarrollo, riesgo social, y violencia familiar. Sin embargo, el documento específico no detalla cómo cada uno de estos determinantes sociales, como el agua y la vivienda, afecta directamente la priorización de un caso. Se menciona que se utiliza un instrumento de detección que contempla indicadores de riesgo individuales, del grupo familiar y de su comunidad, y que se realiza una priorización basada en estos indicadores, pero no se explica en profundidad cómo se ponderan estos factores específicamente. Por lo tanto, no tengo suficiente información detallada en el contexto proporcionado para analizar exactamente cómo los determinantes sociales de la salud como el agua y la vivienda afectan la priorización de un caso en la sesión interdisciplinaria.","Según el contexto proporcionado, los determinantes sociales de la salud, como la violencia familiar, el estado nutricional, el nivel de desarrollo, el riesgo social, entre otros, son considerados como factores de riesgo para la priorización de un caso en la sesión interdisciplinaria. El equipo interdisciplinario utiliza un instrumento de detección que incluye indicadores de riesgo individuales, del grupo familiar y de la comunidad, para determinar la priorización del caso.

En específico, se menciona que el equipo interdisciplinario considera factores como:

* Salud individual del niño o niña
* Datos del grupo familiar o la comunidad
* Estado nutricional
* Nivel de desarrollo
* Riesgo social
* Violencia familiar

Estos factores son utilizados para determinar la priorización del caso y definir el objetivo del plan de atención interdisciplinaria. Sin embargo, no se menciona específicamente el agua y la vivienda como determinantes sociales de la salud que afectan la priorización de un caso en la sesión interdisciplinaria.

En resumen, los determinantes sociales de la salud, como la violencia familiar y otros factores de riesgo, son considerados en la priorización de un caso en la sesión interdisciplinaria, pero no se menciona específicamente el agua y la vivienda como factores relevantes en este contexto.","Los determinantes sociales de la salud, como el acceso a agua segura, la calidad de la vivienda y la presencia de violencia, son factores clave que influyen en la priorización de un caso durante la sesión interdisciplinaria. Estos factores se consideran como parte de los indicadores de riesgo individual, familiar y comunitario, los cuales son evaluados por el equipo interdisciplinario. Por ejemplo, si un niño o niña vive en un entorno con falta de agua segura o en una vivienda inadecuada, o si existe violencia en el hogar, estos aspectos se marcan como indicadores de riesgo en el instrumento de detección. La priorización del caso se determina en conjunto, teniendo en cuenta cómo estos determinantes sociales afectan el estado nutricional, el desarrollo y el bienestar general del niño o niña. Esto permite al equipo interdisciplinario diseñar estrategias de atención más efectivas y oportunas, como visitas domiciliarias, consejería o actividades comunitarias, para abordar las necesidades específicas del caso."
abierta_063,abierta,Explique la periodicidad de los tamizajes de agudeza visual y auditiva en el marco del primer trimestre del año.,"Según el procedimiento de vigilancia 2021, los tamizajes de agudeza visual y auditiva deben realizarse de forma anual para todos los niños y niñas mayores de tres años. Aunque la norma general pide realizarlos al menos una vez al año, la planificación institucional suele priorizar la ejecución masiva de estas pruebas durante el primer trimestre para detectar problemas sensoriales tempranamente al inicio del ciclo educativo. En el caso de los servicios intramuros como API, estas evaluaciones se integran en el cronograma trimestral de vigilancia de salud. Los resultados obtenidos se registran en el expediente respectivo y orientan la referencia inmediata al EBAIS si se detectan hallazgos dudosos o deficientes. Esta periodicidad asegura que el déficit sensorial no se convierta en una barrera para el aprendizaje y desarrollo integral del menor durante el año.","Source document: Procedimiento_Vigilancia_Crecimientoydesarrollo_intrayextramurosUIVCD.pdf; SISVENDIS-2023.pdf
Page/section: Procedimiento_Vigilancia_Crecimientoydesarrollo_intrayextramurosUIVCD.pdf: Páginas 16 y 24-28 de 45; SISVENDIS-2023.pdf: Páginas 33-34 y 75 de 79
Supporting excerpt: ""Cartilla Aplicada para la Agudeza Visual: Se aplica a niñas y niños mayores de tres años en el primer trimestre del año... Niña o niño con resultados de visión funcional limitada... dos veces al año..."" / ""Tamizaje de agudeza auditiva... Anual en mayores de tres años (intramuros)...""","Según el contexto proporcionado, los tamizajes de agudeza visual y auditiva se aplican a niñas y niños mayores de tres años en el primer trimestre del año. Si los resultados de la prueba auditiva son de dudoso o mal, se realiza la evaluación dos veces al año y se refiere al EBAIS más cercano para su control. Para la agudeza visual, si los resultados indican visión funcional limitada, visión subnormal, ceguera legal o resultado dudoso, también se realiza la evaluación dos veces al año y se refiere al EBAIS más cercano para su control. En cambio, si los resultados de la agudeza visual son de visión funcional, la evaluación se realiza una vez al año.","Según el contexto proporcionado, en el primer trimestre del año, se aplican los siguientes tamizajes:

- Evaluación de Prueba Auditiva de las tarjetas: Se aplica a niñas y niños mayores de tres años.
- Cartilla Aplicada para la Agudeza Visual: Se aplica a niñas y niños mayores de tres años.

La periodicidad de estos tamizajes es la siguiente:
- Evaluación de Prueba Auditiva de las tarjetas: Se aplica una vez al año para niños con resultados de bien, y dos veces al año para niños con resultados de dudoso o mal.
- Cartilla Aplicada para la Agudeza Visual: Se aplica una vez al año para niños con resultados de visión funcional, y dos veces al año para niños con resultados de visión funcional limitada, visión subnormal, ceguera legal o con resultado dudoso.

Es importante destacar que, según el contexto, estos tamizajes se aplican en el primer trimestre del año, y su frecuencia puede variar dependiendo de los resultados obtenidos.","En el marco del primer trimestre del año, los tamizajes de agudeza visual y auditiva se aplican a niñas y niños mayores de tres años. Estos tamizajes se realizan una vez al año. Si los resultados son dudosos o indican problemas como visión funcional limitada, visión subnormal, o ceguera legal, se refiere al niño o niña al EBAIS más cercano para su atención, y se verifica el control dos veces al año."
abierta_064,abierta,"Describa el procedimiento de ""Auto evaluación y supervisión del cumplimiento"" que deben realizar las oficinas locales.","El procedimiento se basa en el uso del Formulario para la Auto Evaluación y Supervisión (FAES), el cual permite monitorear el apego a las normas técnicas de vigilancia. Las Oficinas Locales deben aplicar esta herramienta de forma cuatrimestral (abril, agosto y diciembre) para evaluar la calidad del llenado de expedientes y la toma de medidas antropométricas. El personal profesional revisa una muestra representativa de casos para verificar que los tamizajes se realicen oportunamente y que las referencias al equipo interdisciplinario se completen en el plazo normado. Si se detectan brechas o incumplimientos, la jefatura debe anotar las observaciones y diseñar planes de mejora inmediata con el personal operativo. Este proceso de supervisión capacitante garantiza la estandarización y calidad del servicio brindado en todos los establecimientos del país.","Source document: Procedimiento_Atencin_Interdisciplinaria_Malnutricin_Versin_02_2020.pdf; Procedimiento_Vigilancia_Crecimientoydesarrollo_intrayextramurosUIVCD.pdf
Page/section: Procedimiento_Atencin_Interdisciplinaria_Malnutricin_Versin_02_2020.pdf: Páginas 34-35 de 140; Procedimiento_Vigilancia_Crecimientoydesarrollo_intrayextramurosUIVCD.pdf: Página 38 de 45
Supporting excerpt: ""FAES Formulario para la auto evaluación y supervisión del cumplimiento del procedimiento... Herramienta cada cuatrimestre (abril, agosto, diciembre)... Autoevaluación semestral... Supervisión al menos una vez por año. Jefatura de Área Técnica.""","El procedimiento de ""Auto evaluación y supervisión del cumplimiento"" que deben realizar las oficinas locales implica el uso de un formulario denominado FAES (Formulario para la auto evaluación y supervisión del cumplimiento del procedimiento). Este procedimiento se utiliza para evaluar si el procedimiento se ha ejecutado de acuerdo a la periodicidad indicada y para recoger observaciones. Las jefaturas de Área Técnica y de Oficina Local deben tener claridad en su rol gerencial como garantes de la importancia del cumplimiento del procedimiento, lo cual se usa en la toma de decisiones a través del monitoreo del cumplimiento de la programación de actividades de sus equipos. Además, los funcionarios y funcionarias deben tener claridad en su rol como parte del equipo interdisciplinario, participando en la adecuada atención y seguimiento del niño o niña con malnutrición, tanto del nivel regional como local, según la bitácora del equipo interdisciplinario.","El procedimiento de ""Auto evaluación y supervisión del cumplimiento"" que deben realizar las oficinas locales se describe en el documento ""Procedimiento_Atencin_Interdisciplinaria_Malnutricin_Versin_02_2020.pdf"". A continuación, se presentan los pasos que deben seguir:

1. **Autoevaluación**: Las oficinas locales deben realizar una autoevaluación del cumplimiento del procedimiento de atención interdisciplinaria para niños y niñas con malnutrición.
2. **FAES**: Deben utilizar el Formulario para la Autoevaluación y Supervisión del Cumplimiento (FAES) para evaluar el cumplimiento del procedimiento.
3. **Criterios de evaluación**: Deben evaluar los siguientes criterios:
 * Funcionarios y funcionarias con claridad de su rol como parte del equipo interdisciplinario.
 * Jefaturas de Área Técnica y de Oficina Local con claridad de su rol gerencial como garante de la importancia del cumplimiento del procedimiento.
 * Actividades para la atención y seguimiento interdisciplinaria al niño o niña con malnutrición, incluidas de forma prioritaria en la programación.
4. **Registro de resultados**: Deben registrar los resultados de la autoevaluación en el FAES y proporcionar observaciones y comentarios sobre el cumplimiento del procedimiento.
5. **Supervisión**: La Jefatura de Área Técnica Regional debe supervisar y evaluar el cumplimiento del procedimiento en las oficinas locales y proporcionar retroalimentación y apoyo para mejorar el cumplimiento.

En resumen, el procedimiento de autoevaluación y supervisión del cumplimiento en las oficinas locales implica la evaluación de los criterios de cumplimiento, el registro de resultados y la supervisión por parte de la Jefatura de Área Técnica Regional.","El procedimiento de ""Auto evaluación y supervisión del cumplimiento"" que deben realizar las oficinas locales incluye los siguientes pasos:

1. **Claridad en los roles**: Las personas funcionarias de nivel local deben tener claridad en su rol en el acompañamiento técnico y modelaje que asegure la calidad en la toma, ploteo, registro en expedientes de la niña o el niño y cumplimiento de la periodicidad de los tamizajes y evaluaciones.

2. **Supervisión y asesoría técnica**: Las personas funcionarias de nivel regional de Área Técnica deben supervisar y asesorar técnicamente para asegurar el adecuado cumplimiento del procedimiento.

3. **Rol gerencial**: Las Jefaturas de Oficina Local deben garantizar la programación y monitoreo de las actividades a nivel de Oficina Local y establecimientos, requeridas para el cumplimiento del procedimiento.

4. **Actividades programadas**: Las actividades para la vigilancia del crecimiento y desarrollo infantil deben estar incluidas en la programación anual de actividades de las personas funcionarias ASSC2, ASSC3, Profesional de Dirección Nacional de CEN-CINAI.

5. **Suministro de recursos**: Se debe asegurar el suministro de recursos, materiales y equipo requeridos por las personas funcionarias para aplicar los tamizajes, evaluaciones y respectivos registros en los expedientes de las niñas y niños.

6. **Formulario FAES**: Se utiliza el Formulario para la auto evaluación y supervisión del cumplimiento del procedimiento ""Vigilancia del crecimiento y desarrollo infantil en la modalidad intramuros y extramuros"" (Código: PRO-CD-P-01).

7. **Seguimiento de resultados**: Las personas funcionarias que realizan los tamizajes deben hacer la referencia respectiva a la Jefatura de Oficina Local, quien derivará la referencia al equipo de profesionales de Oficina Local para su debida atención interdisciplinaria local.

8. **Responsables de seguimiento**: La Jefatura de Oficina Local es responsable de conducir la ejecución del procedimiento, mediante la divulgación, programación y monitoreo de las acciones a realizar por parte de las personas funcionarias de establecimiento CEN-CINAI.

9. **Registro de datos**: Las personas funcionarias responsables de la aplicación de los diferentes tamizajes y evaluaciones deben realizar el registro de datos dentro de los expedientes de las niñas y niños con calidad y veracidad.

10. **Referencias y seguimiento**: Cuando se detecten casos con necesidades especiales en su crecimiento y desarrollo, o factores de riesgo sociales y de salud, se deben realizar las referencias correspondientes para su seguimiento por el equipo interdisciplinario de Oficina Local.

11. **Reportes y consolidados**: Las Oficinas Locales recopilan y digitan los datos en la herramienta Excel, elaboran el consolidado local y lo envían al nivel regional."
abierta_065,abierta,"Analice la importancia del ""Test de detección de dificultades de lenguaje"" y en qué casos de rezago en EDIN II debe ser aplicado.","Este test es una herramienta de segundo nivel que permite profundizar en la valoración de las habilidades fonéticas y comunicativas cuando se sospechan alteraciones específicas. Es fundamental para diferenciar un retraso madurativo general de un trastorno del lenguaje que requiera terapia especializada. Su aplicación es obligatoria en casos donde la prueba EDIN II arroje un resultado de rezago (amarillo) o riesgo (rojo) específicamente en el área de Lenguaje, tras haber agotado un plan de estimulación previo de tres meses sin mejoría. El resultado de este test permite que el Terapeuta de Lenguaje del equipo interdisciplinario defina estrategias de abordaje clínico o coordine la referencia a servicios de salud externos. Así, este instrumento asegura que las dificultades de comunicación sean atendidas de forma oportuna para evitar impactos en la escolaridad futura.","Source document: Procedimiento_Vigilancia_Crecimientoydesarrollo_intrayextramurosUIVCD.pdf; SISVENDIS-2023.pdf
Page/section: Procedimiento_Vigilancia_Crecimientoydesarrollo_intrayextramurosUIVCD.pdf: Páginas 15 y 27 de 45; SISVENDIS-2023.pdf: Página 34 de 79
Supporting excerpt: ""Test de Lenguaje a casos referidos con nivel de rezago en el área de lenguaje y problemas de comunicación... para niños y niñas de 2 años a 6 años 11 meses de edad.""","El contexto proporcionado no contiene información específica sobre la importancia del ""Test de detección de dificultades de lenguaje"" ni sobre en qué casos de rezago en EDIN II debe ser aplicado. Por lo tanto, no tengo suficiente información para responder a la pregunta con precisión.","El ""Test de detección de dificultades de lenguaje"" es un instrumento importante para evaluar y detectar dificultades en el desarrollo del lenguaje en niños y niñas mayores de 3 años. Este test es parte del sistema de vigilancia del estado nutricional, del desarrollo infantil y salud en CEN-CINAI, y se utiliza en conjunto con la Prueba para la Evaluación del Desarrollo Integral de la Niña y el Niño (EDIN II) y la Evaluación del Desarrollo Infantil en Escolares (EVADE).

En cuanto a su aplicación en casos de rezago en EDIN II, el test de detección de dificultades de lenguaje se aplica cuando se identifican dificultades en el desarrollo del lenguaje en niños y niñas que presentan un rezago en el desarrollo integral, según los resultados de la EDIN II. Esto puede ocurrir cuando un niño o niña no cumple con las conductas esperadas para su grupo de edad en la prueba EDIN II, lo que indica un posible retraso en el desarrollo del lenguaje.

En particular, el test de detección de dificultades de lenguaje se aplica en los siguientes casos:

* Cuando un niño o niña obtiene un resultado de ""Amarillo"" en la EDIN II, lo que indica un posible retraso en el desarrollo del lenguaje.
* Cuando un niño o niña presenta dificultades en el desarrollo del lenguaje, según la evaluación de la EDIN II.
* Cuando un niño o niña tiene 3 años o más y presenta dificultades en el desarrollo del lenguaje, según la evaluación de la EDIN II.

El test de detección de dificultades de lenguaje es un instrumento valioso para detectar y abordar dificultades en el desarrollo del lenguaje en niños y niñas, y su aplicación es fundamental para proporcionar apoyo y intervención temprana a aquellos que lo necesitan.","El ""Test de detección de dificultades de lenguaje"" es un instrumento utilizado para evaluar las dificultades en el desarrollo del lenguaje en niños mayores de 3 años. Este test incluye 17 láminas o fichas como parte de su aplicación y está diseñado para detectar problemas específicos en las áreas fonética y de lenguaje. Según el contexto proporcionado, este test se aplica en casos de ""riesgo de retraso en el desarrollo"" identificados mediante la Prueba para la Evaluación del Desarrollo Integral de la Niña y el Niño (EDIN II). Es decir, cuando un niño no cumple con las conductas esperadas para su grupo de edad y se considera un retraso significativo porque no logra las conductas de la edad anterior, se recomienda aplicar este test para detectar dificultades de lenguaje."
abierta_066,abierta,"Explique la diferencia técnica entre ""Medición acostado"" y ""Medición de pie"" y cómo afecta el cálculo en el software Anthro.","La diferencia técnica radica en la posición biológica del cuerpo y su impacto en la longitud ósea; por estándar, en menores de 2 años se mide la longitud (acostado) y en mayores de 2 años la estatura (de pie). El software Anthro de la OMS requiere que el personal especifique la posición en la que se tomó la medida para aplicar una corrección automática de 0.7 cm. Si un niño mayor de 2 años se mide acostado, el software restará 0.7 cm al dato ingresado para estandarizarlo a estatura. Por el contrario, si un menor de 2 años se mide de pie, el programa sumará 0.7 cm para obtener su longitud real estimada. Registrar incorrectamente la posición en la herramienta digital genera un error sistemático en el cálculo del puntaje Z que puede alterar la clasificación final del estado nutricional.","Source document: Manual-operativo-Evaluacion-estado-nutricional-2019.pdf; Procedimiento_Atencin_Interdisciplinaria_Malnutricin_Versin_02_2020.pdf
Page/section: Manual-operativo-Evaluacion-estado-nutricional-2019.pdf: Páginas 5 y 13 de 48; Procedimiento_Atencin_Interdisciplinaria_Malnutricin_Versin_02_2020.pdf: Páginas 66 y 81 de 140
Supporting excerpt: ""Medición: Marque con una X... si fue medido acostado o de pie. Recuerde que esta información es importante, dado que al registrar los datos en el programa Anthro este automáticamente suma o resta los 0.7 cm. dependiendo de cómo se haya evaluado el menor.""","La diferencia técnica entre ""medición acostado"" y ""medición de pie"" radica en la posición en la que se encuentra el niño o niña durante la medición de la longitud o talla. Cuando se mide a un niño acostado, se utiliza un infantómetro y se coloca al niño en posición supina (boca arriba) sobre una superficie plana y sólida. Esta técnica es especialmente útil para niños menores de dos años o que miden menos de 85 cm. Por otro lado, la medición de pie se realiza con un estadiómetro o tallímetro, y se aplica a niños mayores de dos años o que miden más de 85 cm, siempre y cuando puedan mantenerse de pie de manera estable.

En cuanto al cálculo en el software Anthro, si la medición se realizó con el niño acostado, el software automáticamente suma 0.7 cm a la medición para convertirla en talla equivalente a la posición de pie. Esto se hace para normalizar la medición y poder compararla con las curvas de crecimiento de la OMS, que están basadas en mediciones de pie. Si la medición se realizó con el niño de pie, no se realiza ninguna corrección automática, ya que la medición ya está en la posición de pie.","La diferencia técnica entre ""Medición acostado"" y ""Medición de pie"" se refiere a la posición en la que se toma la medición de la talla o longitud de un niño o niña. 

- La ""Medición acostado"" se utiliza para niños menores de 2 años o que no pueden pararse, y se toma con un infantómetro mientras el niño está acostado boca arriba (decúbito supino). 
- La ""Medición de pie"" se utiliza para niños mayores de 2 años o que pueden pararse, y se toma con un tallímetro mientras el niño está de pie.

En cuanto al cálculo en el software Anthro, es importante tener en cuenta que este software automáticamente suma o resta 0.7 cm dependiendo de cómo se haya evaluado el menor. 

- Si la medición se tomó acostado, el software Anthro resta 0.7 cm para convertirla a talla.
- Si la medición se tomó de pie, el software Anthro suma 0.7 cm para convertirla a longitud.

Es importante registrar correctamente si la medición se tomó acostado o de pie para que el software Anthro realice el cálculo correcto.","La medición acostado y la medición de pie son dos métodos diferentes para determinar la talla o longitud de un niño o niña, y cada uno tiene un impacto específico en el cálculo realizado por el software Anthro. 

1. **Medición acostado**: Se realiza cuando el niño o niña está acostado en posición supina (boca arriba). Este método se utiliza principalmente para niños menores de 2 años o aquellos que no puedan pararse. En este caso, se mide la longitud, y el software Anthro automáticamente suma 0.7 cm a esta medición para convertirla en talla.

2. **Medición de pie**: Se realiza cuando el niño o niña está de pie. Este método se utiliza para niños de 2 años o más que puedan pararse. En este caso, se mide directamente la talla, y el software Anthro no realiza ajustes adicionales.

La diferencia técnica entre ambos métodos radica en la posición del niño y en el ajuste automático que hace el software Anthro. Si se mide acostado, el software suma 0.7 cm para convertir la longitud en talla, mientras que si se mide de pie, no se realiza ningún ajuste. Este ajuste es crucial para asegurar la precisión de los cálculos antropométricos y las clasificaciones nutricionales."
abierta_067,abierta,"Describa los objetivos del servicio de ""Atención y Protección Infantil"" (API) según las normas sustantivas.","El servicio de API tiene como objetivo primordial brindar atención integral y protección cotidiana a niñas y niños mientras sus padres trabajan o estudian. Busca promover el crecimiento y desarrollo óptimo mediante actividades educativas estructuradas y el suministro de alimentación complementaria de alta calidad. Entre sus fines específicos destaca la vigilancia sistemática de la salud, incluyendo tamizajes antropométricos, auditivos, visuales y bucales de forma frecuente. Además, este servicio intramuros permite la detección temprana de riesgos psicosociales o rezagos en el desarrollo para su abordaje inmediato por el equipo interdisciplinario. En síntesis, la modalidad API integra nutrición, educación y salud en un entorno seguro que garantiza el ejercicio de los derechos de la niñez atendida.","Source document: Normas-sustantivas-CEN-CINAI-30-09-2021.pdf
Page/section: Páginas 7-8 y 15-16 de 20 (Normas API-EC-N-01 y API-EX-N-07)
Supporting excerpt: ""Su objetivo se orienta a maximizar el potencial del desarrollo infantil desde el nacimiento hasta los 13 años; la adecuada nutrición, cuidados de salud y socialización, haciendo énfasis en los primeros mil días de vida... en espacios sanos, seguros y estimulantes...""","Según las normas sustantivas, el objetivo del servicio de ""Atención y Protección Infantil"" (API) es brindar una atención integral de niñas y niños intramuros, basada en el enfoque de derechos, que incluye protección, cuidado, educación, nutrición y salud, en entornos favorables, sanos, seguros y estimulantes, con el fin de propiciar su óptimo desarrollo. Este servicio se ajusta a las necesidades evolutivas de las niñas y los niños y está respaldado por seis ejes transversales que guían las acciones institucionales, en línea con los principios de defensa y goce pleno de los derechos de los niños y las niñas en Costa Rica.","Según las normas sustantivas, el servicio de ""Atención y Protección Infantil"" (API) tiene como objetivo brindar una atención integral a las niñas y niños, basada en el enfoque de derechos, que incluye protección, cuidado, educación, nutrición y salud, en entornos favorables, sanos, seguros y estimulantes, para propiciar su óptimo desarrollo. El modelo de API está sustentado en una atención integral para el desarrollo óptimo, desde un enfoque de derechos y en el respeto a las necesidades evolutivas de las niñas y los niños.","Según las normas sustantivas, el servicio de ""Atención y Protección Infantil"" (API) tiene como objetivo proporcionar una atención integral a las niñas y niños, basada en el enfoque de derechos, que incluye protección, cuidado, educación, nutrición y salud, en entornos favorables, sanos, seguros y estimulantes. Este servicio busca promover el desarrollo óptimo de las niñas y los niños, respetando sus necesidades evolutivas y en consonancia con los principios de defensa y goce pleno de los derechos de los niños y las niñas, como lo establece la población costarricense."
abierta_068,abierta,Analice cómo se seleccionan los materiales de apoyo según la prioridad del caso de malnutrición.,"La selección de materiales está condicionada por el Plan de Atención Interdisciplinario y el nivel de prioridad asignado al caso. Para los casos de Prioridad 1 y 2 (Grupos A, B, D y G), que presentan malnutrición severa o riesgo de retraso, se asignan kits completos de estimulación infantil y modelos de réplicas de alimentos para educación intensiva en el hogar. Estos beneficiarios reciben rotafolios educativos específicos y guías de planes de estimulación personalizados que el profesional utiliza durante las visitas domiciliarias o sesiones de apoyo. En contraste, para casos de menor riesgo o con desarrollo normal (Verde), se utilizan principalmente materiales impresos informativos y recomendaciones generales de promoción de la salud. Esta distribución diferenciada asegura que los recursos más especializados se focalicen en revertir las condiciones de mayor vulnerabilidad biológica y social.","Source document: Procedimiento_Atencin_Interdisciplinaria_Malnutricin_Versin_02_2020.pdf; SISVENDIS-2023.pdf
Page/section: Procedimiento_Atencin_Interdisciplinaria_Malnutricin_Versin_02_2020.pdf: Páginas 23, 39-45, 107 y 114 de 140; SISVENDIS-2023.pdf: Página 50 de 79
Supporting excerpt: ""Estrategias de abordaje y materiales de apoyo... según nivel de prioridad... DAF, kits de estimulación infantil, réplicas de alimentos, rotafolios...""","No tengo suficiente información en el contexto proporcionado para analizar específicamente cómo se seleccionan los materiales de apoyo según la prioridad del caso de malnutrición. El contexto menciona materiales de apoyo y estrategias exitosas, pero no detalla cómo se seleccionan estos materiales basándose en la prioridad del caso.","Según el contexto proporcionado, no hay información explícita sobre cómo se seleccionan los materiales de apoyo según la prioridad del caso de malnutrición. Sin embargo, se menciona que el equipo interdisciplinario debe considerar factores de riesgo y determinantes sociales de la salud para priorizar los casos y definir la estrategia de abordaje.

En la página 26 del documento, se menciona que el equipo interdisciplinario debe utilizar los siguientes materiales de apoyo para priorizar los casos:

* Instrumento de detección del niño o niña con malnutrición completado
* Referencias recibidas de otras instituciones
* Expediente del niño o niña o información proporcionada por otros funcionarios
* Sistema de caracterización del ambiente familiar o de hogar (CAF o CAH)
* Lineamientos de priorización con base en grupos de riesgo para la atención y seguimiento interdisciplinario del niño o niña con malnutrición (Anexo 1)
* Lineamientos para la evaluación del desarrollo en la atención interdisciplinaria de niños y niñas con malnutrición (Anexo 2)
* Estrategias con enfoque de salud pública para la atención y seguimiento interdisciplinario del niño o niña con malnutrición (Anexo 3)

Sin embargo, no se proporciona información sobre cómo se seleccionan estos materiales de apoyo según la prioridad del caso. Por lo tanto, la respuesta es que no hay suficiente información en el contexto proporcionado para analizar cómo se seleccionan los materiales de apoyo según la prioridad del caso de malnutrición.","Según el contexto proporcionado, no se menciona específicamente cómo se seleccionan los materiales de apoyo según la prioridad del caso de malnutrición. Por lo tanto, no tengo suficiente información para responder esta pregunta."
abierta_069,abierta,"Explique la función de la ""Bitácora de sesión de trabajo"" en el monitoreo regional del cumplimiento del procedimiento.","La bitácora de sesión de trabajo sirve como el registro oficial y legal de todos los acuerdos, análisis y decisiones tomadas por el equipo interdisciplinario durante sus reuniones mensuales. Su función primordial en el monitoreo es evidenciar la trazabilidad del seguimiento de cada niño, permitiendo que la Jefatura de Área Técnica Regional verifique que se estén aplicando las estrategias normadas. Al reflejar los casos analizados, las priorizaciones realizadas y los egresos otorgados, funciona como un insumo crítico para la elaboración del informe anual de malnutrición. Además, la bitácora permite detectar necesidades de asesoría técnica o recursos adicionales al mostrar patrones regionales de incumplimiento o dificultades operativas en las oficinas locales. Es, por lo tanto, una herramienta de control interno y transparencia administrativa que garantiza la calidad del proceso de atención.","Source document: Procedimiento_Atencin_Interdisciplinaria_Malnutricin_Versin_02_2020.pdf
Page/section: Páginas 10, 15, 32 y 98 de 140 (Anexo 6)
Supporting excerpt: ""Informa sobre la bitácora de reunión de equipo interdisciplinario que debe incluir al menos... registro de participantes, resumen de lo discutido, acuerdos, fecha de próxima reunión."" / ""Bitácora de sesiones de equipo interdisciplinario por Oficina Local.""","La información proporcionada no contiene detalles específicos sobre la función de la ""Bitácora de sesión de trabajo"" en el monitoreo regional del cumplimiento del procedimiento. Sin embargo, se menciona que en la bitácora de reunión de equipo interdisciplinario deben incluirse elementos como el registro de participantes, resumen de lo discutido, acuerdos, y la fecha de la próxima reunión. Estos registros podrían ser utilizados para el monitoreo del cumplimiento del procedimiento, pero la función específica en el contexto regional no es explicitada en el contexto dado. Por lo tanto, no tengo suficiente información para responder a la pregunta de manera precisa.","La ""Bitácora de sesión de trabajo"" es un documento que registra las reuniones y sesiones de trabajo del equipo interdisciplinario que se encarga de la atención y seguimiento de los niños y niñas con malnutrición. En esta bitácora se deben incluir, al menos, los siguientes elementos: registro de participantes, resumen de lo discutido, acuerdos y fecha de próxima reunión.

La función de la ""Bitácora de sesión de trabajo"" en el monitoreo regional del cumplimiento del procedimiento es:

* Registrar y documentar las reuniones y sesiones de trabajo del equipo interdisciplinario.
* Proporcionar un registro de las decisiones y acuerdos tomados durante las sesiones de trabajo.
* Permitir el seguimiento y monitoreo del progreso y cumplimiento del procedimiento de atención interdisciplinaria para los niños y niñas con malnutrición.
* Facilitar la evaluación y ajuste del procedimiento según sea necesario.

En resumen, la ""Bitácora de sesión de trabajo"" es una herramienta importante para el monitoreo y seguimiento del cumplimiento del procedimiento de atención interdisciplinaria para los niños y niñas con malnutrición, y permite a los responsables regionales evaluar y ajustar el procedimiento para asegurar su efectividad.","La ""Bitácora de sesión de trabajo"" en el monitoreo regional del cumplimiento del procedimiento tiene como función registrar los siguientes elementos en cada sesión del equipo interdisciplinario:

1. **Registro de participantes**: Lista de personas que asistieron a la reunión.
2. **Resumen de lo discutido**: Breve descripción de los temas tratados durante la sesión.
3. **Acuerdos**: Decisiones o compromisos alcanzados durante la reunión.
4. **Fecha de próxima reunión**: Indicación de cuándo se celebrará la siguiente sesión.

Esta bitácora es un documento clave para garantizar el seguimiento y monitoreo del cumplimiento del procedimiento, ya que permite verificar la participación, el avance de las acciones y la planificación de futuras actividades. Además, sirve como evidencia del funcionamiento del equipo interdisciplinario y su compromiso con la atención de los niños y niñas con malnutrición."
abierta_070,abierta,Describa los criterios para el ingreso de un niño al servicio de Distribución de Alimentos a Familias (DAF).,"El ingreso al servicio DAF se basa primordialmente en la detección de una condición de malnutrición severa o moderada (desnutrición o baja talla) mediante tamizaje antropométrico. Además de los criterios biológicos, se evalúa que el núcleo familiar se encuentre en condición de pobreza o pobreza extrema, validado a través de estudios socioeconómicos institucionales. También pueden ingresar menores que presenten un riesgo social significativo, como negligencia o inseguridad alimentaria crítica en el hogar, previo análisis del equipo interdisciplinario. Un criterio adicional es la permanencia del menor en programas de vigilancia activa, comprometiéndose la familia a asistir a los controles de crecimiento y desarrollo normados. El cumplimiento de estos criterios permite que la Oficina Local autorice la entrega periódica de paquetes de alimentos fortificados para mejorar la ingesta nutricional del grupo familiar.","Source document: Normas-sustantivas-CEN-CINAI-30-09-2021.pdf; Procedimiento_Atencin_Interdisciplinaria_Malnutricin_Versin_02_2020.pdf
Page/section: Normas-sustantivas-CEN-CINAI-30-09-2021.pdf: Páginas 6, 10-11 y 13 de 20; Procedimiento_Atencin_Interdisciplinaria_Malnutricin_Versin_02_2020.pdf: Páginas 12, 38 y 44 de 140
Supporting excerpt: ""Distribución de Alimentos a Familias (DAF)... Son entregados para fortalecer la calidad de la dieta de niñas y niños que se detectan con desnutrición, baja talla o baja talla severa..."" / ""Norma para Selección SC-N-01...""","Según el contexto proporcionado, los niños y niñas que pueden ser incluidos en el servicio de Distribución de Alimentos a Familias (DAF) son aquellos que presentan desnutrición, desnutrición severa, baja talla, baja talla severa, bajo peso, o bajo peso severo. Es importante mencionar que si más de un niño o niña en un mismo grupo familiar cumple con estos criterios, solo uno de ellos será incluido en el servicio DAF, mientras que los demás podrían recibir otro tipo de servicio y ser referidos al seguimiento del niño o niña con malnutrición.","Según el contexto proporcionado, los criterios para el ingreso de un niño al servicio de Distribución de Alimentos a Familias (DAF) incluyen:

* Niños o niñas con desnutrición, desnutrición severa, baja talla o baja talla severa, bajo peso o bajo peso severo.
* Solo puede ser incluido en DAF uno de los niños o niñas por grupo familiar que presente estas condiciones, y el resto de niños o niñas se les asigna otro servicio y se les refiere al seguimiento del niño o niña con malnutrición.

Además, se debe considerar la modalidad del servicio asignado, que puede ser:

* DAF (Distribución de Alimentos a Familias, incluye el servicio de leche)
* DAF-C.S. (Distribución de Alimentos a Familias más Comidas Servidas)
* DAF-API (Distribución de Alimentos a Familias más Atención y Protección Infantil)

Es importante mencionar que, si un niño o niña es incluido en la modalidad DAF, se debe anotar la fecha de ingreso al DAF.","Para ingresar a un niño al servicio de Distribución de Alimentos a Familias (DAF), se deben considerar los siguientes criterios:

1. **Condiciones de malnutrición**: El niño debe presentar desnutrición, desnutrición severa, baja talla, baja talla severa, bajo peso o bajo peso severo.

2. **Modalidad de servicio**: Si el niño cumple con las condiciones mencionadas, se le asignará la modalidad DAF, que incluye la distribución de alimentos a la familia y, en algunos casos, puede combinarse con otros servicios como Comidas Servidas (CS) o Atención y Protección Infantil (API).

3. **Procedimiento de ingreso**: Se debe anotar la fecha de ingreso al DAF en el formato correspondiente (día/mes/año).

4. **Notificación obligatoria**: Se debe completar y enviar la boleta VE01 (notificación individual de vigilancia epidemiológica) al área rectora de salud.

5. **Consideraciones familiares**: Si más de un niño en el grupo familiar presenta malnutrición, solo uno de ellos puede ser incluido en DAF, y los demás se asignarán a otro servicio y se les referirá al seguimiento del niño con malnutrición.

Estos criterios se basan en el documento proporcionado y se deben seguir para asegurar un abordaje interdisciplinario adecuado."
abierta_071,abierta,Analice por qué es fundamental que la herramienta de seguimiento funcione en Excel 2010 o superior para el análisis regional.,"Es fundamental porque las versiones de Excel 2010 en adelante poseen la capacidad técnica para manejar tablas de datos extensas y aplicar macros complejas necesarias para el cálculo automático de los puntajes Z. Estas versiones permiten el uso de filtros avanzados y validaciones de datos que aseguran la consistencia de la información antes de ser consolidada a nivel regional. La compatibilidad del formato es crucial para que las Direcciones Regionales puedan integrar los archivos de múltiples Oficinas Locales en un solo cuadro resumen sin pérdida de integridad técnica. Además, estas herramientas digitales facilitan la generación automática de gráficos de tendencia y reportes de ""Datos Básicos"" indispensables para la vigilancia epidemiológica nacional. El uso de versiones obsoletas impediría el análisis estadístico oportuno y aumentaría el riesgo de errores en la captura de información sensible de salud.","Source document: Procedimiento_Atencin_Interdisciplinaria_Malnutricin_Versin_02_2020.pdf; SISVENDIS-2023.pdf
Page/section: Procedimiento_Atencin_Interdisciplinaria_Malnutricin_Versin_02_2020.pdf: Páginas 89-94 de 140 (Anexo 5); SISVENDIS-2023.pdf: Páginas 44-46 de 79
Supporting excerpt: ""...es una herramienta que funciona en Excel 2010 en adelante... facilita la captura y procesamiento de los datos por establecimiento, Oficina Local y Dirección Regional...""","La herramienta de seguimiento debe funcionar en Excel 2010 o superior para el análisis regional porque Excel 2010 ofrece características y funciones que permiten un manejo eficiente de datos, consolidación, y análisis complejos necesarios para la gestión y toma de decisiones basadas en la información recopilada sobre la malnutrición en niños y niñas. Estas versiones de Excel proporcionan soporte para macros, fórmulas avanzadas, y herramientas de análisis que son cruciales para procesar y analizar grandes volúmenes de datos, lo cual es esencial para realizar un seguimiento interdisciplinario efectivo y generar informes detallados a nivel regional. Además, asegura la compatibilidad entre diferentes niveles de gestión (local, regional y nacional), permitiendo una integración fluida de datos y un monitoreo coherente del estado nutricional y del desarrollo infantil.","La herramienta de seguimiento interdisciplinario del niño o niña con malnutrición funciona en Excel 2010 en adelante, lo que sugiere que requiere características y funcionalidades específicas que se introdujeron en esta versión o posteriores de Excel. Algunas razones por las que es fundamental que la herramienta funcione en Excel 2010 o superior para el análisis regional podrían ser:

1. **Compatibilidad con macros y fórmulas avanzadas**: Excel 2010 introdujo mejoras en el manejo de macros y fórmulas, lo que permite una mayor complejidad y flexibilidad en el análisis de datos. La herramienta de seguimiento podría utilizar estas características para realizar cálculos y análisis avanzados de los datos de malnutrición.

2. **Mejoras en la gestión de datos**: Excel 2010 y versiones posteriores ofrecen mejoras en la gestión de grandes conjuntos de datos, incluyendo la capacidad de manejar más filas y columnas, lo que es esencial para el análisis regional donde se deben procesar grandes cantidades de información.

3. **Gráficos y visualización de datos**: Las versiones más recientes de Excel, incluyendo la 2010, ofrecen herramientas mejoradas para la creación de gráficos y la visualización de datos, lo que facilita la comprensión y el análisis de los resultados del seguimiento de la malnutrición a nivel regional.

4. **Colaboración y compartición de archivos**: Excel 2010 y versiones posteriores permiten una colaboración más efectiva y la compartición de archivos entre diferentes usuarios, lo que es crucial para el trabajo en equipo y la coordinación a nivel regional en el seguimiento y análisis de la malnutrición.

5. **Seguridad y estabilidad**: Las versiones más recientes de Excel, como la 2010 y superiores, incluyen mejoras en términos de seguridad y estabilidad, lo que reduce el riesgo de pérdida de datos y errores durante el análisis, aspectos críticos en el seguimiento de la malnutrición.

En resumen, la compatibilidad con Excel 2010 o superior es fundamental para la herramienta de seguimiento interdisciplinario del niño o niña con malnutrición porque permite aprove","La herramienta de seguimiento funcione en Excel 2010 o superior es fundamental para el análisis regional porque permite la consolidación y procesamiento de datos en diferentes niveles de gestión (local, regional y nacional). Excel 2010 y versiones posteriores ofrecen funcionalidades avanzadas para la captura, consolidación y análisis de datos, lo que facilita la generación de informes y la toma de decisiones informada. Además, la capacidad de filtrar y revisar datos extremos o incongruentes en Excel asegura la confiabilidad de la información registrada, lo que es esencial para el seguimiento interdisciplinario de niños y niñas con malnutrición y para la evaluación de los efectos en el estado nutricional y desarrollo infantil."
abierta_072,abierta,Explique cómo se clasifican los resultados de la Lista de Cotejo de Patrones de Hábitos de Salud (Cumple / No Cumple).,"La clasificación se realiza mediante la observación directa o la entrevista a la persona cuidadora, evaluando conductas cotidianas relacionadas con la alimentación, higiene y descanso. Se clasifica como ""Cumple"" cuando el niño o niña ejecuta de forma sistemática el comportamiento saludable esperado para su etapa de desarrollo, como el lavado de manos o el consumo de agua. Por el contrario, se marca como ""No Cumple"" cuando la conducta está ausente o se realiza de forma incorrecta, lo que se interpreta como un factor de riesgo para la salud integral. Los resultados de esta lista de cotejo se registran obligatoriamente cada vez que se aplica la prueba EDIN II en menores de 6 años. Esta información cualitativa complementa la valoración biológica y permite que el equipo interdisciplinario diseñe estrategias educativas específicas para corregir hábitos inadecuados en el hogar.","Source document: SISVENDIS-2023.pdf; Procedimiento_Vigilancia_Crecimientoydesarrollo_intrayextramurosUIVCD.pdf; Manual-EDIN-II-final-2020.pdf
Page/section: SISVENDIS-2023.pdf: Páginas 33 y 72 de 79; Procedimiento_Vigilancia_Crecimientoydesarrollo_intrayextramurosUIVCD.pdf: Página 15 de 45; Manual-EDIN-II-final-2020.pdf: Página 91 de 331
Supporting excerpt: ""Lista de cotejo patrones de hábitos de salud... Cumple / No cumple... Expediente de la niña y niño... Cada vez que se aplica el EDIN II.""","La Lista de Cotejo de Patrones de Hábitos de Salud parece evaluar diferentes aspectos del desarrollo infantil, como alimentación, eliminación, higiene y vestido, sueño y descanso, y seguridad. En cada uno de estos aspectos, se marcan los logros del niño con ""CUMPLE"" si el niño realiza la actividad de manera efectiva, o ""NO CUMPLE"" si el niño no realiza la actividad o lo hace de manera insuficiente. Por ejemplo, si un niño se lava y seca las manos solo, se marcaría como ""CUMPLE"" en la categoría de higiene y vestido; si el niño necesita ayuda para esto, se marcaría como ""NO CUMPLE"". Esta lista de cotejo se utiliza para identificar hábitos que pueden impactar el desarrollo infantil y para proporcionar educación oportuna si algún hábito no se cumple.","Según el contexto proporcionado, la clasificación de los resultados de la Lista de Cotejo de Patrones de Hábitos de Salud se realiza mediante la evaluación de si el niño o niña cumple o no con determinados patrones de comportamiento relacionados con la alimentación, eliminación, sueño y descanso, higiene y vestido, y seguridad. 

La clasificación se resume en dos categorías:

1. **CUMPLE**: Indica que el niño o niña realiza el comportamiento o acción esperada para su edad y desarrollo en áreas como alimentación, eliminación, sueño y descanso, higiene y vestido, y seguridad.

2. **NO CUMPLE**: Indica que el niño o niña no realiza el comportamiento o acción esperada para su edad y desarrollo en las mismas áreas mencionadas.

Esta clasificación es utilizada para identificar si el niño o niña está desarrollando de manera adecuada y si requiere apoyo o intervención en áreas específicas. La evaluación se realiza considerando la edad del niño o niña y se compara con los patrones de comportamiento esperados para su grupo de edad. 

Además, se menciona que si un niño o niña no cumple con alguno de los patrones, se brindará educación oportuna para fomentar ese hábito, ya que la ausencia de un conjunto de hábitos puede ser un factor de riesgo, mientras que su presencia puede ser un factor protector.","La Lista de Cotejo de Patrones de Hábitos de Salud se utiliza para evaluar hábitos relacionados con la alimentación, eliminación, sueño y descanso, higiene y vestido, y seguridad en niños. Cada hábito se marca como ""Cumple"" si el niño lo realiza correctamente o ""No Cumple"" si no lo hace. Si un niño no cumple con alguno de estos patrones, se brinda educación oportuna para fomentar ese hábito, ya que la ausencia de un conjunto de hábitos puede ser un factor de riesgo para su desarrollo.

Respuesta: Los resultados de la Lista de Cotejo de Patrones de Hábitos de Salud se clasifican como ""Cumple"" si el niño realiza el hábito correctamente o ""No Cumple"" si no lo hace."
abierta_073,abierta,Describa las tareas del profesional en Nutrición de la Oficina Local en el acompañamiento técnico del personal ASSC.,"El nutricionista de la Oficina Local tiene la tarea primordial de brindar modelaje y asesoría en sitio al personal ASSC para asegurar la técnica correcta en la toma de peso y talla. Supervisa periódicamente que los equipos antropométricos estén debidamente calibrados y en condiciones óptimas para el uso diario. Asimismo, acompaña en la interpretación de las gráficas de crecimiento para evitar errores en el ploteo de puntos y en la identificación de tendencias negativas. El profesional también capacita al personal asistente en el manejo del software Anthro para la verificación de casos complejos y en el llenado correcto de los instrumentos de detección inicial. Estas tareas de acompañamiento técnico garantizan que la vigilancia nutricional en los establecimientos mantenga los estándares de calidad exigidos por la Dirección Nacional.","Source document: Procedimiento_Vigilancia_Crecimientoydesarrollo_intrayextramurosUIVCD.pdf; Procedimiento_Atencin_Interdisciplinaria_Malnutricin_Versin_02_2020.pdf
Page/section: Procedimiento_Vigilancia_Crecimientoydesarrollo_intrayextramurosUIVCD.pdf: Páginas 22, 35 y 39 de 45; Procedimiento_Atencin_Interdisciplinaria_Malnutricin_Versin_02_2020.pdf: Páginas 66 y 81 de 140
Supporting excerpt: ""Oficina Local acompañamiento técnico: Nutrición... Identificación del caso: ASSC3, ASSC2, Profesional de establecimiento. Clasificación nutricional: Profesional de Oficina Local [Nutrición]...""","No tengo suficiente información en el contexto proporcionado para describir específicamente las tareas del profesional en Nutrición de la Oficina Local en el acompañamiento técnico del personal ASSC. El contexto menciona acciones de acompañamiento técnico realizadas por el Área Técnica con los equipos interdisciplinarios, pero no detalla las responsabilidades específicas del profesional en Nutrición en este proceso.","Según el contexto proporcionado, no hay información específica que describa las tareas del profesional en Nutrición de la Oficina Local en el acompañamiento técnico del personal ASSC. Sin embargo, se menciona que el equipo interdisciplinario de la Oficina Local, que puede incluir profesionales de nutrición, participa en el acompañamiento técnico y la atención interdisciplinaria de niños y niñas con malnutrición o necesidades especiales en su crecimiento y desarrollo.

En general, se puede inferir que las tareas del profesional en Nutrición de la Oficina Local podrían incluir:

* Participar en el equipo interdisciplinario para la atención de niños y niñas con malnutrición o necesidades especiales
* Realizar evaluaciones y seguimientos del estado nutricional de los niños y niñas
* Proporcionar orientación y educación sobre nutrición y alimentación saludable a los padres y cuidadores
* Colaborar en la planificación y implementación de programas de nutrición y alimentación en la Oficina Local
* Participar en la revisión y control de calidad de las herramientas y instrumentos utilizados en la atención interdisciplinaria

Sin embargo, es importante destacar que estas son solo inferencias y no hay información específica en el contexto proporcionado que describa las tareas del profesional en Nutrición de la Oficina Local en el acompañamiento técnico del personal ASSC.","La información proporcionada en el contexto no menciona específicamente las tareas del profesional en Nutrición de la Oficina Local en el acompañamiento técnico del personal ASSC. Por lo tanto, no tengo suficiente información para responder la pregunta."
abierta_074,abierta,Analice la composición del equipo técnico responsable de elaborar las normas sustantivas de 2021.,"Las normas sustantivas de 2021 fueron elaboradas por un equipo técnico interdisciplinario adscrito a la Dirección Técnica de CEN-CINAI. Este equipo contó con la participación directa de profesionales de la Unidad de Normalización y Asistencia Técnica (UNAT) y de la Unidad de Investigación y Vigilancia del Crecimiento y Desarrollo (UIVCD). Entre los responsables técnicos identificados se encuentran María Eugenia Villalobos Hernández, Ana Zelmira Arias y otros especialistas encargados de operativizar los servicios institucionales. El documento final recibió la revisión estratégica de la Unidad de Planificación Institucional y el aval superior de la Directora Técnica, Xiomara Molina Retana. Esta composición asegura que la normativa integre tanto la visión operativa como la investigativa, garantizando un enfoque integral en la atención de la niñez costarricense.","Source document: Normas-sustantivas-CEN-CINAI-30-09-2021.pdf
Page/section: Página 2 de 20 (Presentación y Créditos)
Supporting excerpt: ""Las Normas Técnicas han sido realizadas por las Unidades que conforma la Dirección Técnica; Unidad de Normalización y Asistencia Técnica (UNAT) y la Unidad de Investigación de Crecimiento y Desarrollo (UIVCD), bajo la conducción de sus respectivas Jefaturas, Marcela Amador Calvo, Jefatura de UNAT y Eugenia Villalobos Hernández Jefatura de UIVCD, la supervisión técnica de la Directora Técnica, Xiomara Molina Retana, la asesoría de la señora Merceditas Lizano Vega... el aval de la Subdirectora Nacional, Ivannia Bonilla Garita. Son autorizadas por Lidia María Conejo Morales, Directora...""","Según el contexto proporcionado, las Normas Técnicas Sustantivas de 2021 fueron realizadas por las Unidades que conforman la Dirección Técnica, específicamente la Unidad de Normalización y Asistencia Técnica (UNAT) y la Unidad de Investigación de Crecimiento y Desarrollo (UIVCD). Estas unidades trabajaron bajo la conducción de sus respectivas jefaturas, lideradas por Marcela Amador Calvo (Jefatura de UNAT) y Eugenia Villalobos Hernández (Jefatura de UIVCD). Además, contó con la supervisión técnica de la Directora Técnica, Xiomara Molina Retana, y la asesoría de Merceditas Lizano Vega, de la Unidad de Planificación Estratégica Institucional. Finalmente, las normas fueron autorizadas por Lidia María Conejo Morales, Directora de la Dirección Nacional de CEN-CINAI.","La composición del equipo técnico responsable de elaborar las normas sustantivas de 2021 incluye:

1. Unidad de Normalización y Asistencia Técnica (UNAT), liderada por Marcela Amador Calvo.
2. Unidad de Investigación de Crecimiento y Desarrollo (UIVCD), liderada por Eugenia Villalobos Hernández.
3. La Directora Técnica, Xiomara Molina Retana, quien supervisó técnicamente el proceso.
4. La Unidad de Planificación Estratégica Institucional, que proporcionó asesoría en cuanto al Marco Orientador, representada por Merceditas Lizano Vega.
5. La Subdirectora Nacional, Ivannia Bonilla Garita, quien dio su aval a las normas.
6. La Directora de la Dirección Nacional de CEN-CINAI, Lidia María Conejo Morales, quien autorizó las normas.

Estos equipos y personas trabajaron juntos para elaborar y aprobar las Normas Técnicas Sustantivas de 2021 para la Dirección Nacional de CEN-CINAI.","La composición del equipo técnico responsable de elaborar las normas sustantivas de 2021 incluye:

1. **Unidad de Normalización y Asistencia Técnica (UNAT)**, liderada por Marcela Amador Calvo.
2. **Unidad de Investigación de Crecimiento y Desarrollo (UIVCD)**, liderada por Eugenia Villalobos Hernández.
3. **Supervisión técnica** de la Directora Técnica, Xiomara Molina Retana.
4. **Asesoría** de Merceditas Lizano Vega, de la Unidad de Planificación Estratégica Institucional.
5. **Aval** de la Subdirectora Nacional, Ivannia Bonilla Garita.
6. **Autorización** de Lidia María Conejo Morales, Directora de la Dirección Nacional de CEN-CINAI.

Estas personas y unidades trabajaron juntas para desarrollar y autorizar las normas técnicas sustantivas en 2021."
abierta_075,abierta,"Explique cómo se reportan los avances de la intervención interdisciplinaria en el apartado de ""Observaciones"" de la herramienta digital.","Los avances se reportan de forma cualitativa, describiendo los cambios significativos observados en el niño o en su entorno tras la aplicación de las estrategias del plan. En este apartado se anota la evolución del estado nutricional, destacando si hay una mejora en la tendencia de peso o si persisten barreras biológicas. También se registra el progreso en el desarrollo integral, detallando si el menor ha superado rezagos específicos o si se mantiene su condición de riesgo. Es fundamental incluir información sobre el compromiso de la familia, anotando si han asistido a las sesiones de apoyo o si han implementado las recomendaciones de estimulación en el hogar. Finalmente, las observaciones sirven para justificar cambios en el Plan de Atención o para documentar los motivos técnicos de un egreso satisfactorio del sistema de seguimiento.","Source document: Procedimiento_Atencin_Interdisciplinaria_Malnutricin_Versin_02_2020.pdf
Page/section: Páginas 50, 70, 77, 81 y 92 de 140
Supporting excerpt: ""Se anota en observaciones aspectos claves que se identifiquen en el seguimiento y que sean importantes de considerar por parte del equipo... En el espacio de observaciones del último seguimiento se anota que el niño o niña se trasladó... Los datos que contienen un asterisco... se pueden incluir en el espacio de observaciones.""","No tengo suficiente información específica en el contexto proporcionado sobre cómo se reportan exactamente los avances de la intervención interdisciplinaria en el apartado de ""Observaciones"" de la herramienta digital. El contexto menciona que se deben anotar observaciones y actividades realizadas, pero no da detalles sobre el formato o el proceso específico para reportar avances en ese apartado.","En el contexto proporcionado, no se menciona específicamente cómo se reportan los avances de la intervención interdisciplinaria en el apartado de ""Observaciones"" de la herramienta digital. Sin embargo, se indica que en el espacio de ""Actividades realizadas y observaciones"" se debe anotar una descripción de las actividades realizadas durante el seguimiento del niño o niña con malnutrición, según el plan de atención interdisciplinaria, así como la evolución que el niño o niña ha presentado luego de ejecutar las estrategias consideradas oportunas para su condición de malnutrición. También se menciona que se debe registrar cualquier otra información adicional que el equipo considere necesaria.

En resumen, aunque no se proporciona información específica sobre una ""herramienta digital"", se entiende que los avances de la intervención interdisciplinaria se reportan en el espacio destinado para observaciones y actividades realizadas, donde se describen los progresos y la evolución del niño o niña con malnutrición en el contexto de la atención interdisciplinaria.","En el apartado de ""Observaciones"" de la herramienta digital, se registran las actividades realizadas durante el seguimiento del niño o niña con malnutrición, así como la evolución que ha presentado luego de ejecutar las estrategias consideradas oportunas para su condición de malnutrición. También se anotan cualquier otra información adicional que el equipo interdisciplinario considere necesaria. Además, se mencionan las causas si no se lograron llevar a cabo las estrategias propuestas y la reprogramación de las mismas."
abierta_076,abierta,"Describa el uso de la ""Dona"" y el ""Sonajero"" en la evaluación de la motora fina en lactantes.","Estos materiales estandarizados son fundamentales en la aplicación de la prueba EDIN II para evaluar la coordinación óculo-manual y el agarre en los primeros meses de vida. El sonajero se utiliza para observar si el lactante dirige su mano hacia un objeto sonoro, demostrando intención y control motor; mientras que la dona bicolor (negra con blanco) sirve para evaluar el tipo de prensión, ya sea palmar o de pinza fina, según la edad. El evaluador debe presentar los objetos a una distancia específica para provocar la respuesta motora y registrar si el niño logra alcanzar, sostener o transferir el objeto de una mano a otra. Estos estímulos sensoriales permiten detectar rezagos tempranos en la maduración del sistema nervioso central vinculados a la motora fina.","Source document: Manual-EDIN-II-final-2020.pdf
Page/section: Páginas 10, 19, 25 y 33 de 331
Supporting excerpt: ""Dona de 15 cm de diámetro negra con blanco... Sonajero (chilindrín)... Coge el sonajero y lo mantiene en su mano al menos 5 segundos y lo deja caer... Sostiene el sonajero moviéndolo por más de cinco segundos...""","El contexto proporcionado menciona el uso de la ""Dona"" y el ""Sonajero"" (también llamado chilindrín) en evaluaciones, pero no especifica su uso directo para evaluar la motricidad fina en lactantes. La dona de 15 cm de diámetro negra con blanco se usa para evaluar el seguimiento visual, moviéndola lentamente de forma horizontal y diagonal para ver si el lactante puede seguir el objeto con sus ojos. El sonajero se utiliza para estimular respuestas auditivas y visuales, así como para observar cómo el lactante interactúa con el objeto, como sostenerlo y moverlo. Sin embargo, estos detalles no constituyen una descripción específica de la evaluación de la motricidad fina, por lo que no puedo afirmar con certeza cómo se usan estos objetos para tal propósito basándome únicamente en la información proporcionada.","Según el contexto proporcionado, se describe el uso de la ""Dona"" y el ""Sonajero"" en la evaluación de lactantes de la siguiente manera:

- **Dona**: Se utiliza una dona de 15 cm de diámetro, negra con blanco, para evaluar la capacidad del lactante para seguir objetos con la mirada. El procedimiento consiste en acostar al lactante boca arriba con la cabeza de lado, colocar la dona a 20 centímetros de su cara, y una vez que ha fijado su mirada en el objeto, moverlo lentamente de forma horizontal sin sacudirlo, pasando por la línea media del cuerpo del lactante hasta llegar al otro costado. También se menciona mover el objeto en sentido diagonal hacia atrás y hacia adelante en otra parte del texto.

- **Sonajero (Chilindrín)**: El sonajero se utiliza de varias maneras en la evaluación:
  1. **Seguimiento visual**: Se coloca el sonajero a 20 centímetros del lado derecho de la cabeza del lactante (y luego del lado izquierdo) mientras el lactante está acostado boca arriba, para evaluar su capacidad para seguir el objeto con la mirada.
  2. **Estimulación auditiva y motora**: Se utiliza para emitir sonidos y estimular al lactante a que los repita, evaluando así su desarrollo auditivo y de lenguaje.
  3. **Motora fina**: Se coloca el sonajero en las manos del lactante para observar si lo puede sostener y mover, evaluando su motora fina.
  4. **Reacción a estímulos**: Se balancea el sonajero frente al lactante para observar su reacción, como si intenta alcanzarlo o seguirlo con la mirada.

En resumen, tanto la dona como el sonajero son herramientas utilizadas en la evaluación del desarrollo de lactantes, abarcando aspectos como la motora fina, el seguimiento visual, la estimulación auditiva, y la reacción a estímulos.","La ""Dona"" y el ""Sonajero"" son herramientas utilizadas en la evaluación de la motora fina en lactantes, según el contexto proporcionado. 

1. **Dona**: Se utiliza para evaluar la capacidad del lactante para seguir objetos con la mirada. Se coloca a 20 centímetros de la cara del niño y se mueve lentamente de forma horizontal y diagonal sin sacudirlo. Esto ayuda a observar si el niño puede seguir el objeto con su mirada de manera casi continua y si puede encontrar el estímulo nuevamente si pierde momentáneamente la vista.

2. **Sonajero (Chilindrín)**: Se utiliza para evaluar la respuesta auditiva y la manipulación de objetos. Se coloca a 20 centímetros del lado derecho e izquierdo de la cabeza del niño, asegurándose de que no vea el estímulo. También se coloca en las manos del niño para observar si lo sostiene y lo mueve por más de cinco segundos antes de soltarlo. Además, se utiliza para estimular sonidos guturales al hablarle cara a cara.

Ambas herramientas son esenciales para evaluar el desarrollo motor fino, la percepción visual y auditiva, y la capacidad de respuesta del lactante."
abierta_077,abierta,Analice por qué el procedimiento prohíbe devolver instrumentos con errores de fondo a los establecimientos.,"Esta prohibición se fundamenta en el principio de continuidad y oportunidad de la atención para niños con malnutrición biológica o riesgo social. Si se devolvieran los instrumentos físicos de detección (como el Anexo 5 o la boleta VE01) ante errores administrativos o técnicos, se detendría el flujo de intervención interdisciplinaria, poniendo en riesgo la salud del menor. En su lugar, el procedimiento exige que el profesional de la Oficina Local o el equipo regional asuman la corrección del dato mediante la comunicación directa con el establecimiento o la verificación en el software Anthro. El objetivo es asegurar que el seguimiento inicie de inmediato, priorizando la recuperación nutricional sobre los trámites burocráticos internos.","Source document: Procedimiento_Atencin_Interdisciplinaria_Malnutricin_Versin_02_2020.pdf
Page/section: Páginas 22 y 27 de 140 (Tarea 5)
Supporting excerpt: ""El Instrumento no debe ser devuelto al establecimiento, a menos que la corrección sea de importancia, por lo que en caso de duda y mediante vía telefónica u otra vía, se le consulta al funcionario/a que lo completó, sobre los datos faltantes o con error y se completan o ajustan, para continuar con el trámite.""","No tengo suficiente información en el contexto proporcionado para responder por qué el procedimiento prohíbe devolver instrumentos con errores de fondo a los establecimientos. El contexto menciona que el instrumento no debe ser devuelto al establecimiento a menos que la corrección sea de importancia, pero no explica específicamente los motivos detrás de esta regla.","El procedimiento prohíbe devolver instrumentos con errores de fondo a los establecimientos porque busca agilizar el trámite y evitar retrasos en la atención de los niños o niñas con malnutrición. En su lugar, se sugiere consultar al funcionario que completó el instrumento para corregir o completar la información faltante, lo que permite continuar con el trámite de manera eficiente. Esto indica que el procedimiento prioriza la celeridad y la efectividad en la atención de los casos de malnutrición, minimizando los retrasos y optimizando el uso del tiempo y los recursos.","El procedimiento prohíbe devolver instrumentos con errores de fondo a los establecimientos para evitar retrasos en el trámite y asegurar que la información sea correcta y completa. En caso de dudas o errores, se recomienda consultar con el profesional que completó el formulario para ajustar los datos sin necesidad de devolver el instrumento, lo que optimiza el proceso y garantiza la continuidad del abordaje interdisciplinario."
abierta_078,abierta,Explique la importancia de la actualización constante de la normativa institucional ante cambios en las pruebas de desarrollo (como el paso de EDIN a EDIN II).,"La actualización normativa, liderada por la UIVCD, garantiza que la vigilancia institucional se base en la evidencia científica más reciente y en instrumentos validados por la academia, como el paso a la escala EDIN II validada por la UCR. Mantener los manuales operativos al día permite unificar las técnicas de medición a nivel nacional, reduciendo los sesgos en la detección de rezagos. Esto es crítico para el SISVENDIS 2023, ya que herramientas más sensibles permiten capturar hitos del desarrollo de forma precisa, orientando mejor la asignación de recursos y estrategias de estimulación. Una normativa desactualizada comprometería la calidad del dato y, por ende, la efectividad de las políticas públicas dirigidas a la primera infancia.","Source document: SISVENDIS-2023.pdf; Procedimiento_Vigilancia_Crecimientoydesarrollo_intrayextramurosUIVCD.pdf; Manual-EDIN-II-final-2020.pdf
Page/section: SISVENDIS-2023.pdf: Páginas 11, 45, 50 y 52 de 79; Procedimiento_Vigilancia_Crecimientoydesarrollo_intrayextramurosUIVCD.pdf: Páginas 1, 7 y 22 de 45; Manual-EDIN-II-final-2020.pdf: Página 1 de 331
Supporting excerpt: ""Mantener actualizada la documentación normativa que regula la implementación del SISVENDIS... La Dirección Nacional de CEN-CINAI adopta el tamizaje actualizado EDIN II... lo que requiere modificar los criterios de efectos de mejora...""","No tengo suficiente información en el contexto proporcionado para responder directamente sobre la importancia de la actualización constante de la normativa institucional ante cambios en las pruebas de desarrollo, como el paso de EDIN a EDIN II. El contexto proporcionado contiene detalles sobre la prueba EDIN II y cómo se aplica, pero no discute explícitamente la importancia de actualizar la normativa institucional en respuesta a cambios en estas pruebas.","La actualización constante de la normativa institucional ante cambios en las pruebas de desarrollo, como el paso de EDIN a EDIN II, es crucial para garantizar que las evaluaciones del desarrollo infantil sean precisas y efectivas. 

La implementación de una nueva versión de una prueba, como el EDIN II, puede reflejar cambios en la comprensión del desarrollo infantil, mejoras en la metodología de evaluación o ajustes para abordar nuevas necesidades identificadas en la población infantil. 

Al actualizar la normativa institucional para reflejar estos cambios, se asegura que los profesionales que trabajan con niños y niñas estén utilizando las herramientas y criterios más actualizados y validados para evaluar su desarrollo. Esto, a su vez, permite una detección temprana de posibles desviaciones o retrasos en el desarrollo, lo que facilita la implementación de intervenciones adecuadas y oportunas para apoyar el crecimiento saludable de los niños.

Además, la actualización de la normativa institucional ayuda a mantener la coherencia y la estandarización en la evaluación del desarrollo infantil, lo que es esencial para comparar resultados a lo largo del tiempo, evaluar la efectividad de los programas de intervención y realizar seguimientos adecuados.

En el contexto específico del paso de EDIN a EDIN II, la actualización de la normativa institucional permitiría a los profesionales de la salud y la educación ajustar sus prácticas de evaluación y seguimiento para incorporar las mejoras y cambios introducidos en la nueva versión de la prueba. Esto podría incluir la capacitación del personal para el uso adecuado del EDIN II, la revisión de los protocolos de evaluación y seguimiento, y la adaptación de los sistemas de registro y análisis de datos para reflejar los nuevos criterios y resultados de la prueba.

En resumen, la actualización constante de la normativa institucional ante cambios en las pruebas de desarrollo es fundamental para garantizar que las evaluaciones del desarrollo infantil sean precisas, efectivas y basadas en la evidencia más reciente, lo que a su vez contribuye a promover el desarrollo saludable y el bienestar de los niños y niñas.","La importancia de la actualización constante de la normativa institucional ante cambios en las pruebas de desarrollo, como el paso de EDIN a EDIN II, radica en garantizar que los profesionales que aplican las pruebas estén capacitados y entrenados para usar la versión más reciente. Esto asegura que las evaluaciones sean realizadas de manera correcta y estandarizada, lo que a su vez garantiza la confiabilidad y validez de los resultados. Además, la actualización de la normativa permite incorporar mejoras metodológicas y asegurar que las pruebas reflejen adecuadamente el desarrollo infantil en las diferentes áreas evaluadas."
abierta_079,abierta,"Describa los indicadores de riesgo que el profesional debe marcar con una ""X"" en el plan de atención interdisciplinario.","El profesional debe identificar y marcar factores críticos divididos en tres niveles: individual, familiar y comunitario. A nivel individual, se incluyen antecedentes como bajo peso al nacer o esquema de vacunas incompleto. En el ámbito familiar, se marcan situaciones de hacinamiento, inadecuada disposición de basura, violencia intrafamiliar o consumo de drogas. Finalmente, en lo comunitario, se consideran riesgos de desastre o falta de acceso a agua apta para consumo humano. Esta marcación con una ""X"" permite que el equipo interdisciplinario visualice rápidamente los determinantes sociales que están afectando el crecimiento del niño y diseñe estrategias de mitigación en el Plan de Atención.","Source document: Procedimiento_Atencin_Interdisciplinaria_Malnutricin_Versin_02_2020.pdf
Page/section: Páginas 63 y 74 de 140 (Instructivo del Instrumento de Detección)
Supporting excerpt: ""PLAN DE ATENCIÓN INTERDISCIPLINARIO... Indicadores de riesgo: Marcar una X en el paréntesis, si el niño o niña presenta indicadores de riesgo individual ( ), familiar ( ) o comunitario ( ), según lo reportado en este instrumento...""","Según el contexto proporcionado, el profesional debe marcar una ""X"" en el plan de atención interdisciplinario si el niño o niña presenta indicadores de riesgo individual, familiar o comunitario, según lo reportado en el instrumento de detección. Estos indicadores de riesgo pueden incluir factores como el estado nutricional, nivel de desarrollo, riesgo social, violencia familiar, y otros determinantes sociales de la salud. Sin embargo, el contexto no especifica una lista exhaustiva de estos indicadores.","Según el contexto proporcionado, los indicadores de riesgo que el profesional debe marcar con una ""X"" en el plan de atención interdisciplinario son los siguientes:

* Indicadores de riesgo individual
* Indicadores de riesgo familiar
* Indicadores de riesgo comunitario

Estos indicadores de riesgo se refieren a factores como:
- Salud individual del niño o niña
- Datos del grupo familiar
- Estado nutricional
- Nivel de desarrollo
- Riesgo social
- Violencia familiar
- Entre otros determinantes sociales de la salud donde el niño o niña crece.

Además, en el contexto de la evaluación del estado nutricional, se mencionan específicamente los siguientes indicadores de riesgo que se deben marcar con una ""X"":
- Obesidad
- Sobrepeso
- Desnutrición
- Retardo en talla
- Alteraciones de alimentación
- Alteraciones visuales
- Alteraciones auditivas
- Esquema de vacunación incompleto
- Alteraciones emocionales y de conducta
- Problemas de aprendizaje
- Riesgo bucodental (para el Ministerio de Educación Pública)","Los indicadores de riesgo que el profesional debe marcar con una ""X"" en el plan de atención interdisciplinario son los siguientes:

1. **Indicadores de riesgo individual**: Se marcan si el niño o niña presenta indicadores de riesgo individual, familiar o comunitario, según lo reportado en el instrumento de detección.

2. **Priorización**: Se anota la priorización del caso determinada por los miembros del equipo interdisciplinario en la sesión de la Oficina Local, según los lineamientos de priorización con base en grupos de riesgo.

3. **Estrategias a emplear**: Se marcan las estrategias definidas por el equipo interdisciplinario para la atención, como visita domiciliar, atención individual, grupal, contexto, consejería, actividades comunitarias, u otras que decida el equipo.

4. **Referencia a otra institución**: Se marca una ""X"" si el niño o niña será referido a otra institución, como la Caja Costarricense del Seguro Social (CCSS), Patronato Nacional de la Infancia (PANI), etc.

5. **Condición del caso**: Se marca una ""X"" según la condición del caso, que puede ser:
   - Continúa: Si el equipo interdisciplinario decide continuar brindando el seguimiento.
   - Egreso de CEN-CINAI: Si el niño o niña se fue del establecimiento o de la comunidad, con o sin justificación.
   - Egreso por evolución: Si el niño o niña ha evolucionado favorablemente y no requiere más seguimiento.

Estos indicadores se registran en el Instrumento de detección del niño o niña con malnutrición, y se consideran factores de riesgo como salud individual, datos del grupo familiar, comunidad, estado nutricional, nivel de desarrollo, riesgo social, violencia familiar, entre otros determinantes sociales de la salud."
abierta_080,abierta,Analice cómo el SISVENDIS contribuye al cumplimiento de los Objetivos de Desarrollo Sostenible (ODS) relacionados con el maltrato infantil.,"El modelo operativo SISVENDIS 2023 integra variables de vigilancia que responden directamente a las metas de bienestar infantil de los ODS 2030. Al monitorear signos de alerta biopsicosociales, como la violencia intrafamiliar y la negligencia en el cuido, la institución actúa como un mecanismo de detección temprana de maltrato. El sistema facilita la referencia inmediata a instancias legales como el PANI o el Ministerio Público, cumpliendo con la protección de la niñez contra todas las formas de violencia. Además, la sistematización de estos datos a nivel nacional permite a CEN-CINAI reportar avances país en la reducción de brechas de desigualdad y protección de poblaciones vulnerables.","Source document: SISVENDIS-2023.pdf
Page/section: Página 24 de 79 (Tabla: Indicadores y relación con ODS, ítem 20)
Supporting excerpt: ""20. Maltrato, castigo por cuidadores (ODS 16.2.1): Proporción de niñas y niños de 1 a 17 años que han experimentado algún castigo físico o agresión psicológica por parte de los cuidadores en el mes pasado. Por observación o entrevista a madre o responsable y se realiza referencia para su atención oportuna.""","Según el contexto proporcionado, el SISVENDIS contribuye al cumplimiento del Objetivo de Desarrollo Sostenible (ODS) 16.2.1, que se relaciona con la reducción del maltrato infantil. Este objetivo busca medir la proporción de niñas y niños de 1 a 17 años que han experimentado algún castigo físico o agresión psicológica por parte de los cuidadores en el mes anterior. El SISVENDIS utiliza métodos de observación o entrevistas a madres o responsables para detectar estas situaciones y realizar referencias para la atención oportuna, lo que ayuda a monitorear y prevenir el maltrato infantil, contribuyendo así a la consecución de este ODS.","El SISVENDIS contribuye al cumplimiento de los Objetivos de Desarrollo Sostenible (ODS) relacionados con el maltrato infantil, específicamente el ODS 16.2.1, que se refiere a la proporción de niñas y niños que han experimentado algún castigo físico o agresión psicológica por parte de los cuidadores. El SISVENDIS realiza vigilancia y referencia para la atención oportuna de casos de maltrato infantil, lo que permite identificar y abordar esta problemática de manera efectiva. Además, el sistema de vigilancia también contribuye a la prevención y detección temprana de situaciones de maltrato, lo que es fundamental para garantizar el bienestar y la protección de las niñas y los niños. 

En específico, el indicador 20 del SISVENDIS se refiere al ""Maltrato, castigo por cuidadores (ODS 16.2.1)"", que busca medir la proporción de niñas y niños de 1 a 17 años que han experimentado algún castigo físico o agresión psicológica por parte de los cuidadores en el mes pasado. Esto sugiere que el SISVENDIS está diseñado para recopilar datos y realizar seguimiento sobre el maltrato infantil, lo que puede informar políticas y programas para prevenir y abordar esta problemática. 

En resumen, el SISVENDIS contribuye al cumplimiento de los ODS relacionados con el maltrato infantil al proporcionar un sistema de vigilancia y referencia para la atención oportuna de casos de maltrato, así como al recopilar datos y realizar seguimiento sobre esta problemática.","El SISVENDIS contribuye al cumplimiento de los Objetivos de Desarrollo Sostenible (ODS) relacionados con el maltrato infantil a través de su enfoque en la vigilancia del estado nutricional, desarrollo infantil y salud. Según el contexto proporcionado, el sistema incluye indicadores específicos para detectar maltrato y castigo físico o psicológico por parte de los cuidadores, lo que se alinea con el ODS 16.2.1, que busca reducir el maltrato y la agresión contra niños y niñas. Además, el SISVENDIS establece acciones de referencia para atención oportuna, lo que contribuye a la protección y bienestar de los niños, en consonancia con los objetivos de desarrollo sostenible."
abierta_081,abierta,"Explique cómo se diferencian operativamente los conceptos de ""pobreza básica"" y ""pobreza extrema"" dentro del proceso de selección de beneficiarios y qué importancia tiene esta distinción para la equidad en el acceso a los servicios.","Operativamente, CEN-CINAI utiliza herramientas como el CAF y la boleta de Caracterización del Ambiente Hogar (CAH) para calcular el ingreso per cápita y el índice de carencias del hogar. La pobreza extrema se identifica cuando el ingreso no alcanza para cubrir la canasta básica alimentaria, mientras que la pobreza básica cubre alimentación pero no otras necesidades esenciales. Esta distinción permite priorizar el ingreso a servicios intensivos como API o Comidas Servidas a los niños en extrema precariedad, asegurando que los recursos limitados se asignen con equidad. Al diferenciar estos niveles, la institución garantiza que la malnutrición sea abordada con mayor urgencia donde la carencia biológica y económica es total.","Source document: Normas-sustantivas-CEN-CINAI-30-09-2021.pdf; Procedimiento_Atencin_Interdisciplinaria_Malnutricin_Versin_02_2020.pdf
Page/section: Normas-sustantivas-CEN-CINAI-30-09-2021.pdf: Páginas 10-11 y 24-25 de 20 (Norma SC-N-01); Procedimiento_Atencin_Interdisciplinaria_Malnutricin_Versin_02_2020.pdf: Páginas 11 y 12 de 140
Supporting excerpt: ""Pobreza básica: ingreso per cápita igual o inferior a la línea de pobreza, pero superior a la CBA. Pobreza extrema: ingreso per cápita igual o inferior a la Canasta Básica Alimentaria (CBA)... por lo que se hacen todos los esfuerzos por atender a la totalidad de las niñas y niños en condición de pobreza extrema.""","Operativamente, se diferencia entre ""pobreza básica"" y ""pobreza extrema"" en el proceso de selección de beneficiarios de acuerdo con sus ingresos per cápita. La pobreza básica se define como aquella situación en la que los hogares tienen un ingreso per cápita igual o inferior a la línea de pobreza, pero superior al costo per cápita de la Canasta Básica Alimentaria (CBA) o línea de extrema pobreza. Por otro lado, la pobreza extrema se refiere a hogares con un ingreso per cápita igual o inferior al costo per cápita de la Canasta Básica Alimentaria (CBA).

Esta distinción es crucial para la equidad en el acceso a los servicios porque permite priorizar la atención a la población más vulnerable. De acuerdo con el contexto proporcionado, se hace énfasis en dar prioridad a la población más vulnerable, con criterios de justicia, por lo que se hacen todos los esfuerzos por atender a la totalidad de las niñas y niños en condición de pobreza extrema. Esto asegura que los recursos y servicios se dirijan preferentemente a quienes se encuentran en la situación más crítica, garantizando así un enfoque equitativo y solidario en la provisión de servicios.","La pobreza básica y la pobreza extrema son dos conceptos que se diferencian operativamente en el contexto de la selección de beneficiarios para los servicios de CEN-CINAI. 

La pobreza básica se refiere a aquellos hogares que tienen un ingreso per cápita igual o inferior a la línea de pobreza, pero superior al costo per cápita de la Canasta Básica Alimentaria (CBA) o línea de extrema pobreza. Por otro lado, la pobreza extrema se define como aquellos hogares con un ingreso per cápita igual o inferior al costo per cápita de la Canasta Básica Alimentaria (CBA).

Esta distinción es importante para la equidad en el acceso a los servicios porque permite priorizar a la población más vulnerable. Según el texto, se hace énfasis en atender a la totalidad de las niñas y niños en condición de pobreza extrema, lo que sugiere que este grupo es considerado más prioritario en términos de necesidad. Al mismo tiempo, la consideración de la pobreza básica también es relevante, ya que estos hogares también enfrentan desafíos significativos, aunque no tan extremos como los que viven en pobreza extrema.

En resumen, la distinción entre pobreza básica y pobreza extrema es crucial para asegurar que los servicios lleguen a aquellos que más los necesitan, promoviendo así la equidad en el acceso a los servicios y apoyando a las poblaciones más vulnerables de manera efectiva.","Operativamente, la ""pobreza básica"" y la ""pobreza extrema"" se diferencian en el proceso de selección de beneficiarios de la siguiente manera:

- **Pobreza básica**: Se refiere a hogares con un ingreso per cápita igual o inferior a la línea de pobreza, pero superior al costo per cápita de la Canasta Básica Alimentaria (CBA) o línea de extrema pobreza.

- **Pobreza extrema**: Se refiere a hogares con un ingreso per cápita igual o inferior al costo per cápita de la Canasta Básica Alimentaria (CBA).

La importancia de esta distinción para la equidad en el acceso a los servicios reside en que se prioriza la atención a la población más vulnerable, garantizando que las personas en condición de pobreza extrema reciban atención prioritaria, lo que contribuye a la justicia social y al balance en la provisión de servicios."
abierta_082,abierta,"Analice la importancia estratégica de los ""primeros mil días de vida"" dentro de la ventana de oportunidad de CEN-CINAI y cómo este enfoque condiciona la periodicidad de los tamizajes nutricionales.","Este enfoque reconoce que el periodo desde la gestación hasta los dos años es crítico para el desarrollo cerebral y el crecimiento lineal irreversible. CEN-CINAI prioriza estratégicamente esta ventana mediante una vigilancia más frecuente de las mujeres embarazadas y los lactantes, utilizando tamizajes de peso y talla para detectar estancamientos de forma inmediata. Para este grupo etario, la periodicidad de los controles es mayor que en niños escolares, debido a la plasticidad biológica y la alta demanda de nutrientes. Esta intervención oportuna busca prevenir el retardo en talla y las deficiencias cognitivas que impactarían la calidad de vida futura del individuo y su productividad nacional.","Source document: SISVENDIS-2023.pdf; Normas-sustantivas-CEN-CINAI-30-09-2021.pdf; Procedimiento_Vigilancia_Crecimientoydesarrollo_intrayextramurosUIVCD.pdf
Page/section: SISVENDIS-2023.pdf: Páginas 16 y 26 de 79; Normas-sustantivas-CEN-CINAI-30-09-2021.pdf: Página 4 de 20; Procedimiento_Vigilancia_Crecimientoydesarrollo_intrayextramurosUIVCD.pdf: Páginas 15 y 17 de 45
Supporting excerpt: ""...dentro de la ventana de oportunidad de los primeros mil días... 270 días (gestación), más 365 días (1er año), más 365 días (2do año)..."" / ""EDIN II menores de tres años: dos veces al año (x x)... de tres a menos de seis años: una vez al año (x)...""","Los ""primeros mil días de vida"", que van desde el embarazo hasta los tres años de edad, son considerados una ventana de oportunidad crucial para el desarrollo óptimo de las niñas y los niños. Durante este período, el cerebro se desarrolla rápidamente y se establecen conexiones neuronales fundamentales, lo que tiene un impacto duradero en la salud y el desarrollo futuro. Este enfoque estratégico en CEN-CINAI condiciona la periodicidad de los tamizajes nutricionales, ya que se enfatiza la importancia de intervenciones tempranas, específicas y preventivas para asegurar un buen desarrollo y salud. Las acciones de vigilancia deben ser frecuentes para detectar y atender cualquier riesgo en el crecimiento o desarrollo infantil, con el objetivo de potenciar el aprendizaje, la adaptabilidad y futuros ingresos, y reducir problemas de salud a largo plazo. Por lo tanto, la periodicidad de los tamizajes nutricionales se ajusta a esta ventana crítica para garantizar una atención oportuna y eficaz.","La importancia estratégica de los ""primeros mil días de vida"" dentro de la ventana de oportunidad de CEN-CINAI radica en que este período es fundamental para el desarrollo saludable y el bienestar futuro de los niños. Según la información proporcionada, los primeros mil días, que abarcan desde la gestación hasta los 3 años de edad, son críticos para la formación de aspectos clave para la salud, el bienestar y la productividad en la vida futura.

Este enfoque condiciona la periodicidad de los tamizajes nutricionales de varias maneras:

1. **Detección temprana**: La vigilancia del crecimiento y desarrollo durante los primeros mil días permite la detección temprana de posibles problemas de nutrición, desarrollo o salud, lo que facilita intervenciones oportunas y efectivas.

2. **Frecuencia de tamizajes**: La periodicidad de los tamizajes debe ser lo suficientemente frecuente como para permitir la entrega de servicios efectivos y la medición de los cambios en el crecimiento y desarrollo infantil. Esto sugiere que los tamizajes nutricionales y de desarrollo deben realizarse con regularidad durante este período crítico.

3. **Enfoque intergeneracional**: Aunque los primeros mil días son particularmente importantes, la formación del cerebro y el desarrollo continuán más allá de este período. Por lo tanto, los tamizajes y la vigilancia deben considerar un enfoque a largo plazo, asegurando que las intervenciones tempranas se complementen con un seguimiento y apoyo continuados.

4. **Priorización**: La vigilancia del crecimiento y desarrollo se prioriza para las niñas y niños con mayores necesidades en salud, crecimiento y desarrollo, lo que implica que los tamizajes nutricionales deben ser especialmente frecuentes o intensivos para este grupo.

En resumen, el enfoque en los ""primeros mil días"" dentro de CEN-CINAI subraya la necesidad de una vigilancia y tamizaje nutricional regular y temprano para detectar y abordar cualquier desviación del crecimiento y desarrollo saludable, con el objetivo de potenciar el bienestar futuro de los niños y prevenir problemas de salud a largo plazo.","Los primeros mil días de vida, desde el embarazo hasta los 3 años de edad, son considerados una ventana de oportunidad crucial para el desarrollo óptimo de las niñas y los niños. Durante este período, se forman aspectos críticos de la salud, bienestar y productividad futura. Según Victora (2012), estos mil días incluyen 270 días de gestación, 365 días del primer año y 365 días del segundo año. Lo que suceda durante este tiempo tiene un impacto permanente en la salud y desarrollo de los individuos, especialmente en poblaciones con bajos ingresos.

En CEN-CINAI, la periodicidad de los tamizajes nutricionales está condicionada por la necesidad de detectar tempranamente riesgos en el crecimiento y desarrollo infantil. Los tamizajes se aplican al menos una vez al año, lo que permite una vigilancia continua y la implementación de estrategias de intervención oportuna. Esto asegura que las niñas y los niños reciban atención adecuada y se refieran a otros servicios si es necesario, contribuyendo a su crecimiento y desarrollo integral."
abierta_083,abierta,"Describa el protocolo ético y legal que debe seguir el personal institucional para garantizar la confidencialidad de los expedientes, citando la legislación nacional específica que rige el tratamiento de datos personales en salud.","El personal debe resguardar físicamente los expedientes en archivos bajo llave en las Oficinas Locales, asegurando que el foliado se mantenga íntegro para evitar la pérdida de documentos. Legalmente, este manejo se rige por la Ley No. 8968 (Protección de la Persona frente al Tratamiento de sus Datos Personales) y el Reglamento de Vigilancia de la Salud. El protocolo prohíbe compartir información sensible con terceros sin autorización legal, permitiendo el acceso únicamente al equipo interdisciplinario para fines de atención integral. Incluso en herramientas digitales, se utilizan filtros de seguridad y el registro de casos como ""indocumentado"" para proteger la identidad del menor sin privarle del derecho a la salud.","Source document: Procedimiento_Atencin_Interdisciplinaria_Malnutricin_Versin_02_2020.pdf
Page/section: Páginas 6 de 140, 121-124 de 140 (Anexo 8)
Supporting excerpt: ""...Ley 8968 de Protección de la persona frente al tratamiento de sus datos personales, vigente en Costa Rica... adoptar medidas necesarias para garantizar la seguridad de los datos personales y evitar su alteración, destrucción accidental o ilícita, pérdida, tratamiento o acceso no autorizado...""","El personal institucional debe seguir un protocolo ético y legal riguroso para garantizar la confidencialidad de los expedientes de los niños y niñas con malnutrición. Este protocolo incluye:

1. Cumplir con las reglas de ética profesional y de confidencialidad que son obligatorias para su condición de funcionario público.
2. Respetar la intimidad de cada caso y proteger los derechos del niño o niña, realizando anotaciones específicas y especializadas bajo su custodia si estas son de alta sensibilidad para el grupo familiar o el caso.
3. Archivar los expedientes en un lugar seguro, como un ampo, folder o archivo, ubicado en la sede de la Oficina Local correspondiente, después de cada sesión de equipo interdisciplinario donde se conoce el caso.
4. Cuando se traslada un expediente, este debe ir en un sobre sellado rotulado con la información pertinente y la palabra ""CONFIDENCIAL"" debe estar claramente visible en el sobre.

La legislación nacional específica que rige el tratamiento de datos personales en salud mencionada en el contexto es la **Ley 8968 de Protección de la Persona frente al Tratamiento de sus Datos Personales**, vigente en Costa Rica. Esta ley es crucial para el manejo ético y legal de la información personal de los pacientes, asegurando que se respeten los derechos de privacidad y confidencialidad de los niños y niñas con malnutrición.","El protocolo ético y legal que debe seguir el personal institucional para garantizar la confidencialidad de los expedientes se basa en el cumplimiento de las reglas de ética profesional y de confidencialidad que obliga su condición de funcionario público. Esto incluye el respeto a la intimidad de cada caso y la protección de los derechos del niño o niña.

En Costa Rica, la legislación nacional específica que rige el tratamiento de datos personales en salud es la Ley 8968 de Protección de la persona frente al tratamiento de sus datos personales. Esta ley establece los principios y reglas para el tratamiento de datos personales, incluyendo la confidencialidad, la seguridad y la transparencia.

En el contexto de la atención interdisciplinaria para niños y niñas con malnutrición, el personal institucional debe cumplir con las siguientes medidas para garantizar la confidencialidad de los expedientes:

1. Archivar los expedientes en un lugar seguro y accesible solo para el personal autorizado.
2. Utilizar instrumentos de seguimiento y documentación que respeten la intimidad de cada caso y protejan los derechos del niño o niña.
3. Realizar anotaciones detalladas y propias de la especialidad profesional en documentación separada, para evitar la exposición de información sensible en el expediente principal.
4. Registrar los datos en la herramienta de seguimiento del niño o niña con malnutrición, de manera que se garantice la confidencialidad y la seguridad de la información.
5. Cumplir con las reglas de ética profesional y de confidencialidad que obliga su condición de funcionario público, de acuerdo con la Ley 8968 de Protección de la persona frente al tratamiento de sus datos personales.

En resumen, el personal institucional debe seguir un protocolo ético y legal que garantice la confidencialidad de los expedientes, basado en la Ley 8968 de Protección de la persona frente al tratamiento de sus datos personales y en las reglas de ética profesional y de confidencialidad que rigen su condición de funcionario público.","El protocolo ético y legal que debe seguir el personal institucional para garantizar la confidencialidad de los expedientes se basa en la **Ley 8968 de Protección de la persona frente al tratamiento de sus datos personales**, vigente en Costa Rica. Esta ley establece que todo profesional o funcionario institucional que acceda a los expedientes de los niños y niñas con malnutrición debe cumplir con las reglas de ética profesional y de confidencialidad, protegiendo los datos personales y respetando la intimidad de cada caso. Además, se menciona que las anotaciones específicas y sensibles deben ser custodiadas por el profesional respectivo y no archivadas como parte del expediente, asegurando que la información sea tratada de manera confidencial y respetando los derechos del niño o niña."
abierta_084,abierta,"Compare las definiciones de ""Asesoría Técnica"" y ""Asistencia Técnica"" según el modelo operativo SISVENDIS, explicando cómo cada una apoya el fortalecimiento de capacidades en el nivel local.","La Asistencia Técnica se define como un proceso continuo y participativo de acompañamiento y modelaje directo al personal que ejecuta los tamizajes en los establecimientos para asegurar la calidad del dato. Por otro lado, la Asesoría Técnica tiene un carácter más consultivo y gerencial, enfocándose en la resolución de problemas específicos de implementación o interpretación de normas que surgen en el nivel local. Mientras la asistencia fortalece las destrezas operativas diarias del ASSC3/2, la asesoría apoya al equipo interdisciplinario en la toma de decisiones estratégicas basadas en los informes regionales. Ambas funciones son esenciales para mantener la estandarización técnica exigida por la Dirección Nacional.","Source document: SISVENDIS-2023.pdf; Normas-sustantivas-CEN-CINAI-30-09-2021.pdf; Procedimiento_Vigilancia_Crecimientoydesarrollo_intrayextramurosUIVCD.pdf
Page/section: SISVENDIS-2023.pdf: Páginas 15 y 37 de 79; Normas-sustantivas-CEN-CINAI-30-09-2021.pdf: Página 17 de 20; Procedimiento_Vigilancia_Crecimientoydesarrollo_intrayextramurosUIVCD.pdf: Páginas 14-15 de 45
Supporting excerpt: ""Asesoría Técnica: Son actividades de información a grupos o personas individuales, incluye recomendaciones verbales y escritas... Asistencia Técnica: se define como el desarrollo de capacidades, por medio de compartir conocimientos actualizados...""","Según el modelo operativo SISVENDIS, la ""Asesoría Técnica"" se refiere a actividades de información dirigidas a grupos o personas individuales, que incluyen recomendaciones verbales y escritas sobre ciertas temáticas. Estas actividades pueden realizarse a través de diversos medios como correo electrónico, redes sociales, artículos, infografías, videos, y campañas informativas y de divulgación, con el objetivo de ampliar el conocimiento en la materia.

Por otro lado, la ""Asistencia Técnica"" se define como el desarrollo de capacidades a través del intercambio de conocimientos actualizados, métodos, procedimientos y herramientas probadas y vigentes, con el fin de mejorar la gestión y la calidad de los servicios brindados. Para llevar a cabo la asistencia técnica, se requieren procesos de inducción, capacitación, diagnóstico de necesidades, planeación, ejecución y medición de resultados.

Ambas actividades apoyan el fortalecimiento de capacidades en el nivel local de la siguiente manera:

- La Asesoría Técnica proporciona información y recomendaciones que ayudan a los funcionarios locales a tomar decisiones informadas y a mejorar sus prácticas en base a la información actualizada y relevante.
- La Asistencia Técnica, por su parte, implica un proceso más integral y continuo de formación y desarrollo de habilidades, que va más allá de la simple provisión de información, y se enfoca en la adquisición de competencias y destrezas necesarias para el desempeño efectivo de sus funciones.

En conjunto, estas actividades buscan mejorar la calidad de los servicios ofrecidos por la Dirección Nacional de CEN-CINAI, asegurando que los funcionarios locales tengan las herramientas y el conocimiento necesarios para cumplir con sus objetivos institucionales.","Según el modelo operativo SISVENDIS, ""Asesoría Técnica"" y ""Asistencia Técnica"" son dos conceptos que apoyan el fortalecimiento de capacidades en el nivel local, aunque tienen definiciones y enfoques ligeramente diferentes.

**Asesoría Técnica**: Se refiere a actividades de información a grupos o personas individuales, que incluyen recomendaciones verbales y escritas sobre cierta temática. Puede ser proporcionada a través de correo electrónico, redes sociales, artículos, infografías, videos, campañas informativas y de divulgación. El objetivo es ampliar el conocimiento en la materia y brindar orientación específica sobre temas técnicos.

**Asistencia Técnica**: Se define como el desarrollo de capacidades, por medio de compartir conocimientos actualizados, métodos, procedimientos y herramientas probadas y vigentes para el mejoramiento de la gestión y la calidad de los servicios que se brindan. Implica procesos de inducción, capacitación, diagnóstico de necesidades, planeación, ejecución y medición de resultados. El objetivo es mejorar la gestión y la calidad de los servicios, y fortalecer las capacidades de los funcionarios y funcionarias en el nivel local.

En resumen, la Asesoría Técnica se enfoca en proporcionar información y orientación específica sobre temas técnicos, mientras que la Asistencia Técnica se enfoca en desarrollar capacidades y mejorar la gestión y la calidad de los servicios a través de procesos de capacitación y acompañamiento. Ambas apoyan el fortalecimiento de capacidades en el nivel local, pero la Asistencia Técnica es un proceso más integral y continuo que busca mejorar la gestión y la calidad de los servicios de manera sostenible.","Según el modelo operativo SISVENDIS, las definiciones de ""Asesoría Técnica"" y ""Asistencia Técnica"" son las siguientes:

1. **Asesoría Técnica**: Se refiere a actividades de información dirigidas a grupos o personas individuales, que incluyen recomendaciones verbales y escritas sobre cierta temática. También considera información a través de correo electrónico, redes sociales, artículos, infografías, videos, campañas informativas y de divulgación, con el fin de ampliar el conocimiento en la materia. En el nivel local, la asesoría técnica apoya el fortalecimiento de capacidades al proporcionar orientación especializada y actualizada, lo que permite a los funcionarios y funcionarias mejorar su desempeño y adoptar prácticas más efectivas.

2. **Asistencia Técnica**: Se define como el desarrollo de capacidades mediante el compartir conocimientos actualizados, métodos, procedimientos y herramientas probadas y vigentes para el mejoramiento de la gestión y la calidad de los servicios. Para realizar asistencia técnica, es necesario realizar procesos de inducción, capacitación, diagnóstico de necesidades, planeación, ejecución y medición de resultados. En el nivel local, la asistencia técnica contribuye al fortalecimiento de capacidades al proporcionar formación y apoyo continuo, lo que permite a los equipos locales implementar estrategias más efectivas y de alta calidad.

Ambas actividades, asesoría técnica y asistencia técnica, son esenciales para apoyar el fortalecimiento de capacidades en el nivel local, asegurando que los servicios prestados sean de alta calidad y que se logren los objetivos institucionales."
abierta_085,abierta,"Explique detalladamente el proceso de transición en la vigilancia del desarrollo cuando un niño o niña cumple los 6 años, especificando el cambio de instrumentos de evaluación y la coordinación con el sistema escolar.","Al cumplir los 6 años, el menor egresa del rango de aplicación de la prueba EDIN II y realiza la transición a la prueba EVADE, diseñada específicamente para la población escolar de 6 a 14 años. En este proceso, el equipo interdisciplinario debe analizar el historial del niño para comunicar cualquier rezago persistente a los padres, facilitando la coordinación con el Ministerio de Educación Pública (MEP) para el apoyo educativo. El expediente cambia su estructura para registrar indicadores propios de la edad escolar, como el IMC en lugar de Peso/Talla. Esta transición asegura que la vigilancia del desarrollo integral no se detenga al iniciar la escolaridad formal, permitiendo una detección continua de barreras de aprendizaje.","Source document: Procedimiento_Atencin_Interdisciplinaria_Malnutricin_Versin_02_2020.pdf; Procedimiento_Vigilancia_Crecimientoydesarrollo_intrayextramurosUIVCD.pdf; SISVENDIS-2023.pdf
Page/section: Procedimiento_Atencin_Interdisciplinaria_Malnutricin_Versin_02_2020.pdf: Páginas 22, 53 y 67 de 140; Procedimiento_Vigilancia_Crecimientoydesarrollo_intrayextramurosUIVCD.pdf: Páginas 15, 22-24 de 45; SISVENDIS-2023.pdf: Páginas 31-34 de 79
Supporting excerpt: ""Si en el seguimiento el niño o niña presenta cambio de edad a mayor de 6 años, se debe aplicar el EVADE. No se comparan resultados de EDIN y EVADE.""","Según el contexto proporcionado, cuando un niño o niña cumple los 6 años, se produce una transición en la vigilancia del desarrollo que implica un cambio en los instrumentos de evaluación. Específicamente, se deja de utilizar la Prueba de Evaluación del Desarrollo Integral del Niño de 0 a 6 años (EDIN II) y se pasa a utilizar la Prueba General para la Evaluación del Desarrollo de Niños, Niñas y Adolescentes de 6 a 14 Años de Edad (EVADE).

No se menciona directamente en el contexto cómo se coordina esta transición con el sistema escolar, por lo que no puedo proporcionar detalles específicos sobre esa coordinación basándome únicamente en la información dada. Sin embargo, se destaca que no se comparan los resultados de EDIN II y EVADE, lo que sugiere que cada instrumento se utiliza de manera independiente para su respectivo rango de edad.

Para una respuesta completa sobre la coordinación con el sistema escolar, sería necesario más información que no está presente en el contexto proporcionado.","Según el contexto proporcionado, cuando un niño o niña cumple los 6 años, se produce un cambio en el instrumento de evaluación del desarrollo. En este caso, se deja de utilizar la Prueba de Evaluación del Desarrollo Integral del niño de 0 a 6 años (EDIN II) y se comienza a utilizar la Prueba general para la evaluación del desarrollo de niños, niñas y adolescentes de 6 a 14 años de edad (EVADE).

Este cambio se debe a que el EVADE está diseñado para evaluar el desarrollo de niños y niñas en una edad más avanzada, y es más adecuado para detectar posibles problemas de desarrollo en esta etapa.

En cuanto a la coordinación con el sistema escolar, no se proporciona información detallada en el contexto. Sin embargo, se menciona que la vigilancia del desarrollo es un proceso continuo y flexible que entrega información a los profesionales de salud, a los padres y a otros miembros de la comunidad. Por lo tanto, es probable que la transición a la evaluación con el EVADE implique una coordinación con el sistema escolar para garantizar que la evaluación sea oportuna y efectiva.

En resumen, el proceso de transición en la vigilancia del desarrollo cuando un niño o niña cumple los 6 años implica el cambio de instrumento de evaluación del EDIN II al EVADE, y es probable que requiera una coordinación con el sistema escolar para garantizar una evaluación efectiva y oportuna.","El proceso de transición en la vigilancia del desarrollo cuando un niño o niña cumple los 6 años implica un cambio de instrumentos de evaluación y una coordinación con el sistema escolar. Según el contexto proporcionado, cuando un niño o niña cumple los 6 años, se deja de aplicar la Prueba de Evaluación del Desarrollo Integral del niño de 0 a 6 años (EDIN II) y se inicia la aplicación de la Prueba general para la evaluación del desarrollo de niños, niñas y adolescentes de 6 a 14 años de edad (EVADE). Este cambio se realiza sin comparar los resultados de EDIN II y EVADE, como se menciona en el contexto.

Además, se debe coordinar con el sistema escolar para asegurar la continuidad en la atención y el seguimiento del desarrollo del niño o niña. Esto implica registrar los resultados de las evaluaciones en los instrumentos respectivos y en el expediente interdisciplinario, así como brindar recomendaciones para la promoción del desarrollo y la atención oportuna.

En resumen, el proceso de transición incluye el cambio de instrumentos de evaluación (de EDIN II a EVADE) y la coordinación con el sistema escolar para garantizar una atención integral y continua."
abierta_086,abierta,"Analice el rol del ""Comité de CEN-CINAI"" en la selección de usuarios y cómo este órgano actúa como un mecanismo de participación social para validar las necesidades de la comunidad.","El Comité de CEN-CINAI actúa como el enlace vital entre la institución y la comunidad, participando activamente en la validación de las familias candidatas para los servicios. Su rol es actitudinal y de apoyo en el proceso de selección, aportando conocimientos sobre la realidad local que las herramientas técnicas podrían omitir, como riesgos sociales específicos del entorno. Este órgano garantiza la transparencia en la asignación de cupos al actuar como un observador social que certifica que los servicios lleguen a quienes realmente se encuentran en pobreza o vulnerabilidad. Su participación fortalece la gobernanza democrática y el empoderamiento comunitario en la gestión de la salud pública local.","Source document: Normas-sustantivas-CEN-CINAI-30-09-2021.pdf; SISVENDIS-2023.pdf
Page/section: Normas-sustantivas-CEN-CINAI-30-09-2021.pdf: Páginas 10-11 y 13 de 20; SISVENDIS-2023.pdf: Páginas 36, 43 y 50 de 79
Supporting excerpt: ""Ejecución: ASSC2, ASSC3, Profesional de establecimiento. Equipo Interdisciplinario, con el apoyo del Comité de CEN-CINAI."" / ""...incorporando la participación social, los actores sociales como parte fundamental de las fuentes de información...""","No tengo suficiente información en el contexto proporcionado para responder a la pregunta sobre el rol específico del ""Comité de CEN-CINAI"" en la selección de usuarios y cómo actúa como un mecanismo de participación social para validar las necesidades de la comunidad. El contexto menciona varios documentos y procedimientos relacionados con la atención interdisciplinaria y la selección de usuarios, pero no proporciona detalles sobre un ""Comité de CEN-CINAI"" ni sobre su papel en la participación social.","No hay suficiente información en el contexto proporcionado para analizar el rol del ""Comité de CEN-CINAI"" en la selección de usuarios y cómo este órgano actúa como un mecanismo de participación social para validar las necesidades de la comunidad. El contexto proporcionado se enfoca en la descripción de procedimientos, normas y documentos relacionados con la atención interdisciplinaria del niño o niña con malnutrición, el sistema de vigilancia del estado nutricional y el desarrollo infantil, y las normas sustantivas para la educación al grupo familiar, pero no menciona específicamente el ""Comité de CEN-CINAI"" ni su función en la selección de usuarios o la participación social.","El contexto proporcionado no menciona explícitamente el ""Comité de CEN-CINAI"" ni su rol en la selección de usuarios o como un mecanismo de participación social para validar las necesidades de la comunidad. Por lo tanto, no tengo suficiente información para responder la pregunta."
abierta_087,abierta,"Describa el procedimiento técnico de corrección de datos que debe realizar el equipo interdisciplinario cuando la herramienta de Excel arroja errores de cálculo tipo ""¡VALOR!"" o ""REFF!"".","Ante la aparición de estos errores, el equipo debe aplicar una guía de revisión de calidad para identificar la entrada de datos que invalida las fórmulas de Excel. El primer paso es verificar que las fechas de evaluación tengan el formato dd/mm/aaaa y que las edades coincidan cronológicamente con la fecha de nacimiento. Seguidamente, se debe revisar si se ingresaron caracteres no numéricos en campos de peso o talla, o si existen celdas vacías en columnas obligatorias para el cálculo de puntajes Z. Una vez localizado el error, el dato debe corregirse en la herramienta digital y marcarse la casilla de ""digitado"" en el expediente físico para asegurar que la información consolidada sea íntegra y veraz.","Source document: Procedimiento_Atencin_Interdisciplinaria_Malnutricin_Versin_02_2020.pdf
Page/section: Páginas 89-94 de 140 (Anexo 5)
Supporting excerpt: ""Anexo 5. Guía de revisión de calidad de la herramienta... Revisar datos extremos, no congruentes... Garantizar que no existan seguimientos vacíos... errores de fórmula...""","No tengo suficiente información en el contexto proporcionado para describir el procedimiento técnico de corrección de datos que debe realizar el equipo interdisciplinario cuando la herramienta de Excel arroja errores de cálculo tipo ""¡VALOR!"" o ""REFF!"". El contexto menciona que se utiliza una herramienta en Excel para el seguimiento interdisciplinario, pero no proporciona detalles sobre cómo manejar errores específicos de cálculo en la hoja de cálculo.","No tengo suficiente información para describir el procedimiento técnico de corrección de datos que debe realizar el equipo interdisciplinario cuando la herramienta de Excel arroja errores de cálculo tipo ""¡VALOR!"" o ""REFF!"". El texto proporcionado no menciona específicamente cómo manejar estos errores en la herramienta de Excel utilizada para el seguimiento interdisciplinario del niño o niña con malnutrición.","La información proporcionada en el contexto no menciona un procedimiento técnico específico para corregir errores de cálculo como ""¡VALOR!"" o ""REFF!"" en la herramienta de Excel utilizada para el seguimiento interdisciplinario de niños y niñas con malnutrición. Por lo tanto, no tengo suficiente información para responder la pregunta."
abierta_088,abierta,Explique la utilidad del software Anthro de la OMS como herramienta de validación técnica en el proceso de detección y qué patrón de referencia (año de publicación) es el estándar oficial para la institución.,"El software Anthro de la OMS es la herramienta de referencia obligatoria para que el profesional en Nutrición verifique la precisión de las clasificaciones antropométricas realizadas manualmente. Su utilidad radica en la capacidad de calcular con exactitud los puntajes Z (desviaciones estándar) basándose en el estándar oficial de la institución: el Patrón de Crecimiento OMS 2006. Anthro permite cruzar variables como peso, talla, edad y sexo, corrigiendo automáticamente por la posición de medición (acostado/pie) para evitar diagnósticos erróneos de malnutrición. Esta validación técnica asegura que las decisiones del equipo interdisciplinario y las referencias externas se sustenten en datos robustos y estandarizados internacionalmente.","Source document: Procedimiento_Atencin_Interdisciplinaria_Malnutricin_Versin_02_2020.pdf; Manual-operativo-Evaluacion-estado-nutricional-2019.pdf; DVS_norma_nacional_uso_graficas_antropometricas_valoracion_nutriciol_0-19_2017.pdf
Page/section: Procedimiento_Atencin_Interdisciplinaria_Malnutricin_Versin_02_2020.pdf: Páginas 27, 62 y 66 de 140; Manual-operativo-Evaluacion-estado-nutricional-2019.pdf: Páginas 3, 8 y 28 de 48; DVS_norma_nacional_uso_graficas_antropometricas_valoracion_nutriciol_0-19_2017.pdf: Páginas 1-2
Supporting excerpt: ""En la fila Puntaje Z, el profesional en nutrición de la Oficina Local deberá obtener el dato utilizando la calculadora del software Anthro..."" / ""...patrón de referencia OMS, 2006 (para menores de 5 años) y OMS, 2007 (para mayores de 5 años)...""","El software Anthro de la OMS es una herramienta de validación técnica crucial en el proceso de detección de la condición nutricional de niños y niñas. Se utiliza para calcular los puntajes Z de los indicadores antropométricos (Peso para la Edad - P/E, Peso para la Talla - P/T, y Talla para Edad - T/E) y para clasificar el estado nutricional de acuerdo con las curvas de crecimiento de la OMS. Según el contexto proporcionado, el patrón de referencia oficial para la institución es el de la OMS del año 2006, que se utiliza para evaluar el crecimiento y desarrollo de niños y niñas de 0 a 5 años. Este patrón se considera el estándar debido a que se basa en un estudio multicéntrico que incluyó niños y niñas que crecieron en condiciones óptimas.","El software Anthro de la OMS es una herramienta de validación técnica utilizada en el proceso de detección de malnutrición en niños y niñas. Su utilidad radica en la capacidad de calcular el puntaje Z para los indicadores de peso para la edad (P/E), peso para la talla (P/T) y talla para la edad (T/E), lo que permite una evaluación precisa del estado nutricional de los menores de 5 años. 

El patrón de referencia estándar oficial para la institución es el patrón de crecimiento de la OMS 2006, que se utiliza para evaluar el crecimiento y desarrollo de los lactantes, niños y niñas de 0 a 5 años. Este patrón de referencia se basa en un estudio multicéntrico que tuvo como objetivo determinar un nuevo conjunto de curvas para evaluar el crecimiento y el desarrollo motor de los niños y niñas en diferentes partes del mundo. 

En resumen, el software Anthro es una herramienta fundamental para la evaluación y seguimiento del estado nutricional en niños y niñas, y el patrón de crecimiento de la OMS 2006 es el estándar oficial utilizado por la institución para esta evaluación.","El software Anthro de la OMS se utiliza como herramienta de validación técnica en el proceso de detección de malnutrición para calcular los puntajes Z de los indicadores antropométricos (Peso para Edad, Peso para Talla y Talla para Edad). Este software automáticamente ajusta los datos de talla dependiendo de cómo se haya medido al niño (acostado o de pie), sumando o restando 0.7 cm. Además, se utiliza para plotear los datos en las curvas de crecimiento de la OMS, lo que permite clasificar el estado nutricional del niño o niña.

El patrón de referencia oficial utilizado es el de la Organización Mundial de la Salud (OMS) publicado en el año 2006, conocido como el ""World Health Organization Child Growth Standards"". Este patrón se basa en un estudio multicéntrico que incluyó a niños y niñas con un entorno óptimo para el crecimiento, como lactancia materna, buena atención de salud y madres no fumadoras."
abierta_089,abierta,"Compare las metas de la norma PCD-GF-N-01 (Educación al Grupo Familiar) con los objetivos de las ""sesiones de apoyo"" en el abordaje integral de casos de malnutrición severa.","La norma PCD-GF-N-01 tiene una meta preventiva y general, buscando proveer aprendizaje a todas las familias atendidas para fortalecer competencias parentales y vínculos afectivos sanos. En contraste, las sesiones de apoyo son una estrategia de abordaje intensivo y específica para casos ya detectados con malnutrición severa o persistente. Mientras la educación al grupo familiar es transversal a todos los servicios, las sesiones de apoyo reúnen al equipo interdisciplinario con la familia del caso de alta prioridad para analizar barreras biológicas y sociales críticas. Ambas buscan el empoderamiento familiar, pero las sesiones de apoyo funcionan como un tratamiento especializado para revertir condiciones de riesgo inminente.","Source document: Normas-sustantivas-CEN-CINAI-30-09-2021.pdf; Procedimiento_Atencin_Interdisciplinaria_Malnutricin_Versin_02_2020.pdf; SISVENDIS-2023.pdf
Page/section: Normas-sustantivas-CEN-CINAI-30-09-2021.pdf: Páginas 18-19 de 20; Procedimiento_Atencin_Interdisciplinaria_Malnutricin_Versin_02_2020.pdf: Páginas 10 y 54 de 140; SISVENDIS-2023.pdf: Páginas 36 y 50 de 79
Supporting excerpt: ""...con el fin de mejorar las competencias parentales, la calidad de vida de la familia, facilitar el empoderamiento como sujetos de derechos, promover relaciones vinculares democráticas, respetuosas y afectivas..."" / ""...orientadas a fortalecer competencias parentales y desarrollo de conductas de autocuidado y promoción del desarrollo integral... para lograr de manera oportuna la recuperación en crecimiento y desarrollo de niños y niñas con malnutrición.""","No tengo suficiente información en el contexto proporcionado para comparar las metas de la norma PCD-GF-N-01 (Educación al Grupo Familiar) con los objetivos de las ""sesiones de apoyo"" en el abordaje integral de casos de malnutrición severa, ya que la norma PCD-GF-N-01 no es mencionada en el contexto dado. Sin embargo, sí se describe en el contexto la estrategia de sesiones educativas a grupos de padres, madres y encargados o cuidadores de niños y niñas con malnutrición, cuyos objetivos incluyen fortalecer competencias parentales, promover el desarrollo integral de los niños y niñas, y fomentar una alimentación saludable y una crianza segura. Estas sesiones también buscan identificar temas de interés que ayuden a mejorar las prácticas intrafamiliares relacionadas con la nutrición y el desarrollo de los niños.","No tengo suficiente información para comparar las metas de la norma PCD-GF-N-01 con los objetivos de las ""sesiones de apoyo"" en el abordaje integral de casos de malnutrición severa, ya que la norma PCD-GF-N-01 no se menciona en el contexto proporcionado. Sin embargo, puedo describir los objetivos de las sesiones educativas y de apoyo en el contexto de la malnutrición.

Las sesiones educativas a grupos de padres, madres y encargados o cuidadores del niños y niñas con malnutrición tienen como objetivo fortalecer competencias parentales y desarrollo de conductas de autocuidado y promoción del desarrollo integral de niños y niñas. Estas sesiones buscan identificar temas de interés que fortalezcan los conocimientos, actitudes y prácticas intrafamiliares que fomenten alimentación saludable, crianza segura de los niños y niñas, así como estimulación del crecimiento, desarrollo, lenguaje, juego interactivo, promoción de la salud integral, entre otros.

En cuanto a las sesiones de apoyo en el abordaje integral de casos de malnutrición severa, el objetivo es brindar un acompañamiento personalizado a los niños y niñas con malnutrición y sus familias, con el fin de mejorar su estado nutricional y desarrollo integral. Esto incluye la identificación de las causas múltiples de la malnutrición, el establecimiento de acciones conjuntas de recuperación del estado nutricional, y el fomento de interacciones vinculares sensibles, el juego con pares y con adultos, y la promoción de la salud integral.

En resumen, aunque no puedo comparar directamente las metas de la norma PCD-GF-N-01 con los objetivos de las sesiones de apoyo, puedo decir que las sesiones educativas y de apoyo en el contexto de la malnutrición buscan mejorar la salud y el desarrollo integral de los niños y niñas, y brindar apoyo a sus familias para lograr este objetivo.","La pregunta solicita una comparación entre las metas de la norma PCD-GF-N-01 (Educación al Grupo Familiar) y los objetivos de las ""sesiones de apoyo"" en el abordaje integral de casos de malnutrición severa. Sin embargo, en el contexto proporcionado, no se menciona la norma PCD-GF-N-01 ni se detalla específicamente la diferencia entre las ""sesiones de apoyo"" y las ""sesiones educativas a grupos de padres, madres y encargados"". Por lo tanto, no tengo suficiente información para realizar una comparación precisa.

Respuesta: No tengo suficiente información para comparar las metas de la norma PCD-GF-N-01 con los objetivos de las ""sesiones de apoyo"" en el abordaje integral de casos de malnutrición severa, ya que dicha norma no se menciona en el contexto proporcionado."
abierta_090,abierta,"Analice cómo el modelo SISVENDIS 2023 integra la vigilancia de la ""diversidad alimentaria mínima"" como un determinante crítico que complementa la valoración antropométrica tradicional.","El SISVENDIS 2023 trasciende la medición del peso y talla al incluir la consulta sobre diversidad alimentaria como un tamizaje regular registrado en el expediente. Esta variable evalúa si el niño consume alimentos de al menos cuatro grupos distintos en las últimas 24 horas, permitiendo detectar carencias de micronutrientes incluso si el peso es aparentemente normal. Al integrar este dato en la herramienta de vigilancia, la institución puede identificar hogares con inseguridad alimentaria cualitativa de forma temprana. Este complemento es vital para las ""acciones de doble propósito"", ya que permite orientar la educación nutricional hacia la calidad de la dieta, previniendo tanto la desnutrición oculta como la obesidad.","Source document: SISVENDIS-2023.pdf
Page/section: Páginas 29, 35 y 75-78 de 79 (Tabla 3)
Supporting excerpt: ""Consulta sobre diversidad alimentaria mínima: Cantidad de grupos de alimentos consumidos por la niña o niño en las últimas 24 horas... Logro: 5 grupos o más... La finalidad de este cuestionario es reflejar un puntaje de diversidad alimentaria, de tal forma que se logre Reforzar el consumo de los otros grupos de alimentos no consumidos...""","No tengo suficiente información en el contexto proporcionado para analizar cómo el modelo SISVENDIS 2023 integra la vigilancia de la ""diversidad alimentaria mínima"" como un determinante crítico que complementa la valoración antropométrica tradicional. El contexto menciona aspectos del modelo operativo SISVENDIS y sus componentes, pero no se hace referencia específica a la diversidad alimentaria mínima como un factor de vigilancia.","No tengo suficiente información para analizar cómo el modelo SISVENDIS 2023 integra la vigilancia de la ""diversidad alimentaria mínima"" como un determinante crítico que complementa la valoración antropométrica tradicional, ya que este tema no se aborda en el contexto proporcionado.","La pregunta se refiere a cómo el modelo SISVENDIS 2023 integra la vigilancia de la ""diversidad alimentaria mínima"" como un determinante crítico que complementa la valoración antropométrica tradicional. Sin embargo, en el contexto proporcionado, no se menciona explícitamente la ""diversidad alimentaria mínima"" como un componente del modelo SISVENDIS 2023. El contexto describe los elementos del modelo, los tamizajes incluidos, y las funciones de vigilancia nutricional, pero no se hace referencia a la diversidad alimentaria mínima como un determinante crítico.

Por lo tanto, no tengo suficiente información para responder cómo el modelo SISVENDIS 2023 integra específicamente la vigilancia de la ""diversidad alimentaria mínima""."
abierta_091,abierta,"Explique el manejo administrativo y técnico de un niño con estatus migratorio ""indocumentado"" dentro del sistema de vigilancia, detallando cómo se registra su información sin vulnerar su derecho a la atención.","CEN-CINAI garantiza la atención integral de toda persona menor de edad independientemente de su condición migratoria, fundamentado en el enfoque de derechos de la niñez. Administrativamente, la herramienta digital permite ingresar la palabra ""indocumentado"" o códigos alfanuméricos provisionales en el campo de identificación para no bloquear el proceso de ingreso. Técnicamente, el niño recibe todos los tamizajes de crecimiento, desarrollo y salud bajo el mismo protocolo que un beneficiario con documentos nacionales. Esta práctica asegura que la vigilancia epidemiológica institucional sea inclusiva y que el menor reciba los servicios de nutrición y protección necesarios mientras se regulariza su situación jurídica en el país.","Source document: Procedimiento_Atencin_Interdisciplinaria_Malnutricin_Versin_02_2020.pdf; Normas-sustantivas-CEN-CINAI-30-09-2021.pdf; SISVENDIS-2023.pdf
Page/section: Procedimiento_Atencin_Interdisciplinaria_Malnutricin_Versin_02_2020.pdf: Páginas 64, 90-91 de 140; Normas-sustantivas-CEN-CINAI-30-09-2021.pdf: Página 10 de 20; SISVENDIS-2023.pdf: Página 36 de 79
Supporting excerpt: ""Si la persona no posee ningún tipo de documento, anote la palabra sin documentos en este espacio."" / ""Identificación: Filtro Pueden ser datos numéricos, alfanuméricos, indocumentado."" / ""Todas las niñas, niños... en condición de pobreza o riesgo social se le aplicará el estudio de selección...""","El contexto proporcionado no contiene información específica sobre el manejo administrativo y técnico de un niño con estatus migratorio ""indocumentado"" dentro del sistema de vigilancia, ni sobre cómo se registra su información sin vulnerar su derecho a la atención. Por lo tanto, no puedo responder a la pregunta basándome únicamente en la información dada.","No tengo suficiente información para responder a la pregunta sobre el manejo administrativo y técnico de un niño con estatus migratorio ""indocumentado"" dentro del sistema de vigilancia, ya que el contexto proporcionado no aborda específicamente este tema. El contexto se enfoca en el procedimiento para la atención interdisciplinaria del niño o niña con malnutrición, sin mencionar detalles sobre el manejo de casos con estatus migratorio indocumentado.","La información proporcionada en el contexto no menciona específicamente cómo se maneja administrativamente y técnicamente la atención de un niño con estatus migratorio ""indocumentado"" dentro del sistema de vigilancia. Por lo tanto, no tengo suficiente información para responder la pregunta."
abierta_092,abierta,"Describa la evolución histórica de los informes de ""Datos Básicos"" desde el año 2002 hasta la actualidad, destacando el cambio del procesamiento manual a la digitalización en Excel por niveles.","Históricamente, los informes de ""Datos Básicos"" iniciaron como resúmenes manuales de tamizajes que se enviaban físicamente para su consolidación nacional, lo que generaba retrasos importantes en el análisis. A partir de la implementación de modelos como SISVENDI y el actual SISVENDIS 2023, el proceso se ha digitalizado mediante herramientas Excel estandarizadas en las Oficinas Locales. Esto permite que la información de cada niño se digite localmente y fluya electrónicamente hacia los niveles regionales para la generación de informes automáticos de ejecución programática. Esta evolución ha mejorado drásticamente la oportunidad y calidad del dato, permitiendo a los tomadores de decisión contar con infografías de tendencias nacionales en tiempo real.","Source document: SISVENDIS-2023.pdf
Page/section: Páginas 27-29 y 54-58 de 79 (Tabla 2: Evolución del informe datos básicos)
Supporting excerpt: ""...donde se recopilaba de forma manual y anual, los datos de todos los expedientes... A partir del año 2010, la UIVCD actualiza el instrumento para recolección de datos básicos y se diseña una herramienta en Excel para el registro, consolidación y uso en cada uno de los niveles de gestión (local, regional y nacional)...""","Desde el año 2002 hasta la actualidad, los informes de ""Datos Básicos"" han pasado por varias etapas de evolución, destacando el cambio del procesamiento manual a la digitalización en Excel por niveles:

- **2002 al 2008**: Durante este período, se generaban informes que contenían las características socioeconómicas, el estado nutricional, y el nivel de desarrollo de la población atendida. No se menciona explícitamente el uso de herramientas digitales en este intervalo.

- **2009 al 2011**: Se introduce la generación de informes por nivel de gestión, permitiendo el análisis de datos recopilados por establecimiento, región y para todo el país. Se cuenta con herramientas digitales en Excel para la captura y procesamiento de datos por establecimiento y por nivel de gestión, marcando el inicio de la digitalización.

- **2011 al 2017**: Se continúa con la generación de informes por nivel de gestión, pero ahora se presentan datos de estado nutricional y del nivel de desarrollo por cantón y provincia. Además, se incorporan series históricas de resultados de la vigilancia desde el año 2002 hasta la fecha y se elaboran brochures con el resumen de los resultados.

Estas fases muestran una progresiva digitalización y refinamiento en la captura y análisis de datos, facilitando la gestión y la toma de decisiones en diferentes niveles organizativos.","La evolución histórica de los informes de ""Datos Básicos"" desde el año 2002 hasta la actualidad se puede describir de la siguiente manera:

- **2002-2008**: Los informes de ""Datos Básicos"" contenían características socioeconómicas, estado nutricional y nivel de desarrollo de la población atendida. En este período, no se menciona el uso de herramientas digitales para el procesamiento de datos.

- **2009-2011**: Se introdujo la generación de informes por nivel de gestión, lo que permitió el análisis de datos recopilados por establecimiento, región y a nivel nacional. Fue en este período cuando se comenzó a utilizar una herramienta digital en Excel para la captura y procesamiento de datos por establecimiento y por nivel de gestión.

- **2011-2017**: Continuó la generación de informes por nivel de gestión, permitiendo análisis comparativos e identificación de áreas o establecimientos prioritarios. La herramienta digital en Excel siguió siendo utilizada para la captura y procesamiento de datos. Además, se incorporaron datos de estado nutricional y del nivel del desarrollo por cantón y provincia, y se inició la inclusión de series históricas de resultados de la vigilancia desde el año 2002.

- **Actualidad**: Aunque el texto no proporciona una fecha específica de corte para la ""actualidad"", se puede inferir que los informes de ""Datos Básicos"" siguen evolucionando con el uso de herramientas digitales en Excel para diferentes niveles de gestión (Oficina Local, Área Técnica Regional y Unidad de Investigación y Vigilancia del Crecimiento y Desarrollo). La digitalización ha permitido una mayor eficiencia en el procesamiento y análisis de datos, facilitando la toma de decisiones informadas en los diferentes niveles de gestión.

En resumen, la evolución de los informes de ""Datos Básicos"" ha transitado desde un procesamiento manual y descripciones generales hacia una digitalización que permite análisis detallados y comparativos por diferentes niveles geográficos y de gestión, gracias al uso de herramientas en Excel.","La evolución histórica de los informes de ""Datos Básicos"" desde el año 2002 hasta la actualidad, con énfasis en el cambio del procesamiento manual a la digitalización en Excel por niveles, se puede resumir de la siguiente manera:

1. **2002 al 2008**: Se generaban informes con datos básicos, incluyendo características socioeconómicas, estado nutricional y nivel de desarrollo de la población atendida. En este período, no se menciona el uso de herramientas digitales, lo que sugiere un procesamiento manual.

2. **2009 al 2011**: Se introduce el procesamiento de datos por niveles de gestión (establecimiento, región, país) utilizando herramientas digitales en Excel. Esto marca el inicio de la digitalización, permitiendo un análisis comparativo y la identificación de áreas prioritarias.

3. **2011 al 2017**: Se consolidan las herramientas digitales en Excel para la captura y procesamiento de datos por establecimiento y nivel de gestión. Se incorporan series históricas de resultados de vigilancia desde 2002, y se elaboran informes más detallados, incluyendo datos por cantón y provincia.

4. **Actualidad (2023)**: Se cuenta con herramientas en Excel para la captura de datos por establecimiento, consolidación de datos básicos por Oficina Local, Dirección Regional y país. Además, se han introducido tamizajes de vigilancia del crecimiento y desarrollo, y se han actualizado los instrumentos de recolección y los informes anuales.

En resumen, desde 2002 hasta la actualidad, los informes de ""Datos Básicos"" han evolucionado de un procesamiento manual a una digitalización completa en Excel, permitiendo un análisis más detallado y eficiente por niveles de gestión."
abierta_093,abierta,"Analice la relación jerárquica entre el Diagnóstico de Establecimiento (DISSEN) y el Análisis de Situación (ASSISEN), explicando cómo la información local se transforma en insumo para la toma de decisiones nacional.","El DISSEN funciona como la base de la pirámide informativa, recolectando variables socioeconómicas, de salud y nutrición de los niños en cada establecimiento específico. Estos diagnósticos locales son procesados y armonizados regionalmente para elaborar el ASSISEN Regional, el cual identifica tendencias y problemáticas epidemiológicas de un área geográfica mayor. Finalmente, los ASSISEN de todas las regiones se consolidan en el Análisis de Situación Nacional a cargo de la UIVCD. Esta estructura permite que una necesidad detectada en un CEN-CINAI rural se transforme en un insumo estadístico que justifica la creación de nuevas normas técnicas o la reasignación de presupuestos a nivel nacional.","Source document: SISVENDIS-2023.pdf
Page/section: Páginas 42-44 y 51-53 de 79 (Sección C: Diagnóstico de establecimiento DISSEN y ASSISEN)
Supporting excerpt: ""Los DISSEN de cada establecimiento son a su vez, insumo para la elaboración del Análisis de situación socioeconómica, salud, educación y nutrición (ASSISEN) del nivel local, regional y nacional... de manera que se logra elaborar 634 DISSEN, 41 ASISSEN de oficina local y 9 ASISSEN de Dirección Regional, todos insumo para el ASISSEN de país...""","El Diagnóstico de Establecimiento (DISSEN) es un documento que recoge información específica sobre el contexto socioeconómico, de salud, educación y nutrición de la población atendida por cada establecimiento CEN-CINAI. Esta información se utiliza para entender la situación general de la población en el área de cobertura de cada establecimiento.

Por otro lado, el Análisis de Situación (ASSISEN) es un proceso que se realiza a nivel local, regional y nacional, y que se basa en los datos recogidos a través de los DISSEN de cada establecimiento. El ASSISEN toma la información recolectada a nivel local y la analiza para generar propuestas de mejora y planes de acción que respondan a las necesidades de la población materno-infantil, considerando las particularidades y necesidades locales, regionales y territoriales.

En resumen, la información recolectada a nivel local a través del DISSEN se convierte en un insumo crucial para la elaboración del ASSISEN, que a su vez sirve como base para la toma de decisiones a nivel nacional, permitiendo una gestión más efectiva y orientada a las necesidades reales de la población.","El Diagnóstico de Establecimiento (DISSEN) y el Análisis de Situación (ASSISEN) son instrumentos utilizados por la Dirección Nacional de CEN-CINAI para conocer y analizar la situación socioeconómica, de salud, educación y nutrición de las comunidades donde se prestan servicios de salud. A continuación, se explica la relación jerárquica entre ellos y cómo la información local se transforma en insumo para la toma de decisiones nacional:

1. **DISSEN (Diagnóstico de Establecimiento)**: Es un documento que recoge información sobre la población residente en el área de cobertura de cada establecimiento CEN-CINAI. Incluye variables socioeconómicas, de salud, educación y nutrición. Cada establecimiento CEN-CINAI tiene su propio DISSEN, que se utiliza para entender las necesidades y contexto específicos de su comunidad.

2. **ASSISEN (Análisis de Situación)**: El ASSISEN es un análisis que se realiza a partir de la información recopilada en los DISSEN de diferentes establecimientos CEN-CINAI. Existen ASSISEN a nivel local, regional y nacional. Cada ASSISEN tiene una metodología específica para su elaboración y armonización de resultados.

**Relación Jerárquica**:
- Los DISSEN son la base de la información. Cada establecimiento CEN-CINAI genera su propio DISSEN, que refleja la situación de su comunidad.
- La información de los DISSEN de varios establecimientos se compila y analiza para generar un ASSISEN a nivel local.
- Los ASSISEN locales se combinan y analizan a su vez para generar ASSISEN regionales.
- Finalmente, los ASSISEN regionales se sintetizan para producir un ASSISEN nacional.

**Transformación de Información Local en Insumo para la Toma de Decisiones Nacional**:
- La información local recopilada en los DISSEN es fundamental porque proporciona una visión detallada de las necesidades y desafíos específicos de cada comunidad.
- A medida que esta información se compila y analiza en los diferentes niveles (local, regional, nacional), se identifican patrones, tendencias y desafíos","El Diagnóstico de Establecimiento (DISSEN) y el Análisis de Situación (ASSISEN) tienen una relación jerárquica en la que la información local se transforma en insumo para la toma de decisiones nacional. El DISSEN se realiza a nivel local, recopilando datos socioeconómicos, de salud, nutrición, demográficos y ambientales de las comunidades donde se ubican los establecimientos CEN-CINAI. Estos datos se utilizan para elaborar el Análisis de Situación (ASSISEN) a nivel local, regional y nacional. A su vez, los ASSISEN a nivel regional y nacional integran información de múltiples establecimientos, permitiendo una visión global que orienta las decisiones y políticas a nivel nacional."
abierta_094,abierta,"Explique el concepto de ""acciones de doble propósito"" en el abordaje de la malnutrición y cómo estas buscan reducir simultáneamente el riesgo de deficiencias nutricionales y el exceso de peso (obesidad).","Las acciones de doble propósito son intervenciones diseñadas para impactar de forma positiva en los dos extremos de la malnutrición a través de una misma estrategia. Por ejemplo, la promoción de la lactancia materna exclusiva protege al lactante contra la desnutrición aguda y, simultáneamente, reduce el riesgo de obesidad futura. Otro ejemplo es el suministro de alimentos fortificados de alta calidad nutricional que sustituyen el consumo de productos ultraprocesados en el hogar. Este enfoque es central en el SISVENDIS 2023, ya que permite al equipo interdisciplinario optimizar sus planes de atención para lograr una composición corporal saludable en toda la población atendida.","Source document: SISVENDIS-2023.pdf
Page/section: Páginas 17-19 y 74 de 79 (Sección Acciones de doble propósito)
Supporting excerpt: ""Acciones de doble propósito: son acciones dirigidas a abordar eficazmente la malnutrición en todas sus formas en una manera más holística simultáneamente la desnutrición y los problemas de sobrepeso, obesidad y enfermedades no transmisibles... con la misma intervención, programa o política.""","El concepto de ""acciones de doble propósito"" en el abordaje de la malnutrición se refiere a técnicas o acciones diseñadas para prevenir o reducir simultáneamente el riesgo de deficiencias nutricionales que llevan a condiciones como bajo peso, emaciación, retraso del crecimiento o deficiencias de micronutrientes, y también el riesgo de obesidad y enfermedades no transmisibles relacionadas con la dieta. Este enfoque busca abordar eficazmente la malnutrición en todas sus formas de manera más holística, incorporando acciones conjuntas que beneficien tanto a quienes presentan desnutrición como a quienes padecen sobrepeso u obesidad. Este tipo de estrategias se implementan con un enfoque de salud pública y son propuestas por equipos interdisciplinarios para lograr la recuperación en el crecimiento y desarrollo infantil, así como mejorar la salud de niñas y niños con malnutrición o situaciones de riesgo biopsicosocial.","Las ""acciones de doble propósito"" se refieren a estrategias y intervenciones diseñadas para abordar simultáneamente la desnutrición y el sobrepeso u obesidad, así como las enfermedades no transmisibles relacionadas con la dieta. Estas acciones buscan reducir el riesgo de deficiencias nutricionales, como el bajo peso, la desnutrición aguda y el retraso del crecimiento, al mismo tiempo que se abordan los problemas de sobrepeso y obesidad.

El objetivo de estas acciones es abordar la ""doble carga de la malnutrición"" (DCM), que se refiere a la coexistencia de la desnutrición y el sobrepeso u obesidad en una misma población. La DCM es un problema de salud pública que perjudica la salud a lo largo de la vida, especialmente en la infancia y la adolescencia.

Las acciones de doble propósito pueden incluir intervenciones como la promoción de una alimentación saludable, la educación nutricional, la actividad física regular, la detección temprana de problemas de nutrición y la atención médica integral. Estas acciones pueden ser implementadas a nivel individual, familiar, comunitario o nacional, y requieren la colaboración de diferentes sectores, como la salud, la educación y la agricultura.

En resumen, las acciones de doble propósito son estrategias integrales que buscan reducir simultáneamente el riesgo de deficiencias nutricionales y el exceso de peso, con el objetivo de mejorar la salud y el bienestar de las personas, especialmente en la infancia y la adolescencia.","""Acciones de doble propósito"" se refieren a estrategias implementadas para abordar simultáneamente la desnutrición y los problemas de sobrepeso, obesidad y enfermedades no transmisibles relacionadas con la dieta. Estas acciones buscan reducir el riesgo de deficiencias nutricionales que conducen a bajo peso, emaciación, retraso del crecimiento o deficiencias de micronutrientes, y también abordan la obesidad y enfermedades relacionadas con la dieta. Estas intervenciones se proponen como una forma más holística de abordar la malnutrición en todas sus formas, beneficiando tanto a los niños con desnutrición como a aquellos con sobrepeso u obesidad."
abierta_095,abierta,Describa las responsabilidades específicas de la Jefatura de Área Técnica Regional en la supervisión de la calidad del dato y la elaboración del informe consolidado regional de malnutrición.,"La Jefatura Regional es el garante técnico de la veracidad de la información generada en su jurisdicción. Entre sus responsabilidades está la aplicación de revisiones de calidad a las herramientas Excel de las Oficinas Locales para corregir errores de fórmula o inconsistencias de edad. Debe consolidar todos los tamizajes nutricionales y del desarrollo para elaborar el informe anual regional, integrando reflexiones analíticas sobre el cumplimiento de metas sustantivas. Además, esta jefatura coordina las acciones de asesoría técnica y capacitación para el personal operativo, asegurando que las Oficinas Locales apliquen correctamente los protocolos de egreso y seguimiento interdisciplinario definidos por el nivel central.","Source document: Procedimiento_Atencin_Interdisciplinaria_Malnutricin_Versin_02_2020.pdf; SISVENDIS-2023.pdf
Page/section: Procedimiento_Atencin_Interdisciplinaria_Malnutricin_Versin_02_2020.pdf: Páginas 33-35, 89-94 (Anexo 5) y 98-99 (Anexo 6); SISVENDIS-2023.pdf: Páginas 37 y 51 de 79
Supporting excerpt: ""Jefatura de Área Técnica Regional... Posterior al control de calidad de las herramientas, la Jefatura de Área Técnica Regional envía las herramientas completas y actualizadas... Elaborar informe regional de la atención interdisciplinaria... Plazos: La información recopilada comprende un periodo de un año calendario (Enero a Diciembre). Se envía en Febrero del año siguiente...""","La Jefatura de Área Técnica Regional tiene varias responsabilidades específicas en la supervisión de la calidad del dato y la elaboración del informe consolidado regional de malnutrición:

1. Solicitar el envío de la herramienta de seguimiento interdisciplinario de niños y niñas con malnutrición de cada Oficina Local para su revisión, análisis y control de calidad, de forma colaborativa con el equipo interdisciplinario de Área Técnica.
2. Realizar el monitoreo del cumplimiento del procedimiento de atención interdisciplinaria del niño o niña con malnutrición.
3. Revisar, hacer control de calidad y revisar cuadros de salida de la herramienta de seguimiento interdisciplinario.
4. Gestionar las acciones de mejora del contenido de la herramienta cuando sea necesario, con el equipo interdisciplinario.
5. Enviar las herramientas completas y actualizadas de las Oficinas Locales de la región a la Unidad de Investigación y Vigilancia del Crecimiento y Desarrollo (UIVCD) en el nivel central, para insumo en los estudios de efectos de país.
6. Elaborar un informe regional de la atención interdisciplinaria del niño o niña con malnutrición, que incluye las estrategias de seguimiento infantil, las supervisiones realizadas y los cuadros de salida de la herramienta de seguimiento interdisciplinario del niño o niña con malnutrición. Este informe se envía al nivel nacional como parte del sistema de vigilancia nutricional de CEN-CINAI.

Estas responsabilidades se llevan a cabo de manera periódica, con herramientas enviadas cada cuatrimestre (abril, agosto, diciembre), y el informe consolidado se envía anualmente, en febrero del año siguiente.","La Jefatura de Área Técnica Regional es responsable de supervisar la calidad del dato y elaborar el informe consolidado regional de malnutrición. Sus responsabilidades incluyen:

1. Solicitar el envío de la herramienta de seguimiento interdisciplinario de niños y niñas con malnutrición de cada Oficina Local para su revisión, análisis y control de calidad.
2. Revisar y analizar los cuadros de salida de la herramienta de seguimiento interdisciplinario para identificar oportunidades de mejora.
3. Gestionar acciones de mejora con el equipo interdisciplinario de Área Técnica cuando sea necesario.
4. Elaborar un informe anual de atención interdisciplinaria de los niños y niñas con malnutrición, que incluya las estrategias de seguimiento infantil, las supervisiones realizadas y los cuadros de salida de la herramienta de seguimiento interdisciplinario.
5. Enviar el informe consolidado regional a la Unidad de Investigación y Vigilancia del Crecimiento y Desarrollo (UIVCD) en el nivel central para su evaluación y toma de decisiones.

En general, la Jefatura de Área Técnica Regional actúa como garante de la calidad y la efectividad del procedimiento de atención interdisciplinaria del niño o niña con malnutrición en su región, y su función es crucial para asegurar que se cumplan los objetivos del procedimiento y se mejoren los resultados en la lucha contra la malnutrición.","La Jefatura de Área Técnica Regional tiene las siguientes responsabilidades específicas en la supervisión de la calidad del dato y la elaboración del informe consolidado regional de malnutrición:

1. **Solicitar y revisar herramientas de seguimiento**: La Jefatura solicita el envío de la herramienta de seguimiento interdisciplinario de cada Oficina Local para su revisión, análisis y control de calidad, colaborando con el equipo interdisciplinario de Área Técnica.

2. **Gestión de acciones de mejora**: Cuando sea necesario, solicita a la Jefatura de Oficina Local las acciones de mejora y el instrumento de autoevaluación.

3. **Elaborar informe regional**: Se encarga de emitir un informe anual de atención interdisciplinaria de los niños y niñas con malnutrición, que incluye las estrategias de seguimiento infantil, las supervisiones realizadas y los cuadros de salida de la herramienta de seguimiento interdisciplinario.

4. **Enviar herramientas actualizadas**: Posterior al control de calidad, envía las herramientas completas y actualizadas de las Oficinas Locales a la Unidad de Investigación y Vigilancia del Crecimiento y Desarrollo en el nivel central.

5. **Periodicidad y responsables**: La revisión y control de calidad se realizan cada cuatrimestre (abril, agosto, diciembre), y el informe regional se elabora anualmente, siendo la Jefatura de Área Técnica Regional responsable de su emisión y envío al nivel nacional.

Estas responsabilidades se detallan en los documentos y procedimientos establecidos, como la Guía para revisión de la calidad de la herramienta y la Guía para la elaboración de informes y monitoreo."
abierta_096,abierta,Analice el impacto de la lactancia materna exclusiva frente al destete antes de los 12 meses en la clasificación del riesgo individual de un niño dentro del instrumento de detección inicial.,"El instrumento de detección clasifica la lactancia materna exclusiva como un factor protector fundamental, cuyo tiempo de duración debe registrarse en meses para interpretar la historia nutricional del menor. Por el contrario, el destete antes de los 12 meses se cataloga como un indicador de riesgo individual crítico que el personal debe marcar con una ""X"" en el expediente. Este dato impacta la clasificación de los grupos de riesgo, ya que una práctica de lactancia limitada se asocia técnicamente con la aparición de baja talla y desnutrición crónica. Al integrar esta información, el equipo interdisciplinario puede elevar la prioridad del caso, entendiendo que el entorno biológico inicial del niño presenta una vulnerabilidad que requiere estrategias de educación alimentaria reforzadas para la familia.","Source document: Procedimiento_Atencin_Interdisciplinaria_Malnutricin_Versin_02_2020.pdf; Manual-operativo-Evaluacion-estado-nutricional-2019.pdf
Page/section: Procedimiento_Atencin_Interdisciplinaria_Malnutricin_Versin_02_2020.pdf: Páginas 40, 42, 63, 67, 92-93 de 140; Manual-operativo-Evaluacion-estado-nutricional-2019.pdf: Páginas 8-11 de 48
Supporting excerpt: ""Individual: Bajo peso al nacer, edad gestacional, presencia de enfermedad, ausencia de lactancia materna o destete antes de los 12 meses de edad."" / ""Destete antes de los 12 meses de edad: Anote una X... Implica una posible práctica de lactancia materna limitada...""","El contexto proporcionado no ofrece un análisis directo del impacto específico de la lactancia materna exclusiva frente al destete antes de los 12 meses en la clasificación del riesgo individual de un niño dentro del instrumento de detección inicial. Sin embargo, se menciona que se debe anotar si el niño o niña se le suspendió la lactancia materna antes de los 12 meses de edad, lo cual sugiere que este dato es relevante para la evaluación, pero no se explica cómo exactamente influye en la clasificación del riesgo individual. Por lo tanto, no tengo suficiente información para analizar el impacto directo en la clasificación del riesgo individual basándome solo en el contexto dado.","La lactancia materna exclusiva y el destete antes de los 12 meses son factores importantes en la clasificación del riesgo individual de un niño dentro del instrumento de detección inicial. La lactancia materna exclusiva se considera un factor protector, ya que proporciona al niño los nutrientes y anticuerpos necesarios para su crecimiento y desarrollo saludable. Por otro lado, el destete antes de los 12 meses puede considerarse un factor de riesgo, ya que puede afectar negativamente la salud y el desarrollo del niño.

En el instrumento de detección inicial, se pregunta si el niño recibió lactancia materna exclusiva y durante cuánto tiempo, así como si se produjo un destete antes de los 12 meses. Estos datos se utilizan para evaluar el riesgo individual del niño y determinar si requiere una atención especializada.

En general, se considera que la lactancia materna exclusiva durante los primeros 6 meses de vida es ideal, y que el destete debe producirse de manera gradual y después de los 12 meses. Sin embargo, es importante tener en cuenta que cada niño es único y que las necesidades y circunstancias de cada familia pueden variar.

En resumen, la lactancia materna exclusiva es un factor protector que puede reducir el riesgo individual de un niño, mientras que el destete antes de los 12 meses puede considerarse un factor de riesgo que puede afectar negativamente la salud y el desarrollo del niño. Es importante evaluar estos factores de manera individualizada y considerar las necesidades y circunstancias de cada familia para determinar la mejor forma de apoyar el crecimiento y desarrollo saludable del niño.","La lactancia materna exclusiva se considera un factor protector en la clasificación del riesgo individual de un niño, ya que implica el consumo exclusivo de leche materna sin la introducción de fórmulas lácteas, agua, té o alimentos. Por otro lado, el destete antes de los 12 meses de edad se asocia con un posible aumento en el riesgo individual, ya que puede afectar el desarrollo nutricional y la salud del niño. Ambos factores son registrados en el instrumento de detección inicial para evaluar el riesgo individual."
abierta_097,abierta,"Explique el flujo de coordinación técnica necesario para referir a un niño con ""rezago en comunicación y lenguaje"" a especialistas externos, tras agotar las estrategias de estimulación del personal docente.","El flujo inicia con la aplicación de un plan de estimulación por parte del docente tras detectar un rezago (amarillo) en el área de lenguaje del EDIN II. Si después de tres meses la condición persiste, el personal del establecimiento debe aplicar el Test de Lenguaje específico para profundizar en la valoración fonética. Ante un resultado desfavorable, se realiza la referencia formal al equipo interdisciplinario de la Oficina Local, donde el Terapeuta de Lenguaje asume la conducción técnica del caso. Finalmente, si el equipo determina que la patología trasciende el ámbito educativo-preventivo, gestiona la referencia intersectorial hacia los servicios de salud de la CCSS (EBAIS) para atención clínica especializada. Este proceso asegura una trazabilidad del seguimiento desde la detección local hasta la atención experta.","Source document: Procedimiento_Vigilancia_Crecimientoydesarrollo_intrayextramurosUIVCD.pdf; Procedimiento_Atencin_Interdisciplinaria_Malnutricin_Versin_02_2020.pdf
Page/section: Procedimiento_Vigilancia_Crecimientoydesarrollo_intrayextramurosUIVCD.pdf: Páginas 15, 27 y 33 de 45; Procedimiento_Atencin_Interdisciplinaria_Malnutricin_Versin_02_2020.pdf: Páginas 22, 28, 84-88 de 140
Supporting excerpt: ""Niñas y niños que reciben servicios de CEN-CINAI intramuros y extramuros que presentan rezago en su lenguaje y dificultades de comunicación y que el plan de estimulación del lenguaje no presentó mejoría, son referidos al profesional en Terapia de Lenguaje para la aplicación del test de lenguaje..."" / ""Instrumento de Referencia y Contrarreferencia Intersectorial Redes Integradas de Servicios de Atención – RISA...""","Según el contexto proporcionado, cuando un niño presenta un rezago en áreas específicas como la comunicación y el lenguaje, después de tres meses de aplicación de estrategias de estimulación y estas no han logrado superar el rezago, el equipo interdisciplinario actualiza la estrategia de abordaje y el plan de estimulación. Si aún persiste el problema, se realiza la referencia respectiva a la institución y especialidad que compete. Esto implica que el profesional responsable completa un instrumento de referencia que incluye detalles sobre el niño, la situación y las recomendaciones, y este documento es enviado al Equipo Coordinador de la Red Integrada de Servicios de Atención (RISA) para su análisis y trámite correspondiente. El proceso de referencia se basa en la valoración del niño y en las intervenciones realizadas, y se justifica con los resultados del tamizaje y las condiciones que evidencian la necesidad de atención especializada.","Según el contexto proporcionado, el flujo de coordinación técnica para referir a un niño con ""rezago en comunicación y lenguaje"" a especialistas externos, tras agotar las estrategias de estimulación del personal docente, es el siguiente:

1. **Identificación del rezago**: El personal docente o el equipo interdisciplinario identifica que el niño presenta un rezago en comunicación y lenguaje, lo que se confirma mediante la aplicación de la lista de patrones de Hábitos de salud y el tamizaje en el nivel de desarrollo.

2. **Definición de la estrategia de abordaje**: El equipo interdisciplinario define la estrategia de abordaje y el plan de estimulación para el niño, con el objetivo de superar el rezago en las áreas respectivas.

3. **Aplicación de estrategias de estimulación**: El personal docente aplica las estrategias de estimulación durante un período de tres meses, con el fin de promover el desarrollo del niño y superar el rezago.

4. **Evaluación del progreso**: Después de tres meses, se evalúa el progreso del niño para determinar si ha superado el rezago en las áreas respectivas. Si no ha logrado superar el rezago, se procede a actualizar la estrategia de abordaje y el plan de estimulación.

5. **Referencia a especialistas externos**: Si el niño no logra superar el rezago a pesar de las estrategias de estimulación, el equipo interdisciplinario procede a referirlo a especialistas externos, como logopedas o psicólogos, para una evaluación y tratamiento más especializado.

6. **Uso del instrumento de referencia y contra referencia**: Para referir al niño a especialistas externos, se utiliza el instrumento de referencia y contra referencia, que debe ser llenado con la información necesaria, incluyendo los datos del niño, la institución que envía la referencia, el servicio o especialidad que recibe la referencia, y el detalle de la referencia.

7. **Seguimiento y coordinación**: El equipo interdisciplinario y el personal docente deben mantener un seguimiento del progreso del niño y","Para referir a un niño con ""rezago en comunicación y lenguaje"" a especialistas externos, tras agotar las estrategias de estimulación del personal docente, se debe seguir el siguiente flujo de coordinación técnica:

1. **Identificación del Rezago**: Se identifica que el niño presenta un rezago significativo en las áreas de comunicación y lenguaje, lo que se refleja en los resultados de los tamizajes y evaluaciones realizados.

2. **Actualización de Estrategias**: El equipo interdisciplinario revisa y actualiza las estrategias de abordaje y el plan de estimulación, considerando que las estrategias iniciales no han logrado superar el rezago.

3. **Recomendaciones a los Padres**: Se brindan recomendaciones a los padres o personas encargadas para que realicen actividades de estimulación en el hogar, complementando las acciones del equipo interdisciplinario.

4. **Referencia a Especialistas Externos**: Cuando las estrategias internas no son suficientes, se procede a realizar una referencia a la institución y especialidad correspondiente. Esto se hace mediante el instrumento de contrareferencia intersectorial, detallando los resultados del tamizaje, las intervenciones realizadas y los criterios que justifican la referencia.

5. **Registro y Seguimiento**: Se registra el seguimiento en la herramienta correspondiente y en la hoja de detección y seguimiento, anotando los niveles de rezago (B1, B2, B3) y las acciones realizadas.

6. **Contrareferencia Intersectorial**: El profesional que realiza la referencia envía el formulario de contrareferencia al Equipo Coordinador de la Red Integrada de Servicios de Atención (RISA), detallando los resultados, intervenciones y recomendaciones. El formulario incluye datos generales del niño, dirección, nombre del encargado, teléfono, institución receptora, servicio o especialidad, y detalles de la contrareferencia.

7. **Análisis y Trámite**: El Equipo Coordinador de la RISA analiza la contrareferencia y procede con los trámites necesarios para garantizar el abordaje oportuno del problema identificado, determinando si se da de alta, se requiere tratamiento subsecuente o se refiere a otro nivel de atención.

8. **Seguimiento Posterior**: Se mantiene un seguimiento del caso, registrando las acciones realizadas y los resultados obtenidos, para asegurar que las intervenciones sean efectivas y se logre el desarrollo adecuado del niño.

Este flujo asegura una coordinación interdisciplinaria e intersectorial efectiva, garantizando que el niño reciba la atención especializada necesaria para superar el rezago en comunicación y lenguaje."
abierta_098,abierta,Describa el uso de las infografías de vigilancia como herramientas de gestión y qué tipo de datos clave deben visualizarse para que las Jefaturas de Oficina Local orienten sus recursos.,"Las infografías generadas por la UIVCD funcionan como instrumentos de comunicación visual que simplifican el análisis de datos masivos para la toma de decisiones ágiles en cada nivel de gestión. Para las Jefaturas de Oficina Local, estas herramientas deben visualizar datos claves como el perfil socioeconómico de los beneficiarios y la prevalencia regional de malnutrición y rezagos del desarrollo. Al observar estas tendencias geográficas y demográficas, las jefaturas pueden orientar sus recursos hacia los distritos con mayor vulnerabilidad, priorizando el acompañamiento técnico del equipo itinerante en esos establecimientos. Además, facilitan el monitoreo del cumplimiento de metas institucionales, permitiendo que la gestión local pase de un enfoque puramente administrativo a uno basado en la evidencia epidemiológica del SISVENDIS.","Source document: SISVENDIS-2023.pdf
Page/section: Páginas 37, 44-46, 50, 54-56 y 74 de 79 (Figura 5)
Supporting excerpt: ""Formatos de infografía de datos básicos para uso de Oficina Local... La infografía con los datos claves de los hallazgos de vigilancia... permite el análisis de los resultados de vigilancia para la identificación de áreas geográficas prioritarias... y la toma decisiones sobre las metas de población y destino de los recursos disponibles...""","Según el contexto proporcionado, las infografías de vigilancia son utilizadas como herramientas de gestión para visualizar datos clave que ayudan a las Jefaturas de Oficina Local a orientar sus recursos de manera efectiva. Específicamente, las infografías deben mostrar datos claves de los hallazgos de vigilancia, así como datos socioeconómicos y la cantidad y tipo de población materna-infantil atendida. Estos datos permiten a las jefaturas tomar decisiones informadas y dirigir sus recursos hacia áreas que requieren mayor atención, basándose en la situación actual de salud, crecimiento y desarrollo de la población atendida. Las infografías son generadas tanto a nivel de Oficina Local como de Área Técnica Regional, facilitando así un análisis visual de la información recopilada y consolidada.","Según el contexto proporcionado, las infografías de vigilancia son herramientas utilizadas en los diferentes niveles de gestión para visualizar datos clave de vigilancia. En el nivel de Oficina Local, se generan infografías con los datos claves de los hallazgos de vigilancia, lo que permite a las Jefaturas de Oficina Local orientar sus recursos de manera efectiva.

En particular, las infografías de Oficina Local deben visualizar datos clave como:

* Hallazgos de vigilancia del estado nutricional y desarrollo infantil
* Datos básicos de vigilancia de salud, crecimiento y desarrollo de la población atendida

Estos datos clave permiten a las Jefaturas de Oficina Local tomar decisiones informadas y asignar recursos de manera efectiva para abordar las necesidades de la población atendida. Además, las infografías también se utilizan en los niveles de Área Técnica Regional y Unidad de Investigación y Vigilancia Crecimiento y Desarrollo, donde se visualizan datos clave como:

* Datos socioeconómicos
* Cantidad y tipo de población materna-infantil atendida
* Hallazgos de vigilancia en el nivel regional y nacional

En resumen, las infografías de vigilancia son herramientas valiosas para la gestión en los diferentes niveles de CEN-CINAI, ya que permiten visualizar datos clave y tomar decisiones informadas para orientar los recursos y mejorar la atención a la población atendida.","Las infografías de vigilancia son herramientas clave para las Jefaturas de Oficina Local, ya que permiten visualizar de manera clara y efectiva los datos relevantes que orientan la gestión de recursos. Según el contexto proporcionado, las infografías deben incluir los siguientes datos clave:

1. **Datos socioeconómicos**: Información sobre la población atendida, como características socioeconómicas que influyen en el estado nutricional y el desarrollo infantil.
2. **Cantidad y tipo de población materna-infantil atendida**: Esto incluye el número de mujeres y niños que reciben atención, así como su perfil demográfico y de salud.
3. **Hallazgos de vigilancia**: Resultados de los tamizajes y signos de alerta relacionados con el estado nutricional, desarrollo infantil y salud.
4. **Tendencias en evolución y recuperación**: Datos sobre la progresión y mejoría de los niños en atención interdisciplinaria.
5. **Indicadores antropométricos**:如 perímetro cefálico, peso y talla, que ayudan a identificar casos de macrocefalia o microcefalia, entre otros.

Estos datos permiten a las Jefaturas de Oficina Local tomar decisiones informadas, optimizar recursos y mejorar la atención a las niñas y niños."
abierta_099,abierta,Analice la relevancia de la validación de la prueba EDIN II por la Escuela de Enfermería de la UCR y cómo esta alianza académica fortalece la validez científica de la vigilancia del desarrollo en el país.,"La validación de la prueba EDIN II por parte de la Escuela de Enfermería de la Universidad de Costa Rica otorga un respaldo científico y académico de alto nivel a los procesos de tamizaje institucional. Esta alianza permite que el sistema de vigilancia se fundamente en instrumentos normalizados y actualizados según la realidad biológica y social de la niñez costarricense. Científicamente, el cambio de la escala simplificada al modelo de semáforo por cada hito del desarrollo fortalece la sensibilidad para detectar riesgos tempranos de forma más precisa. Para el SISVENDIS 2023, esto se traduce en una mayor confiabilidad de los datos nacionales, asegurando que las políticas públicas de CEN-CINAI y las evaluaciones de efectos de país se sustenten en una base de evidencia robusta y validada por expertos universitarios.","Source document: Manual-EDIN-II-final-2020.pdf; SISVENDIS-2023.pdf; Procedimiento_Vigilancia_Crecimientoydesarrollo_intrayextramurosUIVCD.pdf
Page/section: Manual-EDIN-II-final-2020.pdf: Páginas 1-3 y 7 de 331; SISVENDIS-2023.pdf: Páginas 11, 31 y 50-52 de 79; Procedimiento_Vigilancia_Crecimientoydesarrollo_intrayextramurosUIVCD.pdf: Página 11 de 45
Supporting excerpt: ""...desarrollada y validada por la Escuela de Enfermería de la Universidad de Costa Rica... Este documento incluye la última versión de la prueba, el instructivo para su implementación y los materiales estandarizados... con el fin de garantizar... la validez y confiabilidad del resultado del desarrollo...""",No tengo suficiente información en el contexto proporcionado para responder a la pregunta sobre la relevancia de la validación de la prueba EDIN II por la Escuela de Enfermería de la UCR y cómo esta alianza académica fortalece la validez científica de la vigilancia del desarrollo en el país. El contexto menciona la validación de la prueba EDIN II pero no especifica la participación de la Escuela de Enfermería de la UCR ni cómo se ha fortalecido la validez científica de la vigilancia del desarrollo en el país a través de esta alianza académica.,"No tengo suficiente información para responder a la pregunta sobre la validación de la prueba EDIN II por la Escuela de Enfermería de la UCR y su impacto en la vigilancia del desarrollo en el país, ya que el contexto proporcionado no menciona esta información específica.","La pregunta solicitada no se puede responder con la información proporcionada, ya que el contexto no menciona la validación de la prueba EDIN II por la Escuela de Enfermería de la UCR ni una alianza académica con dicha institución. Por lo tanto, no tengo suficiente información para analizar la relevancia de dicha validación o cómo esta alianza fortalece la validez científica de la vigilancia del desarrollo en el país."
abierta_100,abierta,"Explique técnica y administrativamente el concepto de ""Año de Protección"" para niños en servicio DAF, detallando los criterios que el equipo interdisciplinario debe verificar para otorgar el egreso satisfactorio.","El ""Año de Protección"" es un periodo técnico de 12 meses de seguimiento obligatorio para niños en el servicio DAF que ya han alcanzado la recuperación nutricional normal. Administrativamente, estos menores se clasifican como Prioridad 4 (Grupo J), manteniendo el beneficio alimentario para evitar recaídas y consolidar su estado de salud. Para otorgar el egreso satisfactorio, el equipo interdisciplinario debe verificar en sesión de trabajo que el niño ha mantenido su estado nutricional normal en todos los indicadores antropométricos durante dicho año. Asimismo, es indispensable comprobar que se han superado satisfactoriamente los rezagos previos en el desarrollo o comunicación, asegurando una evolución integral estable. El proceso culmina con el registro oficial de la condición de egreso en la herramienta Excel y el cierre del expediente de seguimiento interdisciplinario.","Source document: Procedimiento_Atencin_Interdisciplinaria_Malnutricin_Versin_02_2020.pdf; Normas-sustantivas-CEN-CINAI-30-09-2021.pdf
Page/section: Procedimiento_Atencin_Interdisciplinaria_Malnutricin_Versin_02_2020.pdf: Páginas 25, 31-32, 38, 45, 58-60 y 67-68 de 140; Normas-sustantivas-CEN-CINAI-30-09-2021.pdf: Página 13 de 20
Supporting excerpt: ""Grupo J Prioridad 4: Niños y niñas que reciben DAF y han recuperado su estado nutricional normal en todos los indicadores, por lo tanto, se inicia el año de protección en DAF... para que controle el peso y talla a los 10 meses de estar en periodo de protección y verifique su ENU normal... Una vez completado el año de protección... se anota como inactivo en la herramienta...""","Técnicamente y administrativamente, el ""Año de Protección"" para niños en servicio DAF se refiere al período de tiempo después de que un niño o niña ha recuperado su estado nutricional normal, durante el cual se mantiene un seguimiento especializado para asegurar que el niño o niña continúa evolucionando favorablemente. Durante este año, se deben verificar ciertos criterios para confirmar el egreso satisfactorio:

1. **Control de peso y talla**: A los 10 meses desde que el niño o niña ha recuperado su estado nutricional normal, se debe controlar el peso y talla del niño o niña para verificar que su estado nutricional es normal (ENU normal).

2. **Comunicación con ASSC y profesionales del establecimiento**: Se debe comunicar al ASSC y al profesional del establecimiento correspondiente para que realicen el control del peso y talla y verifiquen el estado nutricional.

3. **Registro en la herramienta de seguimiento**: En la herramienta de seguimiento interdisciplinario, se registra que el niño o niña está recuperado y se anota la fecha estimada de exclusión del DAF.

4. **Verificación de la exclusión**: Una vez completado el año de protección, se verifica que el niño o niña esté anotado como inactivo en la herramienta y que no aparezca en el listado DAF del establecimiento.

Estos pasos garantizan que el niño o niña ha superado exitosamente el período de protección y que su estado nutricional se mantiene estable, permitiendo así su egreso del servicio DAF.","El ""Año de Protección"" para niños en servicio DAF se refiere a un período de seguimiento y monitoreo después de que un niño o niña ha recuperado su estado nutricional normal. A continuación, se detallan los criterios técnicos y administrativos para otorgar el egreso satisfactorio:

**Criterios para el egreso satisfactorio:**

1. **Recuperación del estado nutricional normal**: El niño o niña debe haber recuperado su estado nutricional normal, lo que se verifica a través de la evaluación de su peso y talla.
2. **Seguimiento durante un año**: El equipo interdisciplinario debe realizar un seguimiento del niño o niña durante un año después de que haya recuperado su estado nutricional normal.
3. **Verificación de la ENU (Edad Nutricional Útil) normal**: A los 10 meses de estar en período de protección, el equipo interdisciplinario debe verificar que la ENU del niño o niña sea normal.
4. **No presentar problemas de desarrollo**: El niño o niña no debe presentar problemas de desarrollo significativos que requieran atención especializada.

**Procedimiento administrativo:**

1. **Registro en la herramienta de seguimiento**: El equipo interdisciplinario debe registrar en la herramienta de seguimiento interdisciplinario que el niño o niña está recuperado y que el período de protección ha iniciado.
2. **Asignación de prioridad**: Se asigna una prioridad 4 al caso, lo que indica que el niño o niña está en período de protección.
3. **Comunicación con el equipo interdisciplinario**: El equipo interdisciplinario debe comunicarse con el profesional del establecimiento correspondiente para que controle el peso y talla del niño o niña a los 10 meses de estar en período de protección.
4. **Verificación de la exclusión del servicio DAF**: Una vez completado el año de protección, el equipo interdisciplinario debe verificar que el niño o niña no aparezca en el listado DAF del establecimiento.
5. **Archivo del expediente**: El expediente interdisciplinario de seguimiento del niño o niña debe ser archivado en la sede de","El ""Año de Protección"" para niños en servicio DAF se refiere al período de un año que se inicia una vez que el niño o niña ha recuperado su estado nutricional normal. Durante este período, se mantiene el seguimiento interdisciplinario para asegurar que el niño o niña no vuelva a presentar malnutrición. 

Para otorgar el egreso satisfactorio, el equipo interdisciplinario debe verificar los siguientes criterios:

1. **Control del peso y talla**: A los 10 meses de estar en el periodo de protección, se debe controlar el peso y talla del niño o niña para verificar que su estado nutricional se mantenga normal.
2. **Verificación de ENU normal**: Se debe confirmar que el niño o niña mantiene un estado nutricional óptimo (ENU normal) durante todo el año de protección.
3. **Exclusión del servicio DAF**: Una vez completado el año de protección y verificado que el niño o niña mantiene su estado nutricional normal, se procede a excluirlo del servicio DAF y se anota como inactivo en la herramienta de seguimiento interdisciplinario.

Estos criterios aseguran que el niño o niña haya superado completamente la malnutrición y que no haya riesgo de recaída, permitiendo su egreso satisfactorio del programa."
